layer K=7: 21314 jobs over exits [1]
[results/camp_e1] jobs done 0/21314  exhausted 0  NOT exhausted 0  states 0  cpu 0m00s  best depth 0
running 21314 jobs on 1 workers with backsearch_worker_nt  extra=[]
  ** new campaign best: depth 12 (exit 1, U1,L2,L2,U1,R3,U2,L3)
  [1/21314   0.0%] exit 1 U1,L2,L2,U1,R3,U2,L3: exhausted states 201 best 12 0.001s | cpu 0m00s wall 0m00s eta~29m29s best 12
  [2/21314   0.0%] exit 1 U1,L2,U2,L1,D2,L2,D1: exhausted states 3 best 7 0.0s | cpu 0m00s wall 0m00s eta~25m47s best 12
  ** new campaign best: depth 32 (exit 1, R1,U1,U1,U1,L1,L1,D2)
  [3/21314   0.0%] exit 1 R1,U1,U1,U1,L1,L1,D2: exhausted states 31,825 best 32 0.088s | cpu 0m00s wall 0m00s eta~30m36s best 32
  [4/21314   0.0%] exit 1 U1,R2,U1,L1,U1,U3,R3: exhausted states 2 best 7 0.0s | cpu 0m00s wall 0m00s eta~25m46s best 32
  [5/21314   0.0%] exit 1 U1,L3,U3,U1,R2,U2,R1: exhausted states 7 best 8 0.0s | cpu 0m00s wall 0m00s eta~22m57s best 32
  [6/21314   0.0%] exit 1 U1,L2,U3,U2,R3,D1,R2: exhausted states 14 best 8 0.0s | cpu 0m00s wall 0m00s eta~20m41s best 32
  ** new campaign best: depth 52 (exit 1, U1,R3,U3,U2,U1,L1,L1)
  [7/21314   0.0%] exit 1 U1,R3,U3,U2,U1,L1,L1: exhausted states 172,443 best 52 0.66s | cpu 0m00s wall 0m01s eta~52m35s best 52
  [8/21314   0.0%] exit 1 U1,L2,U3,L1,D3,L2,D3: exhausted states 2 best 8 0.0s | cpu 0m00s wall 0m01s eta~47m02s best 52
  [9/21314   0.0%] exit 1 U1,L1,U2,U2,L1,U2,L3: exhausted states 44 best 11 0.0s | cpu 0m00s wall 0m01s eta~42m49s best 52
  [10/21314   0.0%] exit 1 U1,L2,U1,U3,R3,U2,R1: exhausted states 31,323 best 31 0.164s | cpu 0m00s wall 0m01s eta~45m24s best 52
  [11/21314   0.1%] exit 1 U1,L3,U3,L3,U3,L2,D1: exhausted states 16 best 10 0.0s | cpu 0m00s wall 0m01s eta~42m08s best 52
  [12/21314   0.1%] exit 1 L1,U1,L3,U2,U1,U1,R1: exhausted states 800 best 20 0.002s | cpu 0m00s wall 0m01s eta~39m27s best 52
  [13/21314   0.1%] exit 1 U1,L1,L1,U3,L2,D1,D3: exhausted states 1 best 7 0.0s | cpu 0m00s wall 0m01s eta~37m10s best 52
  [14/21314   0.1%] exit 1 U1,L1,L3,U3,U2,R3,U2: exhausted states 2,087 best 21 0.005s | cpu 0m00s wall 0m01s eta~35m14s best 52
  [15/21314   0.1%] exit 1 U1,L3,L2,U2,U2,U2,L3: exhausted states 6 best 8 0.0s | cpu 0m00s wall 0m01s eta~33m25s best 52
  [16/21314   0.1%] exit 1 U1,U1,L2,U2,L3,L1,D1: exhausted states 37 best 10 0.0s | cpu 0m00s wall 0m01s eta~31m55s best 52
  [17/21314   0.1%] exit 1 U1,L1,U3,L3,U3,U1,R3: exhausted states 131 best 11 0.0s | cpu 0m00s wall 0m01s eta~30m36s best 52
  [18/21314   0.1%] exit 1 U1,L1,U2,U1,L1,U3,L2: exhausted states 44 best 11 0.0s | cpu 0m00s wall 0m01s eta~29m26s best 52
  [19/21314   0.1%] exit 1 U1,U1,U1,L3,L1,D2,D1: exhausted states 240 best 19 0.001s | cpu 0m00s wall 0m01s eta~28m30s best 52
  [20/21314   0.1%] exit 1 U1,L2,U2,U2,L2,L2,D1: exhausted states 22 best 9 0.0s | cpu 0m00s wall 0m01s eta~27m31s best 52
  [21/21314   0.1%] exit 1 U1,L3,L1,U2,U2,L3,D1: exhausted states 6 best 7 0.0s | cpu 0m00s wall 0m01s eta~26m37s best 52
  [22/21314   0.1%] exit 1 U1,U1,L3,U3,L1,D2,D1: exhausted states 214 best 19 0.001s | cpu 0m00s wall 0m01s eta~25m49s best 52
  [23/21314   0.1%] exit 1 U1,L2,L1,U2,U1,U3,L2: exhausted states 92 best 17 0.0s | cpu 0m00s wall 0m01s eta~25m03s best 52
  [24/21314   0.1%] exit 1 U1,R3,U3,L1,U1,L3,U1: exhausted states 2,010 best 18 0.004s | cpu 0m00s wall 0m01s eta~24m23s best 52
  [25/21314   0.1%] exit 1 U1,U1,L2,L2,U3,L2,U1: exhausted states 461 best 18 0.002s | cpu 0m00s wall 0m01s eta~23m47s best 52
  [26/21314   0.1%] exit 1 L1,U1,U3,R1,R3,U2,U1: exhausted states 54,888 best 31 0.41s | cpu 0m01s wall 0m02s eta~28m48s best 52
  [27/21314   0.1%] exit 1 U1,L1,U1,U1,R1,R1,D2: exhausted states 4 best 7 0.0s | cpu 0m01s wall 0m02s eta~28m10s best 52
  [28/21314   0.1%] exit 1 U1,U1,L2,U1,R1,U2,R2: exhausted states 2 best 7 0.0s | cpu 0m01s wall 0m02s eta~27m31s best 52
  [29/21314   0.1%] exit 1 U1,L2,U3,R2,R2,U1,U3: exhausted states 78 best 12 0.0s | cpu 0m01s wall 0m02s eta~26m57s best 52
  [30/21314   0.1%] exit 1 U1,L2,L2,U2,R3,U2,L3: exhausted states 201 best 12 0.001s | cpu 0m01s wall 0m02s eta~26m26s best 52
  [31/21314   0.1%] exit 1 R1,U1,U3,L1,L1,L1,U3: exhausted states 529 best 13 0.001s | cpu 0m01s wall 0m02s eta~25m58s best 52
  [32/21314   0.2%] exit 1 U1,U1,L2,L2,U2,U1,L2: exhausted states 2 best 7 0.0s | cpu 0m01s wall 0m02s eta~25m37s best 52
  [33/21314   0.2%] exit 1 U1,U1,L2,L2,U3,L2,U2: exhausted states 82 best 13 0.001s | cpu 0m01s wall 0m02s eta~25m11s best 52
  [34/21314   0.2%] exit 1 U1,U1,R2,U1,L1,L1,U3: exhausted states 9,366 best 26 0.033s | cpu 0m01s wall 0m02s eta~25m07s best 52
  [35/21314   0.2%] exit 1 U1,L1,U1,L2,U3,L3,U3: exhausted states 72 best 12 0.0s | cpu 0m01s wall 0m02s eta~24m40s best 52
  [36/21314   0.2%] exit 1 U1,L2,U2,R3,R1,U3,U2: exhausted states 1,762 best 16 0.005s | cpu 0m01s wall 0m02s eta~24m17s best 52
  [37/21314   0.2%] exit 1 L1,L1,U1,U3,R3,R2,U1: exhausted states 963 best 18 0.004s | cpu 0m01s wall 0m02s eta~23m58s best 52
  [38/21314   0.2%] exit 1 U1,L2,U2,U1,L3,L2,U1: exhausted states 7 best 8 0.0s | cpu 0m01s wall 0m02s eta~23m34s best 52
  [39/21314   0.2%] exit 1 U1,U1,L2,L2,U2,L2,U3: exhausted states 82 best 13 0.0s | cpu 0m01s wall 0m02s eta~23m12s best 52
  [40/21314   0.2%] exit 1 L1,L1,U1,U3,U2,R2,U3: exhausted states 3,506 best 26 0.007s | cpu 0m01s wall 0m02s eta~22m53s best 52
  [41/21314   0.2%] exit 1 U1,L2,L2,U1,U3,U2,L1: exhausted states 19,617 best 30 0.071s | cpu 0m01s wall 0m02s eta~23m10s best 52
  [42/21314   0.2%] exit 1 U1,L2,U1,L3,U2,U1,L3: exhausted states 2 best 7 0.0s | cpu 0m01s wall 0m02s eta~22m48s best 52
  [43/21314   0.2%] exit 1 U1,L3,U1,L3,U1,L1,U2: exhausted states 2 best 7 0.0s | cpu 0m01s wall 0m02s eta~22m28s best 52
  [44/21314   0.2%] exit 1 U1,L1,U1,L2,U2,L3,D1: exhausted states 6 best 7 0.0s | cpu 0m01s wall 0m02s eta~22m12s best 52
  [45/21314   0.2%] exit 1 U1,L2,U3,R1,R1,U3,U2: exhausted states 1,609 best 17 0.008s | cpu 0m01s wall 0m02s eta~22m01s best 52
  [46/21314   0.2%] exit 1 U1,U1,L2,L2,L2,U1,U3: exhausted states 42 best 11 0.0s | cpu 0m01s wall 0m02s eta~21m46s best 52
  [47/21314   0.2%] exit 1 U1,L3,U3,R3,U2,R3,D2: exhausted states 1 best 7 0.0s | cpu 0m01s wall 0m02s eta~21m32s best 52
  [48/21314   0.2%] exit 1 U1,L3,L1,U3,L1,U2,U2: exhausted states 1,252 best 24 0.005s | cpu 0m01s wall 0m02s eta~21m20s best 52
  [49/21314   0.2%] exit 1 U1,U1,U3,L2,U2,R1,R3: exhausted states 24 best 10 0.0s | cpu 0m01s wall 0m02s eta~21m05s best 52
  [50/21314   0.2%] exit 1 U1,L1,U1,L2,L1,D3,D1: exhausted states 8 best 8 0.0s | cpu 0m01s wall 0m02s eta~20m52s best 52
[results/camp_e1] jobs done 50/21314  exhausted 50  NOT exhausted 0  states 336,138  cpu 0m01s  best depth 52
   exit 1: 50/21314 jobs, best 52, cpu 0m01s
running 21264 jobs on 1 workers with backsearch_worker_nt  extra=[]
  [51/21314   0.2%] exit 1 U1,U1,L2,L2,U2,L3,D1: exhausted states 548 best 17 0.002s | cpu 0m01s wall 0m00s eta~15m38s best 52
  [52/21314   0.2%] exit 1 U1,L1,L3,U3,L2,U3,U2: exhausted states 61,578 best 33 0.442s | cpu 0m01s wall 0m00s eta~1h29m best 52
  [53/21314   0.2%] exit 1 U1,L3,L2,U2,R3,U1,U1: exhausted states 84 best 11 0.0s | cpu 0m01s wall 0m00s eta~1h02m best 52
[results/camp_e1] jobs done 53/21314  exhausted 53  split 0  NOT exhausted 0  states 398,348  cpu 0m01s  best depth 52
   exit 1: 53/21314 jobs, best 52, cpu 0m01s
running 21261 jobs on 2 workers with backsearch_worker_nt  extra=[]
  [54/21314   0.3%] exit 1 U1,U1,L1,U1,L2,L2,U3: exhausted states 6 best 8 0.0s | cpu 0m01s wall 0m00s eta~17m48s best 52
  [55/21314   0.3%] exit 1 U1,L3,U1,L3,U1,L3,U3: exhausted states 96 best 13 0.001s | cpu 0m01s wall 0m00s eta~9m13s best 52
  [56/21314   0.3%] exit 1 L1,L1,U1,U1,U3,U1,L2: exhausted states 2 best 7 0.0s | cpu 0m01s wall 0m00s eta~9m36s best 52
  [57/21314   0.3%] exit 1 U1,U1,L2,L1,U3,L1,D2: exhausted states 29 best 10 0.0s | cpu 0m01s wall 0m00s eta~7m16s best 52
  [58/21314   0.3%] exit 1 U1,R2,U2,L1,L1,U1,L2: exhausted states 511 best 14 0.001s | cpu 0m01s wall 0m00s eta~7m09s best 52
  [59/21314   0.3%] exit 1 U1,U1,L1,U3,L1,L1,U2: exhausted states 2 best 7 0.0s | cpu 0m01s wall 0m00s eta~6m02s best 52
  [60/21314   0.3%] exit 1 U1,L2,U1,U1,R2,R2,D3: exhausted states 11 best 9 0.0s | cpu 0m01s wall 0m00s eta~6m07s best 52
  [61/21314   0.3%] exit 1 U1,L1,U3,U1,L1,L3,U3: exhausted states 224 best 13 0.001s | cpu 0m01s wall 0m00s eta~5m27s best 52
  [62/21314   0.3%] exit 1 U1,L1,U1,L1,U1,L1,U3: exhausted states 2 best 7 0.0s | cpu 0m01s wall 0m00s eta~5m37s best 52
  [63/21314   0.3%] exit 1 U1,L1,L1,U3,U2,L1,D2: exhausted states 3 best 7 0.0s | cpu 0m01s wall 0m00s eta~5m04s best 52
  [64/21314   0.3%] exit 1 L1,U1,L3,U3,R3,U2,R3: exhausted states 860 best 16 0.002s | cpu 0m01s wall 0m00s eta~5m23s best 52
  [65/21314   0.3%] exit 1 U1,L3,U3,L2,U3,L2,U2: exhausted states 1,561 best 24 0.005s | cpu 0m01s wall 0m00s eta~5m00s best 52
  [66/21314   0.3%] exit 1 U1,L1,U2,U1,U1,L3,L2: exhausted states 65 best 11 0.0s | cpu 0m01s wall 0m00s eta~5m08s best 52
  [67/21314   0.3%] exit 1 U1,L1,L3,U2,U1,U1,R2: exhausted states 605 best 16 0.001s | cpu 0m01s wall 0m00s eta~4m48s best 52
  [68/21314   0.3%] exit 1 U1,L1,U3,L2,D3,D2,L1: exhausted states 7 best 8 0.0s | cpu 0m01s wall 0m00s eta~4m55s best 52
  [69/21314   0.3%] exit 1 U1,L1,U3,L1,D1,D3,L1: exhausted states 4,117 best 17 0.006s | cpu 0m01s wall 0m00s eta~4m43s best 52
  [70/21314   0.3%] exit 1 U1,L3,L1,U1,U1,L3,U1: exhausted states 487 best 24 0.001s | cpu 0m01s wall 0m00s eta~4m46s best 52
  [71/21314   0.3%] exit 1 U1,L3,L2,U1,U1,L3,U3: exhausted states 144 best 13 0.0s | cpu 0m01s wall 0m00s eta~4m36s best 52
  [72/21314   0.3%] exit 1 U1,L1,U2,U1,L2,L2,U2: exhausted states 6 best 8 0.0s | cpu 0m01s wall 0m00s eta~4m46s best 52
  [73/21314   0.3%] exit 1 U1,U1,R2,U1,L1,L1,D3: exhausted states 2,673 best 24 0.008s | cpu 0m01s wall 0m00s eta~5m04s best 52
  [74/21314   0.3%] exit 1 U1,L2,L2,U2,R2,U2,U1: exhausted states 1,464 best 22 0.005s | cpu 0m01s wall 0m00s eta~5m18s best 52
  [75/21314   0.4%] exit 1 U1,U1,L3,U2,R1,U2,R1: exhausted states 3 best 8 0.0s | cpu 0m01s wall 0m00s eta~5m24s best 52
  [76/21314   0.4%] exit 1 U1,L1,L1,U2,L1,U3,U1: exhausted states 601 best 16 0.002s | cpu 0m01s wall 0m00s eta~5m35s best 52
  [77/21314   0.4%] exit 1 L1,U1,U1,U3,L2,U1,R3: exhausted states 37,610 best 43 0.151s | cpu 0m02s wall 0m00s eta~7m54s best 52
  [78/21314   0.4%] exit 1 U1,L1,U1,L1,L1,U3,U2: exhausted states 317 best 13 0.001s | cpu 0m02s wall 0m00s eta~7m55s best 52
  [79/21314   0.4%] exit 1 U1,L3,U2,R2,U1,L2,L2: exhausted states 180,146 best 37 1.01s | cpu 0m03s wall 0m01s eta~17m12s best 52
  [80/21314   0.4%] exit 1 U1,L3,L2,U3,U1,L3,U1: exhausted states 145 best 13 0.0s | cpu 0m03s wall 0m01s eta~16m51s best 52
  [81/21314   0.4%] exit 1 U1,L2,U1,R1,R1,U3,U2: exhausted states 1,397 best 16 0.003s | cpu 0m03s wall 0m01s eta~16m32s best 52
  [82/21314   0.4%] exit 1 U1,R1,U1,U1,U1,L1,L3: exhausted states 241,365 best 51 0.752s | cpu 0m03s wall 0m01s eta~16m18s best 52
  [83/21314   0.4%] exit 1 U1,U1,L2,U2,R2,U2,L2: exhausted states 2,463 best 26 0.008s | cpu 0m03s wall 0m01s eta~15m47s best 52
  [84/21314   0.4%] exit 1 L1,U1,L3,U3,L2,D1,D3: exhausted states 1 best 7 0.0s | cpu 0m03s wall 0m01s eta~15m32s best 52
  [85/21314   0.4%] exit 1 L1,U1,U1,R1,U2,R2,D1: exhausted states 6 best 7 0.0s | cpu 0m03s wall 0m01s eta~15m18s best 52
  [86/21314   0.4%] exit 1 U1,U1,R2,U3,L1,U1,L1: exhausted states 14,486 best 30 0.038s | cpu 0m03s wall 0m01s eta~14m58s best 52
  [87/21314   0.4%] exit 1 U1,L3,U1,L3,U1,R3,R2: exhausted states 49 best 10 0.0s | cpu 0m03s wall 0m01s eta~14m37s best 52
  [88/21314   0.4%] exit 1 U1,L1,U1,U1,U1,R1,R3: exhausted states 15 best 9 0.0s | cpu 0m03s wall 0m01s eta~14m21s best 52
  [89/21314   0.4%] exit 1 U1,U1,L1,U3,U2,L2,L2: exhausted states 160 best 13 0.0s | cpu 0m03s wall 0m01s eta~14m03s best 52
  [90/21314   0.4%] exit 1 U1,L3,U3,U1,L3,L1,D1: exhausted states 42 best 11 0.0s | cpu 0m03s wall 0m01s eta~13m48s best 52
  [91/21314   0.4%] exit 1 U1,L1,U1,L1,U1,U1,L3: exhausted states 2 best 7 0.0s | cpu 0m03s wall 0m01s eta~13m31s best 52
  [92/21314   0.4%] exit 1 L1,U1,U3,U1,R3,U3,R2: exhausted states 28 best 10 0.0s | cpu 0m03s wall 0m01s eta~13m27s best 52
  [93/21314   0.4%] exit 1 U1,L2,U2,L3,U3,U1,L3: exhausted states 2 best 7 0.0s | cpu 0m03s wall 0m01s eta~13m21s best 52
  [94/21314   0.4%] exit 1 R1,U1,U3,L1,L3,U1,L1: exhausted states 1,132 best 16 0.003s | cpu 0m03s wall 0m01s eta~13m17s best 52
  [95/21314   0.4%] exit 1 U1,L3,U1,L2,U1,R2,R2: exhausted states 18,075 best 30 0.084s | cpu 0m04s wall 0m01s eta~13m03s best 52
  [96/21314   0.5%] exit 1 U1,L3,U3,U2,L3,U1,R2: exhausted states 45 best 12 0.0s | cpu 0m04s wall 0m01s eta~12m52s best 52
  [97/21314   0.5%] exit 1 L1,U1,U3,L2,U3,R1,U2: exhausted states 51 best 10 0.0s | cpu 0m04s wall 0m01s eta~12m39s best 52
  [98/21314   0.5%] exit 1 U1,L3,U2,R3,U2,U1,R1: exhausted states 3 best 7 0.0s | cpu 0m04s wall 0m01s eta~12m36s best 52
  [99/21314   0.5%] exit 1 L1,U1,L3,L1,U1,U3,U1: exhausted states 20,318 best 29 0.044s | cpu 0m04s wall 0m01s eta~12m34s best 52
  [100/21314   0.5%] exit 1 U1,L1,L3,U1,L2,U3,U1: exhausted states 50,471 best 34 0.281s | cpu 0m04s wall 0m01s eta~14m34s best 52
  [101/21314   0.5%] exit 1 U1,U1,U3,L2,U2,R2,R2: exhausted states 24 best 10 0.0s | cpu 0m04s wall 0m01s eta~14m25s best 52
  [102/21314   0.5%] exit 1 U1,L2,U1,U3,U2,R3,R1: exhausted states 68,095 best 34 0.475s | cpu 0m04s wall 0m02s eta~17m41s best 52
  [103/21314   0.5%] exit 1 L1,U1,U3,U2,L2,D2,D1: exhausted states 351,032 best 52 4.372s | cpu 0m09s wall 0m06s eta~42m26s best 52
  [104/21314   0.5%] exit 1 U1,L2,U3,U2,R3,R1,D2: exhausted states 10 best 8 0.0s | cpu 0m09s wall 0m06s eta~41m44s best 52
  ** new campaign best: depth 59 (exit 1, U1,L1,L3,U1,L2,U1,R1)
  [105/21314   0.5%] exit 1 U1,L1,L3,U1,L2,U1,R1: exhausted states 3,236,520 best 59 37.884s | cpu 0m47s wall 0m40s eta~4h34m best 59
  [106/21314   0.5%] exit 1 L1,U1,L2,U3,U2,R2,U2: exhausted states 900 best 17 0.001s | cpu 0m47s wall 0m40s eta~4h29m best 59
  [107/21314   0.5%] exit 1 U1,U1,L2,U2,R3,R1,U3: exhausted states 2 best 7 0.0s | cpu 0m47s wall 0m40s eta~4h24m best 59
  [108/21314   0.5%] exit 1 U1,L3,L2,U2,R2,U2,L2: exhausted states 5,451 best 20 0.011s | cpu 0m47s wall 0m40s eta~4h19m best 59
  [109/21314   0.5%] exit 1 U1,R3,U3,L1,L1,U1,L1: exhausted states 862 best 15 0.001s | cpu 0m47s wall 0m40s eta~4h15m best 59
  [110/21314   0.5%] exit 1 U1,L2,U2,U2,R1,U2,R3: exhausted states 36 best 13 0.0s | cpu 0m47s wall 0m40s eta~4h10m best 59
  [111/21314   0.5%] exit 1 U1,L3,U1,R3,U2,L3,L2: exhausted states 245 best 12 0.001s | cpu 0m47s wall 0m40s eta~4h06m best 59
  [112/21314   0.5%] exit 1 U1,R2,U3,L1,L3,U1,R3: exhausted states 40,144 best 28 0.139s | cpu 0m47s wall 0m40s eta~4h03m best 59
  [113/21314   0.5%] exit 1 U1,L3,L1,U1,U3,U2,R3: exhausted states 3,722 best 22 0.011s | cpu 0m47s wall 0m40s eta~3h59m best 59
  [114/21314   0.5%] exit 1 L1,U1,U1,R2,U1,U1,R3: exhausted states 2 best 7 0.0s | cpu 0m47s wall 0m40s eta~3h55m best 59
  [115/21314   0.5%] exit 1 U1,U1,L3,U3,L2,L1,D1: exhausted states 78 best 11 0.0s | cpu 0m47s wall 0m40s eta~3h52m best 59
  [116/21314   0.5%] exit 1 U1,L1,U3,U1,L2,U1,R2: exhausted states 107 best 11 0.0s | cpu 0m47s wall 0m40s eta~3h48m best 59
  [117/21314   0.5%] exit 1 U1,L2,U2,U2,L3,U2,R1: exhausted states 521 best 26 0.002s | cpu 0m47s wall 0m40s eta~3h44m best 59
  [118/21314   0.6%] exit 1 L1,L1,U1,U1,R3,R1,R1: exhausted states 555 best 15 0.001s | cpu 0m47s wall 0m40s eta~3h41m best 59
  [119/21314   0.6%] exit 1 U1,U1,U3,L1,L1,D2,L3: exhausted states 158 best 12 0.0s | cpu 0m47s wall 0m40s eta~3h38m best 59
  [120/21314   0.6%] exit 1 U1,R2,U2,U1,L1,U1,L3: exhausted states 56,357 best 35 0.306s | cpu 0m47s wall 0m41s eta~3h36m best 59
  [121/21314   0.6%] exit 1 U1,L2,U2,U1,L3,L1,D1: exhausted states 32 best 9 0.0s | cpu 0m47s wall 0m41s eta~3h33m best 59
  [122/21314   0.6%] exit 1 L1,U1,U1,U1,R2,R2,D1: exhausted states 15 best 8 0.0s | cpu 0m47s wall 0m41s eta~3h30m best 59
  [123/21314   0.6%] exit 1 U1,L2,U1,U3,R2,U3,R2: exhausted states 28 best 13 0.0s | cpu 0m47s wall 0m41s eta~3h27m best 59
  [124/21314   0.6%] exit 1 U1,R3,U1,L1,U1,L1,L3: exhausted states 16,380 best 35 0.033s | cpu 0m47s wall 0m41s eta~3h25m best 59
  [125/21314   0.6%] exit 1 U1,U1,L2,U1,R1,R1,D1: exhausted states 546,552 best 55 4.246s | cpu 0m51s wall 0m45s eta~3h43m best 59
  [126/21314   0.6%] exit 1 U1,L2,U3,L2,U2,R2,U1: exhausted states 30,012 best 34 0.074s | cpu 0m51s wall 0m45s eta~3h40m best 59
  [127/21314   0.6%] exit 1 U1,L3,L2,U1,U1,U1,L3: exhausted states 2 best 7 0.0s | cpu 0m51s wall 0m45s eta~3h37m best 59
  [128/21314   0.6%] exit 1 U1,L3,U1,U3,R1,U1,R3: exhausted states 2 best 7 0.0s | cpu 0m51s wall 0m45s eta~3h34m best 59
  [129/21314   0.6%] exit 1 U1,L3,U2,U1,L1,U1,L3: exhausted states 2 best 7 0.0s | cpu 0m51s wall 0m45s eta~3h32m best 59
  [130/21314   0.6%] exit 1 U1,L2,U3,U2,L3,U2,L3: exhausted states 90 best 14 0.0s | cpu 0m51s wall 0m45s eta~3h29m best 59
  [131/21314   0.6%] exit 1 U1,L2,U1,U1,L2,U1,R1: exhausted states 216,197 best 59 1.415s | cpu 0m53s wall 0m47s eta~3h33m best 59
  [132/21314   0.6%] exit 1 U1,L2,U3,L3,L2,U2,U1: exhausted states 462 best 14 0.001s | cpu 0m53s wall 0m47s eta~3h30m best 59
  [133/21314   0.6%] exit 1 U1,L2,L2,U1,U1,R3,U1: exhausted states 60 best 10 0.0s | cpu 0m53s wall 0m47s eta~3h28m best 59
  [134/21314   0.6%] exit 1 L1,U1,U1,R3,U2,R2,D2: exhausted states 3 best 7 0.0s | cpu 0m53s wall 0m47s eta~3h25m best 59
  [135/21314   0.6%] exit 1 U1,U1,L2,U1,R1,U1,R3: exhausted states 2 best 7 0.0s | cpu 0m53s wall 0m47s eta~3h23m best 59
  [136/21314   0.6%] exit 1 L1,U1,U1,L1,U3,U1,L3: exhausted states 2 best 7 0.0s | cpu 0m53s wall 0m47s eta~3h20m best 59
  [137/21314   0.6%] exit 1 L1,U1,L1,U3,L3,D2,D2: exhausted states 1 best 7 0.0s | cpu 0m53s wall 0m47s eta~3h18m best 59
  [138/21314   0.6%] exit 1 U1,L3,U3,L1,L1,U3,U1: exhausted states 214 best 13 0.0s | cpu 0m53s wall 0m47s eta~3h16m best 59
  [139/21314   0.7%] exit 1 U1,U1,L3,L2,D2,L2,D1: exhausted states 7 best 8 0.0s | cpu 0m53s wall 0m47s eta~3h13m best 59
  [140/21314   0.7%] exit 1 U1,U1,L1,U2,L1,U2,L2: exhausted states 80 best 12 0.0s | cpu 0m53s wall 0m47s eta~3h11m best 59
  [141/21314   0.7%] exit 1 U1,L1,L3,U2,U1,U1,R3: exhausted states 605 best 16 0.001s | cpu 0m53s wall 0m47s eta~3h09m best 59
  [142/21314   0.7%] exit 1 U1,U1,L2,L1,L1,D1,D1: exhausted states 8 best 8 0.0s | cpu 0m53s wall 0m47s eta~3h07m best 59
  [143/21314   0.7%] exit 1 U1,L2,L2,U3,R2,U1,U1: exhausted states 1,412 best 22 0.004s | cpu 0m53s wall 0m47s eta~3h05m best 59
  [144/21314   0.7%] exit 1 L1,U1,U3,L1,U3,L1,U2: exhausted states 2 best 7 0.0s | cpu 0m53s wall 0m47s eta~3h03m best 59
  [145/21314   0.7%] exit 1 U1,L2,L1,U2,U1,U3,L3: exhausted states 92 best 17 0.0s | cpu 0m53s wall 0m47s eta~3h01m best 59
  [146/21314   0.7%] exit 1 U1,L3,L1,L1,U3,U2,U2: exhausted states 3,849 best 39 0.012s | cpu 0m53s wall 0m47s eta~2h59m best 59
  [147/21314   0.7%] exit 1 U1,U1,L1,L1,U3,U1,L2: exhausted states 2 best 7 0.0s | cpu 0m53s wall 0m47s eta~2h58m best 59
  [148/21314   0.7%] exit 1 L1,U1,L1,L3,U1,U3,U2: exhausted states 1,097,822 best 48 5.288s | cpu 0m58s wall 0m52s eta~3h15m best 59
  [149/21314   0.7%] exit 1 U1,R1,U1,U1,L1,L1,U2: exhausted states 11,833 best 28 0.014s | cpu 0m58s wall 0m52s eta~3h13m best 59
  [150/21314   0.7%] exit 1 U1,L3,U2,R1,U1,U3,L3: exhausted states 605 best 13 0.001s | cpu 0m58s wall 0m52s eta~3h12m best 59
  [151/21314   0.7%] exit 1 L1,U1,L1,U3,U2,U1,L3: exhausted states 2 best 7 0.0s | cpu 0m58s wall 0m52s eta~3h10m best 59
  [152/21314   0.7%] exit 1 U1,L3,U2,U1,R3,R1,D2: exhausted states 2 best 7 0.0s | cpu 0m58s wall 0m52s eta~3h08m best 59
  [153/21314   0.7%] exit 1 U1,L2,L2,U2,R3,U2,L2: exhausted states 711 best 17 0.001s | cpu 0m58s wall 0m52s eta~3h06m best 59
  [154/21314   0.7%] exit 1 U1,R1,U2,U2,L1,L1,D1: exhausted states 1,017 best 18 0.001s | cpu 0m58s wall 0m52s eta~3h04m best 59
  [155/21314   0.7%] exit 1 U1,L2,L2,U1,U3,U2,R3: exhausted states 15,124 best 28 0.071s | cpu 0m58s wall 0m52s eta~3h03m best 59
  [156/21314   0.7%] exit 1 L1,U1,U3,U1,L3,L2,D1: exhausted states 34,607 best 36 0.088s | cpu 0m58s wall 0m53s eta~3h01m best 59
  [157/21314   0.7%] exit 1 L1,L1,U1,U1,U1,U1,R2: exhausted states 754 best 16 0.001s | cpu 0m58s wall 0m53s eta~3h00m best 59
  [158/21314   0.7%] exit 1 U1,L1,U2,L2,D2,L1,U2: exhausted states 3,941 best 26 0.009s | cpu 0m58s wall 0m53s eta~2h58m best 59
  [159/21314   0.7%] exit 1 U1,L1,U1,L1,U1,U1,R1: exhausted states 130 best 11 0.0s | cpu 0m58s wall 0m53s eta~2h56m best 59
  [160/21314   0.8%] exit 1 U1,L3,U2,U1,L1,L3,U1: exhausted states 145 best 13 0.0s | cpu 0m58s wall 0m53s eta~2h55m best 59
  [161/21314   0.8%] exit 1 U1,U1,L3,L1,U3,L2,U3: exhausted states 6 best 8 0.0s | cpu 0m58s wall 0m53s eta~2h53m best 59
  [162/21314   0.8%] exit 1 U1,L1,L3,L2,U3,R1,R1: exhausted states 1,227,955 best 49 13.116s | cpu 1m11s wall 1m06s eta~3h34m best 59
  [163/21314   0.8%] exit 1 U1,U1,L3,L1,D1,L1,D1: exhausted states 3 best 7 0.0s | cpu 1m11s wall 1m06s eta~3h32m best 59
  [164/21314   0.8%] exit 1 U1,L3,U1,L2,U2,L1,U1: exhausted states 3 best 7 0.0s | cpu 1m11s wall 1m06s eta~3h30m best 59
  [165/21314   0.8%] exit 1 U1,L1,U3,U1,L3,U2,R3: exhausted states 61 best 11 0.0s | cpu 1m11s wall 1m06s eta~3h28m best 59
  [166/21314   0.8%] exit 1 U1,L1,U2,U1,R2,U2,L1: exhausted states 650 best 14 0.001s | cpu 1m11s wall 1m06s eta~3h27m best 59
  [167/21314   0.8%] exit 1 U1,L1,U1,L2,L2,U3,U1: exhausted states 76 best 12 0.0s | cpu 1m11s wall 1m06s eta~3h25m best 59
  [168/21314   0.8%] exit 1 L1,U1,U1,L1,U2,U2,R2: exhausted states 299 best 12 0.0s | cpu 1m11s wall 1m06s eta~3h23m best 59
  [169/21314   0.8%] exit 1 L1,U1,U3,L2,U2,R1,R1: exhausted states 54,256 best 30 0.306s | cpu 1m12s wall 1m06s eta~3h22m best 59
  [170/21314   0.8%] exit 1 L1,U1,U3,R2,U1,L3,U1: exhausted states 2,976 best 23 0.01s | cpu 1m12s wall 1m06s eta~3h21m best 59
  [171/21314   0.8%] exit 1 U1,L2,L1,U2,L1,D1,D3: exhausted states 6 best 9 0.0s | cpu 1m12s wall 1m06s eta~3h19m best 59
  [172/21314   0.8%] exit 1 U1,L2,U3,U1,U3,R1,D1: exhausted states 32,684 best 32 0.081s | cpu 1m12s wall 1m06s eta~3h18m best 59
  [173/21314   0.8%] exit 1 U1,L3,U1,R1,U1,R2,U1: exhausted states 7 best 8 0.0s | cpu 1m12s wall 1m06s eta~3h16m best 59
  [174/21314   0.8%] exit 1 U1,U1,U3,U2,R2,D1,D3: exhausted states 634,744 best 43 4.492s | cpu 1m16s wall 1m11s eta~3h28m best 59
  [175/21314   0.8%] exit 1 U1,L1,L3,U3,L2,U2,U2: exhausted states 72,318 best 33 0.861s | cpu 1m17s wall 1m12s eta~3h28m best 59
  [176/21314   0.8%] exit 1 U1,L1,L3,U2,L3,U3,U1: exhausted states 1,969 best 24 0.002s | cpu 1m17s wall 1m12s eta~3h27m best 59
  [177/21314   0.8%] exit 1 U1,R2,U2,U2,L1,L1,U2: exhausted states 86,002 best 33 0.471s | cpu 1m18s wall 1m12s eta~3h26m best 59
  [178/21314   0.8%] exit 1 L1,L1,U1,U3,U2,L2,D2: exhausted states 27 best 11 0.0s | cpu 1m18s wall 1m12s eta~3h25m best 59
  [179/21314   0.8%] exit 1 L1,U1,L3,U3,R3,U2,L2: exhausted states 5,641 best 26 0.01s | cpu 1m18s wall 1m12s eta~3h23m best 59
  [180/21314   0.8%] exit 1 U1,L3,L2,U2,R2,U2,L3: exhausted states 1,255 best 19 0.002s | cpu 1m18s wall 1m12s eta~3h22m best 59
  [181/21314   0.8%] exit 1 U1,L2,U2,U1,R2,R2,D2: exhausted states 11 best 9 0.0s | cpu 1m18s wall 1m12s eta~3h20m best 59
  [182/21314   0.9%] exit 1 U1,L2,U1,U1,L1,U2,L1: exhausted states 7 best 8 0.0s | cpu 1m18s wall 1m12s eta~3h19m best 59
  [183/21314   0.9%] exit 1 U1,L1,L1,L3,U3,U2,R1: exhausted states 54,368 best 38 0.37s | cpu 1m18s wall 1m13s eta~3h18m best 59
  [184/21314   0.9%] exit 1 U1,L2,L1,U1,U3,L1,U1: exhausted states 3 best 7 0.0s | cpu 1m18s wall 1m13s eta~3h17m best 59
  [185/21314   0.9%] exit 1 U1,L3,L2,U2,R3,U1,U3: exhausted states 1,026 best 23 0.002s | cpu 1m18s wall 1m13s eta~3h15m best 59
  [186/21314   0.9%] exit 1 U1,U1,U1,L3,U2,R2,R1: exhausted states 2 best 7 0.0s | cpu 1m18s wall 1m13s eta~3h14m best 59
  [187/21314   0.9%] exit 1 U1,L1,U2,U1,U3,L1,D1: exhausted states 3,983 best 23 0.006s | cpu 1m18s wall 1m13s eta~3h12m best 59
  [188/21314   0.9%] exit 1 U1,L2,U2,L2,U1,R3,R1: exhausted states 1,552 best 19 0.005s | cpu 1m18s wall 1m13s eta~3h11m best 59
  [189/21314   0.9%] exit 1 U1,U1,U3,L3,L2,D1,L2: exhausted states 298 best 16 0.0s | cpu 1m18s wall 1m13s eta~3h10m best 59
  [190/21314   0.9%] exit 1 U1,L2,U3,R3,U1,L1,L1: exhausted states 186 best 13 0.0s | cpu 1m18s wall 1m13s eta~3h08m best 59
  ** new campaign best: depth 68 (exit 1, R1,U1,U3,L1,L3,L2,U1)
  [191/21314   0.9%] exit 1 R1,U1,U3,L1,L3,L2,U1: exhausted states 5,586,496 best 68 71.561s | cpu 2m30s wall 2m25s eta~6h09m best 68
  [192/21314   0.9%] exit 1 U1,L2,U2,L3,L2,U3,U1: exhausted states 724 best 21 0.001s | cpu 2m30s wall 2m25s eta~6h07m best 68
  [193/21314   0.9%] exit 1 U1,U1,R3,U3,L1,U2,L2: exhausted states 8,350 best 22 0.013s | cpu 2m30s wall 2m25s eta~6h04m best 68
  [194/21314   0.9%] exit 1 U1,U1,L1,L3,U3,U2,L2: exhausted states 6 best 8 0.0s | cpu 2m30s wall 2m25s eta~6h02m best 68
  [195/21314   0.9%] exit 1 U1,U1,L2,U3,U2,L3,L2: exhausted states 160 best 13 0.0s | cpu 2m30s wall 2m25s eta~5h59m best 68
  [196/21314   0.9%] exit 1 L1,U1,L2,U1,R3,U1,L2: exhausted states 915 best 17 0.001s | cpu 2m30s wall 2m25s eta~5h57m best 68
  [197/21314   0.9%] exit 1 U1,L1,U1,L2,U3,L3,U1: exhausted states 73 best 12 0.0s | cpu 2m30s wall 2m25s eta~5h54m best 68
  [198/21314   0.9%] exit 1 U1,L3,U3,L2,D2,L2,U3: exhausted states 23,245 best 41 0.061s | cpu 2m30s wall 2m25s eta~5h52m best 68
  [199/21314   0.9%] exit 1 L1,U1,U3,R2,R1,U1,U1: exhausted states 313,561 best 40 0.647s | cpu 2m30s wall 2m25s eta~5h51m best 68
  [200/21314   0.9%] exit 1 U1,U1,L3,L1,D3,L1,D3: exhausted states 2 best 7 0.0s | cpu 2m30s wall 2m25s eta~5h49m best 68
  [201/21314   0.9%] exit 1 U1,U1,L2,L2,L1,U3,U2: exhausted states 52 best 11 0.0s | cpu 2m30s wall 2m25s eta~5h46m best 68
  [202/21314   0.9%] exit 1 L1,U1,L3,U3,U1,L3,U1: exhausted states 1,219 best 24 0.002s | cpu 2m30s wall 2m25s eta~5h44m best 68
  [203/21314   1.0%] exit 1 U1,L2,L1,U2,U1,R3,R1: exhausted states 1,897 best 21 0.008s | cpu 2m30s wall 2m25s eta~5h42m best 68
  [204/21314   1.0%] exit 1 U1,L3,U3,L2,L2,U3,U1: exhausted states 76 best 12 0.0s | cpu 2m30s wall 2m25s eta~5h40m best 68
  [205/21314   1.0%] exit 1 U1,R2,U3,U2,L1,U3,L1: exhausted states 403,551 best 46 1.39s | cpu 2m32s wall 2m27s eta~5h41m best 68
  [206/21314   1.0%] exit 1 R1,U1,U1,L1,U1,L3,L1: exhausted states 10,980 best 28 0.013s | cpu 2m32s wall 2m27s eta~5h38m best 68
  [207/21314   1.0%] exit 1 L1,U1,U3,U2,L1,D2,D2: exhausted states 1,128,512 best 54 7.484s | cpu 2m39s wall 2m34s eta~5h53m best 68
  [208/21314   1.0%] exit 1 U1,L3,U2,R3,U1,R2,U3: exhausted states 1,458 best 16 0.002s | cpu 2m39s wall 2m34s eta~5h51m best 68
  [209/21314   1.0%] exit 1 U1,U1,L2,U2,L3,L2,U3: exhausted states 6 best 8 0.0s | cpu 2m39s wall 2m34s eta~5h49m best 68
  [210/21314   1.0%] exit 1 U1,L3,U1,U1,R1,U2,R2: exhausted states 6 best 8 0.0s | cpu 2m39s wall 2m34s eta~5h47m best 68
  [211/21314   1.0%] exit 1 U1,L3,U2,L3,U2,L3,U1: exhausted states 97 best 13 0.0s | cpu 2m39s wall 2m35s eta~5h45m best 68
  [212/21314   1.0%] exit 1 U1,L2,L1,L3,U3,R1,R3: exhausted states 336,518 best 46 1.851s | cpu 2m41s wall 2m36s eta~5h46m best 68
  [213/21314   1.0%] exit 1 U1,L1,U2,L3,D2,L1,U2: exhausted states 17,920 best 30 0.029s | cpu 2m41s wall 2m36s eta~5h44m best 68
  [214/21314   1.0%] exit 1 U1,L3,U1,L1,L3,D1,D3: exhausted states 7 best 8 0.0s | cpu 2m41s wall 2m36s eta~5h42m best 68
  [215/21314   1.0%] exit 1 U1,R2,U3,U1,L1,U3,L3: exhausted states 91,094 best 34 0.178s | cpu 2m41s wall 2m37s eta~5h41m best 68
  [216/21314   1.0%] exit 1 L1,U1,U1,L2,U3,R2,U1: exhausted states 5,824 best 28 0.008s | cpu 2m41s wall 2m37s eta~5h39m best 68
  [217/21314   1.0%] exit 1 U1,L1,L3,U1,U3,L1,U1: exhausted states 3 best 7 0.0s | cpu 2m41s wall 2m37s eta~5h36m best 68
  [218/21314   1.0%] exit 1 U1,L3,L2,U3,R3,U1,L3: exhausted states 249 best 13 0.0s | cpu 2m41s wall 2m37s eta~5h34m best 68
  [219/21314   1.0%] exit 1 U1,R3,U3,U1,L1,U1,L3: exhausted states 8,840 best 32 0.014s | cpu 2m41s wall 2m37s eta~5h32m best 68
  [220/21314   1.0%] exit 1 U1,L1,U3,U2,L3,D1,L2: exhausted states 27 best 10 0.0s | cpu 2m41s wall 2m37s eta~5h31m best 68
  [221/21314   1.0%] exit 1 U1,L1,U2,U1,R1,R3,D2: exhausted states 4 best 7 0.0s | cpu 2m41s wall 2m37s eta~5h29m best 68
  [222/21314   1.0%] exit 1 L1,U1,U3,L1,U3,U2,R3: exhausted states 299 best 12 0.0s | cpu 2m41s wall 2m37s eta~5h27m best 68
  [223/21314   1.0%] exit 1 U1,L2,U1,R3,R2,U3,L1: exhausted states 3,587 best 16 0.008s | cpu 2m41s wall 2m37s eta~5h25m best 68
  [224/21314   1.1%] exit 1 U1,L3,U2,L3,U2,U1,L1: exhausted states 3 best 7 0.0s | cpu 2m41s wall 2m37s eta~5h23m best 68
  [225/21314   1.1%] exit 1 U1,L3,U1,U1,R2,R1,D2: exhausted states 2 best 7 0.0s | cpu 2m41s wall 2m37s eta~5h21m best 68
  [226/21314   1.1%] exit 1 U1,L3,U1,L1,U2,U1,R1: exhausted states 90 best 11 0.0s | cpu 2m41s wall 2m37s eta~5h19m best 68
  [227/21314   1.1%] exit 1 L1,L1,U1,U1,U3,L3,U3: exhausted states 6,764 best 27 0.023s | cpu 2m41s wall 2m37s eta~5h17m best 68
  [228/21314   1.1%] exit 1 U1,L3,U2,U2,L2,L1,U1: exhausted states 3 best 7 0.0s | cpu 2m41s wall 2m37s eta~5h16m best 68
  [229/21314   1.1%] exit 1 U1,L2,U2,L3,L2,D1,D3: exhausted states 2 best 7 0.0s | cpu 2m41s wall 2m37s eta~5h14m best 68
  [230/21314   1.1%] exit 1 L1,U1,L1,U3,L1,U2,U2: exhausted states 2,988 best 24 0.003s | cpu 2m41s wall 2m37s eta~5h12m best 68
  [231/21314   1.1%] exit 1 U1,U1,L3,U2,L1,L3,U2: exhausted states 48 best 13 0.0s | cpu 2m41s wall 2m37s eta~5h10m best 68
  [232/21314   1.1%] exit 1 L1,L1,U1,L3,U1,U3,U2: exhausted states 756,916 best 47 2.534s | cpu 2m44s wall 2m40s eta~5h14m best 68
  [233/21314   1.1%] exit 1 U1,L3,L1,U2,L1,D2,D2: exhausted states 6 best 9 0.0s | cpu 2m44s wall 2m40s eta~5h12m best 68
  [234/21314   1.1%] exit 1 L1,U1,U3,R2,R2,U3,U2: exhausted states 78 best 12 0.0s | cpu 2m44s wall 2m40s eta~5h10m best 68
  [235/21314   1.1%] exit 1 U1,L2,L2,U1,U3,L1,U2: exhausted states 2 best 7 0.0s | cpu 2m44s wall 2m40s eta~5h08m best 68
  [236/21314   1.1%] exit 1 U1,R2,U3,L1,U1,L2,L2: exhausted states 6,300 best 22 0.015s | cpu 2m44s wall 2m40s eta~5h07m best 68
  [237/21314   1.1%] exit 1 U1,L3,U1,U1,R3,R2,D1: exhausted states 3 best 7 0.0s | cpu 2m44s wall 2m40s eta~5h05m best 68
  [238/21314   1.1%] exit 1 U1,L2,U1,L3,U1,R1,U1: exhausted states 232 best 20 0.0s | cpu 2m44s wall 2m40s eta~5h04m best 68
  [239/21314   1.1%] exit 1 U1,L3,U1,U3,R2,R1,D2: exhausted states 2 best 7 0.0s | cpu 2m44s wall 2m40s eta~5h02m best 68
  [240/21314   1.1%] exit 1 U1,L1,L3,U1,L3,U1,U1: exhausted states 1,969 best 24 0.003s | cpu 2m44s wall 2m40s eta~5h00m best 68
  [241/21314   1.1%] exit 1 U1,L3,U1,L2,U2,L2,U1: exhausted states 2,066 best 25 0.005s | cpu 2m44s wall 2m40s eta~4h59m best 68
  [242/21314   1.1%] exit 1 L1,U1,U3,R1,U1,R2,U2: exhausted states 6 best 8 0.0s | cpu 2m44s wall 2m40s eta~4h57m best 68
  [243/21314   1.1%] exit 1 U1,L3,L2,U2,U2,R2,U3: exhausted states 592 best 17 0.001s | cpu 2m44s wall 2m40s eta~4h56m best 68
  [244/21314   1.1%] exit 1 U1,U1,U1,L1,L1,D3,L1: exhausted states 60 best 10 0.0s | cpu 2m44s wall 2m40s eta~4h54m best 68
  [245/21314   1.1%] exit 1 L1,U1,U3,L3,D1,L1,D1: exhausted states 3 best 7 0.0s | cpu 2m44s wall 2m40s eta~4h53m best 68
  [246/21314   1.2%] exit 1 L1,U1,U3,R2,U1,L1,U1: exhausted states 61,582 best 40 0.179s | cpu 2m44s wall 2m40s eta~4h51m best 68
  [247/21314   1.2%] exit 1 U1,L3,U1,R3,U2,U1,R3: exhausted states 2 best 7 0.0s | cpu 2m44s wall 2m40s eta~4h50m best 68
  [248/21314   1.2%] exit 1 U1,U1,L3,U2,R3,R1,U1: exhausted states 3 best 7 0.0s | cpu 2m44s wall 2m40s eta~4h48m best 68
  [249/21314   1.2%] exit 1 U1,L2,U2,R3,U2,R2,U1: exhausted states 2,035 best 17 0.003s | cpu 2m44s wall 2m40s eta~4h47m best 68
  [250/21314   1.2%] exit 1 U1,U1,L2,L2,L2,D3,D2: exhausted states 10 best 9 0.0s | cpu 2m44s wall 2m40s eta~4h46m best 68
  [251/21314   1.2%] exit 1 L1,U1,U3,L2,U1,L1,U2: exhausted states 2 best 7 0.0s | cpu 2m44s wall 2m40s eta~4h44m best 68
  [252/21314   1.2%] exit 1 L1,U1,U3,U1,L2,U3,L3: exhausted states 78 best 14 0.0s | cpu 2m44s wall 2m40s eta~4h43m best 68
  [253/21314   1.2%] exit 1 U1,L1,U2,U2,L1,L1,U3: exhausted states 2 best 7 0.0s | cpu 2m44s wall 2m40s eta~4h41m best 68
  [254/21314   1.2%] exit 1 L1,U1,L2,U1,L3,U3,U1: exhausted states 645 best 16 0.001s | cpu 2m44s wall 2m40s eta~4h40m best 68
  [255/21314   1.2%] exit 1 U1,L2,U1,U3,L3,U1,L1: exhausted states 3 best 7 0.0s | cpu 2m44s wall 2m40s eta~4h39m best 68
  [256/21314   1.2%] exit 1 U1,L2,U3,U1,L1,L3,D3: exhausted states 41 best 11 0.0s | cpu 2m44s wall 2m40s eta~4h37m best 68
  [257/21314   1.2%] exit 1 U1,U1,U3,U2,L3,L1,L3: exhausted states 444,030 best 44 3.703s | cpu 2m48s wall 2m44s eta~4h42m best 68
  [258/21314   1.2%] exit 1 U1,L1,L3,U3,R2,U1,L2: exhausted states 44,369 best 33 0.123s | cpu 2m48s wall 2m44s eta~4h41m best 68
  ** new campaign best: depth 72 (exit 1, U1,U1,U3,U1,L2,L2,D1)
  [259/21314   1.2%] exit 1 U1,U1,U3,U1,L2,L2,D1: exhausted states 1,092,804 best 72 42.89s | cpu 3m31s wall 3m27s eta~5h53m best 72
  [260/21314   1.2%] exit 1 U1,L1,L3,U1,R2,U2,L3: exhausted states 78,972 best 33 0.444s | cpu 3m31s wall 3m27s eta~5h52m best 72
  [261/21314   1.2%] exit 1 U1,L2,L2,U3,U2,R1,U2: exhausted states 111 best 11 0.0s | cpu 3m31s wall 3m27s eta~5h50m best 72
  [262/21314   1.2%] exit 1 U1,L1,U3,U1,L2,U3,L1: exhausted states 49 best 13 0.0s | cpu 3m31s wall 3m27s eta~5h49m best 72
  [263/21314   1.2%] exit 1 U1,L2,U1,L1,U1,L1,U1: exhausted states 3 best 7 0.0s | cpu 3m31s wall 3m27s eta~5h47m best 72
  [264/21314   1.2%] exit 1 U1,L2,U1,U1,L3,L2,D3: exhausted states 34 best 10 0.0s | cpu 3m31s wall 3m27s eta~5h45m best 72
  [265/21314   1.2%] exit 1 U1,L3,U1,U3,R3,U2,R1: exhausted states 6,973 best 29 0.047s | cpu 3m31s wall 3m28s eta~5h44m best 72
  [266/21314   1.2%] exit 1 U1,L3,U2,L3,U3,L3,D1: exhausted states 16 best 9 0.0s | cpu 3m31s wall 3m28s eta~5h42m best 72
  [267/21314   1.3%] exit 1 U1,R3,U3,U1,U3,L1,L1: exhausted states 331,207 best 53 1.672s | cpu 3m33s wall 3m29s eta~5h43m best 72
  [268/21314   1.3%] exit 1 U1,L3,U3,U1,R1,R3,U2: exhausted states 1,236 best 17 0.002s | cpu 3m33s wall 3m29s eta~5h42m best 72
  [269/21314   1.3%] exit 1 L1,U1,L3,L2,U3,U2,R1: exhausted states 19,400 best 28 0.023s | cpu 3m33s wall 3m29s eta~5h40m best 72
  [270/21314   1.3%] exit 1 U1,L3,L2,U1,L2,U2,R1: exhausted states 5,287 best 21 0.009s | cpu 3m33s wall 3m29s eta~5h39m best 72
  [271/21314   1.3%] exit 1 U1,R2,U1,L1,L3,U3,L3: exhausted states 6,423 best 22 0.016s | cpu 3m33s wall 3m29s eta~5h37m best 72
  [272/21314   1.3%] exit 1 U1,L2,U3,L1,D3,L1,U1: exhausted states 1,672 best 16 0.003s | cpu 3m33s wall 3m29s eta~5h36m best 72
  [273/21314   1.3%] exit 1 U1,L2,U3,L2,D3,L2,U2: exhausted states 7,845 best 26 0.015s | cpu 3m33s wall 3m29s eta~5h34m best 72
  [274/21314   1.3%] exit 1 U1,L2,U2,U2,L3,L2,D3: exhausted states 19 best 9 0.0s | cpu 3m33s wall 3m29s eta~5h33m best 72
  [275/21314   1.3%] exit 1 U1,L2,U3,U1,U1,R2,R2: exhausted states 26 best 10 0.0s | cpu 3m33s wall 3m29s eta~5h31m best 72
  [276/21314   1.3%] exit 1 L1,L1,U1,U3,R3,U1,L3: exhausted states 777 best 14 0.001s | cpu 3m33s wall 3m29s eta~5h30m best 72
  [277/21314   1.3%] exit 1 L1,U1,L1,U3,L2,U3,U2: exhausted states 608 best 14 0.001s | cpu 3m33s wall 3m29s eta~5h28m best 72
  [278/21314   1.3%] exit 1 U1,L2,U3,U2,R2,U1,R2: exhausted states 2 best 7 0.0s | cpu 3m33s wall 3m30s eta~5h27m best 72
  [279/21314   1.3%] exit 1 L1,U1,L1,U2,U2,L3,D3: exhausted states 3 best 7 0.0s | cpu 3m33s wall 3m30s eta~5h25m best 72
  [280/21314   1.3%] exit 1 U1,L2,U1,R3,U2,R1,U1: exhausted states 3 best 7 0.0s | cpu 3m33s wall 3m30s eta~5h24m best 72
  [281/21314   1.3%] exit 1 U1,R3,U3,L1,U1,L3,U2: exhausted states 2,252 best 15 0.004s | cpu 3m33s wall 3m30s eta~5h22m best 72
  [282/21314   1.3%] exit 1 U1,L2,U3,L2,D1,D1,L1: exhausted states 3 best 7 0.0s | cpu 3m33s wall 3m30s eta~5h21m best 72
  [283/21314   1.3%] exit 1 U1,L3,L2,U2,U2,U1,R3: exhausted states 105 best 11 0.0s | cpu 3m33s wall 3m30s eta~5h20m best 72
  [284/21314   1.3%] exit 1 U1,L3,U3,U2,U2,R1,D1: exhausted states 25 best 9 0.0s | cpu 3m33s wall 3m30s eta~5h18m best 72
  [285/21314   1.3%] exit 1 L1,U1,U1,U3,L3,U1,L2: exhausted states 2 best 7 0.0s | cpu 3m33s wall 3m30s eta~5h17m best 72
  [286/21314   1.3%] exit 1 L1,L1,U1,U1,U3,R3,U2: exhausted states 8,738 best 31 0.03s | cpu 3m33s wall 3m30s eta~5h16m best 72
  [287/21314   1.3%] exit 1 U1,L1,U1,L3,U2,L2,U3: exhausted states 668 best 16 0.001s | cpu 3m33s wall 3m30s eta~5h14m best 72
  [288/21314   1.4%] exit 1 U1,L2,U2,L3,D2,L1,U2: exhausted states 50,932 best 35 0.249s | cpu 3m33s wall 3m30s eta~5h13m best 72
  [289/21314   1.4%] exit 1 U1,L1,U2,U1,L3,L1,D1: exhausted states 32 best 9 0.0s | cpu 3m33s wall 3m30s eta~5h12m best 72
  [290/21314   1.4%] exit 1 U1,L1,U1,U3,L1,U2,L1: exhausted states 4,563 best 22 0.004s | cpu 3m33s wall 3m30s eta~5h11m best 72
  [291/21314   1.4%] exit 1 L1,L1,U1,U3,L3,D1,D1: exhausted states 2 best 7 0.0s | cpu 3m33s wall 3m30s eta~5h09m best 72
  [292/21314   1.4%] exit 1 R1,U1,U3,U2,L1,D3,L1: exhausted states 268,517 best 42 0.608s | cpu 3m34s wall 3m31s eta~5h09m best 72
  [293/21314   1.4%] exit 1 U1,L2,U3,U2,U1,R3,R2: exhausted states 31 best 10 0.0s | cpu 3m34s wall 3m31s eta~5h08m best 72
  [294/21314   1.4%] exit 1 U1,U1,L1,U3,L3,U3,R3: exhausted states 29 best 10 0.0s | cpu 3m34s wall 3m31s eta~5h07m best 72
  [295/21314   1.4%] exit 1 U1,L2,U1,L2,L1,U2,U2: exhausted states 5,413 best 26 0.029s | cpu 3m34s wall 3m31s eta~5h05m best 72
  [296/21314   1.4%] exit 1 L1,U1,U3,L3,D3,D2,L1: exhausted states 7 best 8 0.0s | cpu 3m34s wall 3m31s eta~5h04m best 72
  [297/21314   1.4%] exit 1 L1,U1,U1,L3,U2,L2,U2: exhausted states 1,468 best 16 0.003s | cpu 3m34s wall 3m31s eta~5h03m best 72
  [298/21314   1.4%] exit 1 U1,L2,U3,L1,D3,D2,L1: exhausted states 7 best 8 0.0s | cpu 3m34s wall 3m31s eta~5h02m best 72
  [299/21314   1.4%] exit 1 U1,L1,U3,U1,L3,U2,L3: exhausted states 6 best 8 0.0s | cpu 3m34s wall 3m31s eta~5h00m best 72
  [300/21314   1.4%] exit 1 U1,U1,L2,U1,L1,U3,L1: exhausted states 121 best 13 0.0s | cpu 3m34s wall 3m31s eta~4h59m best 72
  [301/21314   1.4%] exit 1 U1,L1,U1,U1,R3,U2,R2: exhausted states 6 best 8 0.0s | cpu 3m34s wall 3m31s eta~4h58m best 72
  [302/21314   1.4%] exit 1 U1,L2,U1,L3,U2,U1,R2: exhausted states 362 best 17 0.001s | cpu 3m34s wall 3m31s eta~4h57m best 72
  [303/21314   1.4%] exit 1 L1,U1,L3,U2,U1,U3,R3: exhausted states 5,836 best 22 0.015s | cpu 3m34s wall 3m31s eta~4h56m best 72
  [304/21314   1.4%] exit 1 L1,U1,L2,U1,L3,U3,U2: exhausted states 1,109 best 17 0.002s | cpu 3m34s wall 3m31s eta~4h54m best 72
  [305/21314   1.4%] exit 1 U1,L1,U2,L1,L1,U2,U1: exhausted states 318 best 13 0.0s | cpu 3m34s wall 3m31s eta~4h53m best 72
  [306/21314   1.4%] exit 1 U1,U1,L3,L2,U2,L2,D2: exhausted states 101 best 12 0.0s | cpu 3m34s wall 3m31s eta~4h52m best 72
  [307/21314   1.4%] exit 1 L1,U1,U1,U1,R1,U1,R3: exhausted states 2 best 7 0.0s | cpu 3m34s wall 3m31s eta~4h51m best 72
  [308/21314   1.4%] exit 1 U1,L3,L2,U1,R3,U2,L2: exhausted states 663 best 17 0.001s | cpu 3m34s wall 3m31s eta~4h50m best 72
  [309/21314   1.4%] exit 1 L1,U1,L2,U2,U2,L2,U3: exhausted states 1,218 best 16 0.002s | cpu 3m34s wall 3m31s eta~4h49m best 72
  [310/21314   1.5%] exit 1 L1,U1,U3,U2,L3,L1,D1: exhausted states 25,875 best 28 0.089s | cpu 3m34s wall 3m31s eta~4h48m best 72
  [311/21314   1.5%] exit 1 U1,L3,U1,U3,L3,L2,U2: exhausted states 6 best 8 0.0s | cpu 3m34s wall 3m31s eta~4h47m best 72
  [312/21314   1.5%] exit 1 R1,U1,U1,U1,U3,L1,L3: exhausted states 12,224,975 best 68 93.07s | cpu 5m07s wall 5m04s eta~6h51m best 72
  [313/21314   1.5%] exit 1 U1,L3,U1,L3,U3,R2,R2: exhausted states 49 best 10 0.0s | cpu 5m07s wall 5m04s eta~6h50m best 72
  [314/21314   1.5%] exit 1 L1,L1,U1,U3,R3,R2,R2: exhausted states 653 best 14 0.001s | cpu 5m07s wall 5m04s eta~6h48m best 72
  [315/21314   1.5%] exit 1 U1,R3,U1,U1,L1,U2,L3: exhausted states 11,151 best 26 0.02s | cpu 5m07s wall 5m04s eta~6h47m best 72
  [316/21314   1.5%] exit 1 U1,L2,U1,R2,U1,L1,L1: exhausted states 21,161 best 34 0.042s | cpu 5m07s wall 5m04s eta~6h45m best 72
  [317/21314   1.5%] exit 1 U1,L1,U2,U2,L1,D3,L1: exhausted states 33 best 9 0.0s | cpu 5m07s wall 5m04s eta~6h44m best 72
  [318/21314   1.5%] exit 1 U1,L1,U1,U3,L2,L1,D2: exhausted states 75 best 11 0.0s | cpu 5m07s wall 5m04s eta~6h42m best 72
  [319/21314   1.5%] exit 1 U1,L1,U3,U2,L3,L2,D3: exhausted states 21 best 10 0.0s | cpu 5m07s wall 5m04s eta~6h41m best 72
  [320/21314   1.5%] exit 1 U1,L2,L1,U3,U1,U1,L2: exhausted states 2 best 7 0.0s | cpu 5m07s wall 5m04s eta~6h39m best 72
  [321/21314   1.5%] exit 1 U1,L1,U2,U2,L2,U1,R2: exhausted states 135 best 12 0.0s | cpu 5m07s wall 5m04s eta~6h38m best 72
  [322/21314   1.5%] exit 1 L1,U1,L2,U2,U2,R2,U1: exhausted states 1,638 best 20 0.002s | cpu 5m07s wall 5m04s eta~6h36m best 72
  [323/21314   1.5%] exit 1 U1,L3,U1,U3,L1,U1,L3: exhausted states 2 best 7 0.0s | cpu 5m07s wall 5m05s eta~6h35m best 72
  [324/21314   1.5%] exit 1 U1,U1,U1,L2,L1,D2,D1: exhausted states 240 best 19 0.0s | cpu 5m07s wall 5m05s eta~6h33m best 72
  [325/21314   1.5%] exit 1 U1,L2,U2,U1,R2,R2,U3: exhausted states 6 best 8 0.0s | cpu 5m07s wall 5m05s eta~6h32m best 72
  [326/21314   1.5%] exit 1 U1,L1,U2,L2,U2,U1,R3: exhausted states 34 best 10 0.0s | cpu 5m07s wall 5m05s eta~6h30m best 72
  [327/21314   1.5%] exit 1 U1,L3,L2,U2,U2,R1,D1: exhausted states 5 best 7 0.0s | cpu 5m07s wall 5m05s eta~6h29m best 72
  [328/21314   1.5%] exit 1 L1,U1,U3,L3,L2,U1,U1: exhausted states 550 best 14 0.001s | cpu 5m07s wall 5m05s eta~6h28m best 72
  [329/21314   1.5%] exit 1 U1,R1,U3,U2,U1,L1,L1: exhausted states 140,664 best 51 0.224s | cpu 5m07s wall 5m05s eta~6h26m best 72
  [330/21314   1.5%] exit 1 U1,L1,U2,L2,L1,D2,D2: exhausted states 2 best 7 0.0s | cpu 5m07s wall 5m05s eta~6h25m best 72
  [331/21314   1.6%] exit 1 L1,U1,L1,U3,L2,D1,D3: exhausted states 1 best 7 0.0s | cpu 5m07s wall 5m05s eta~6h24m best 72
  [332/21314   1.6%] exit 1 U1,L2,U2,L2,U3,U2,L2: exhausted states 6 best 8 0.0s | cpu 5m07s wall 5m05s eta~6h22m best 72
  [333/21314   1.6%] exit 1 U1,R3,U2,U2,L1,U2,L1: exhausted states 218,579 best 53 0.769s | cpu 5m08s wall 5m06s eta~6h22m best 72
  [334/21314   1.6%] exit 1 L1,U1,U3,U1,R3,U2,L3: exhausted states 623 best 19 0.001s | cpu 5m08s wall 5m06s eta~6h21m best 72
  [335/21314   1.6%] exit 1 U1,L1,U2,L1,U3,U2,R3: exhausted states 155 best 11 0.0s | cpu 5m08s wall 5m06s eta~6h19m best 72
  [336/21314   1.6%] exit 1 U1,L2,U2,U1,L3,L1,U3: exhausted states 2 best 7 0.0s | cpu 5m08s wall 5m06s eta~6h18m best 72
  [337/21314   1.6%] exit 1 U1,L2,U2,R2,U2,L3,L2: exhausted states 8,432 best 25 0.026s | cpu 5m08s wall 5m06s eta~6h17m best 72
  [338/21314   1.6%] exit 1 U1,U1,R2,U1,L1,L1,D2: exhausted states 12,398 best 26 0.023s | cpu 5m08s wall 5m06s eta~6h15m best 72
  [339/21314   1.6%] exit 1 U1,U1,L3,U2,L2,L2,U3: exhausted states 6 best 8 0.0s | cpu 5m08s wall 5m06s eta~6h14m best 72
  [340/21314   1.6%] exit 1 L1,U1,U1,L2,U1,U3,L3: exhausted states 36 best 11 0.0s | cpu 5m08s wall 5m06s eta~6h13m best 72
  [341/21314   1.6%] exit 1 U1,L1,U3,U1,L2,L1,D2: exhausted states 39 best 11 0.0s | cpu 5m08s wall 5m06s eta~6h11m best 72
  [342/21314   1.6%] exit 1 L1,U1,U3,U2,L3,D1,D3: exhausted states 32,712 best 34 0.077s | cpu 5m08s wall 5m06s eta~6h10m best 72
  [343/21314   1.6%] exit 1 L1,L1,U1,L3,U2,U2,U2: exhausted states 38,773 best 39 0.076s | cpu 5m08s wall 5m06s eta~6h09m best 72
  [344/21314   1.6%] exit 1 U1,R2,U1,U1,L1,L1,L3: exhausted states 777,161 best 46 2.859s | cpu 5m11s wall 5m09s eta~6h11m best 72
  [345/21314   1.6%] exit 1 U1,L2,U3,U2,R1,D1,R2: exhausted states 14 best 8 0.0s | cpu 5m11s wall 5m09s eta~6h10m best 72
  [346/21314   1.6%] exit 1 U1,R3,U1,L1,L3,L1,D3: exhausted states 2,047 best 24 0.003s | cpu 5m11s wall 5m09s eta~6h09m best 72
  [347/21314   1.6%] exit 1 U1,L3,U1,R3,U2,R2,U1: exhausted states 3,267 best 18 0.004s | cpu 5m11s wall 5m09s eta~6h07m best 72
  [348/21314   1.6%] exit 1 L1,U1,U3,L3,D1,L2,U2: exhausted states 95,561 best 34 0.284s | cpu 5m12s wall 5m09s eta~6h06m best 72
  [349/21314   1.6%] exit 1 U1,L2,U2,R2,U2,L3,L1: exhausted states 8,982 best 29 0.034s | cpu 5m12s wall 5m09s eta~6h05m best 72
  [350/21314   1.6%] exit 1 U1,L1,U1,U1,L2,L1,U3: exhausted states 2 best 7 0.0s | cpu 5m12s wall 5m09s eta~6h04m best 72
  [351/21314   1.6%] exit 1 R1,U1,U1,L1,L1,U2,L2: exhausted states 5,711 best 22 0.008s | cpu 5m12s wall 5m09s eta~6h03m best 72
  [352/21314   1.7%] exit 1 U1,L3,L1,D2,L1,U1,U3: exhausted states 69,090 best 41 0.15s | cpu 5m12s wall 5m10s eta~6h02m best 72
  [353/21314   1.7%] exit 1 U1,U1,U1,U3,L1,L3,L2: exhausted states 54,295 best 36 0.231s | cpu 5m12s wall 5m10s eta~6h01m best 72
  [354/21314   1.7%] exit 1 U1,U1,U1,L3,L2,D3,D1: exhausted states 100 best 13 0.0s | cpu 5m12s wall 5m10s eta~6h00m best 72
  [355/21314   1.7%] exit 1 L1,U1,U1,U3,R3,R2,U1: exhausted states 7 best 8 0.0s | cpu 5m12s wall 5m10s eta~5h58m best 72
  [356/21314   1.7%] exit 1 U1,U1,L1,L1,U2,U2,R3: exhausted states 34 best 10 0.0s | cpu 5m12s wall 5m10s eta~5h57m best 72
  [357/21314   1.7%] exit 1 U1,L3,U3,U1,R2,U1,R2: exhausted states 2 best 7 0.0s | cpu 5m12s wall 5m10s eta~5h56m best 72
  [358/21314   1.7%] exit 1 U1,U1,U1,L2,L2,U2,L2: exhausted states 482 best 16 0.001s | cpu 5m12s wall 5m10s eta~5h55m best 72
  [359/21314   1.7%] exit 1 L1,U1,L1,U2,L2,U3,U2: exhausted states 608 best 14 0.001s | cpu 5m12s wall 5m10s eta~5h54m best 72
  [360/21314   1.7%] exit 1 L1,U1,U3,R1,U2,R3,D2: exhausted states 3 best 7 0.0s | cpu 5m12s wall 5m10s eta~5h53m best 72
  [361/21314   1.7%] exit 1 U1,L1,L3,U2,L1,D3,D2: exhausted states 6 best 9 0.0s | cpu 5m12s wall 5m10s eta~5h52m best 72
  [362/21314   1.7%] exit 1 U1,U1,U3,L3,U2,L3,D1: exhausted states 29,702 best 30 0.292s | cpu 5m12s wall 5m10s eta~5h51m best 72
  [363/21314   1.7%] exit 1 L1,U1,L1,U1,U3,U2,R3: exhausted states 4,130 best 22 0.006s | cpu 5m12s wall 5m10s eta~5h50m best 72
  [364/21314   1.7%] exit 1 L1,U1,U3,L2,U3,U2,R2: exhausted states 2,317 best 23 0.007s | cpu 5m12s wall 5m10s eta~5h48m best 72
  [365/21314   1.7%] exit 1 U1,L3,U2,U2,R1,U1,R3: exhausted states 2 best 7 0.0s | cpu 5m12s wall 5m10s eta~5h47m best 72
  [366/21314   1.7%] exit 1 U1,U1,U1,L1,L3,L1,D1: exhausted states 90 best 11 0.0s | cpu 5m12s wall 5m10s eta~5h46m best 72
  [367/21314   1.7%] exit 1 U1,L3,U2,U2,R1,R1,U2: exhausted states 2 best 7 0.0s | cpu 5m12s wall 5m10s eta~5h45m best 72
  [368/21314   1.7%] exit 1 U1,L2,U3,L3,U1,U1,R3: exhausted states 243 best 12 0.0s | cpu 5m12s wall 5m10s eta~5h44m best 72
  [369/21314   1.7%] exit 1 U1,U1,L2,U2,L2,U3,R3: exhausted states 172 best 15 0.0s | cpu 5m12s wall 5m10s eta~5h43m best 72
  [370/21314   1.7%] exit 1 U1,L1,L3,U2,R1,U2,R3: exhausted states 20,720 best 28 0.092s | cpu 5m12s wall 5m10s eta~5h42m best 72
  [371/21314   1.7%] exit 1 U1,L3,U3,U1,L1,U1,L2: exhausted states 2 best 7 0.0s | cpu 5m12s wall 5m11s eta~5h41m best 72
  [372/21314   1.7%] exit 1 U1,L1,U3,L3,U3,L2,U1: exhausted states 783 best 18 0.001s | cpu 5m12s wall 5m11s eta~5h40m best 72
  [373/21314   1.8%] exit 1 U1,L3,L2,U2,R1,U2,R1: exhausted states 196 best 14 0.0s | cpu 5m12s wall 5m11s eta~5h39m best 72
  [374/21314   1.8%] exit 1 U1,U1,L2,U1,L3,U2,R3: exhausted states 63 best 14 0.0s | cpu 5m12s wall 5m11s eta~5h38m best 72
  [375/21314   1.8%] exit 1 L1,U1,L3,U1,U3,L3,U1: exhausted states 3,805 best 26 0.008s | cpu 5m12s wall 5m11s eta~5h37m best 72
  [376/21314   1.8%] exit 1 U1,L3,L2,U2,L2,U2,U1: exhausted states 1,402 best 20 0.004s | cpu 5m12s wall 5m11s eta~5h36m best 72
  [377/21314   1.8%] exit 1 U1,L2,U1,L3,L2,U1,U1: exhausted states 724 best 21 0.001s | cpu 5m12s wall 5m11s eta~5h35m best 72
  [378/21314   1.8%] exit 1 L1,U1,L2,U3,U2,L1,D3: exhausted states 3 best 7 0.0s | cpu 5m12s wall 5m11s eta~5h34m best 72
  [379/21314   1.8%] exit 1 U1,L2,U1,R3,U1,U3,R1: exhausted states 30 best 13 0.0s | cpu 5m12s wall 5m11s eta~5h33m best 72
  [380/21314   1.8%] exit 1 U1,L2,U2,L3,U3,L2,D2: exhausted states 13 best 9 0.0s | cpu 5m12s wall 5m11s eta~5h32m best 72
  [381/21314   1.8%] exit 1 U1,U1,L3,L1,U1,L2,U2: exhausted states 6 best 8 0.0s | cpu 5m12s wall 5m11s eta~5h31m best 72
  [382/21314   1.8%] exit 1 R1,U1,U1,U3,L1,U3,L3: exhausted states 118,500 best 34 0.219s | cpu 5m13s wall 5m11s eta~5h30m best 72
  [383/21314   1.8%] exit 1 U1,L3,U1,U1,L1,L3,D2: exhausted states 34 best 10 0.0s | cpu 5m13s wall 5m11s eta~5h29m best 72
  [384/21314   1.8%] exit 1 U1,L3,U3,R3,U1,U1,L1: exhausted states 494 best 15 0.001s | cpu 5m13s wall 5m11s eta~5h28m best 72
  [385/21314   1.8%] exit 1 U1,L1,L1,U1,U1,U3,L2: exhausted states 12 best 9 0.0s | cpu 5m13s wall 5m11s eta~5h27m best 72
  [386/21314   1.8%] exit 1 U1,L2,U1,U1,L1,U2,L2: exhausted states 6 best 8 0.0s | cpu 5m13s wall 5m11s eta~5h26m best 72
  [387/21314   1.8%] exit 1 U1,U1,L3,L1,U3,U2,L1: exhausted states 7 best 8 0.0s | cpu 5m13s wall 5m11s eta~5h25m best 72
  [388/21314   1.8%] exit 1 U1,L2,U2,L3,U2,U2,R3: exhausted states 666 best 19 0.001s | cpu 5m13s wall 5m11s eta~5h24m best 72
  [389/21314   1.8%] exit 1 U1,L2,U2,L1,D2,L1,U3: exhausted states 6,147 best 25 0.021s | cpu 5m13s wall 5m11s eta~5h23m best 72
  [390/21314   1.8%] exit 1 U1,L3,U3,U1,L1,L3,U1: exhausted states 145 best 13 0.0s | cpu 5m13s wall 5m11s eta~5h22m best 72
  [391/21314   1.8%] exit 1 U1,U1,L1,U3,L2,L1,D2: exhausted states 75 best 11 0.0s | cpu 5m13s wall 5m11s eta~5h21m best 72
  [392/21314   1.8%] exit 1 U1,R3,U3,L1,L1,L3,D2: exhausted states 15,242 best 29 0.03s | cpu 5m13s wall 5m11s eta~5h20m best 72
  [393/21314   1.8%] exit 1 L1,U1,U3,L2,D3,L2,U2: exhausted states 15,663 best 26 0.038s | cpu 5m13s wall 5m11s eta~5h19m best 72
  [394/21314   1.8%] exit 1 L1,U1,U3,R2,U2,L2,L1: exhausted states 115,326 best 36 0.584s | cpu 5m13s wall 5m12s eta~5h19m best 72
  [395/21314   1.9%] exit 1 U1,L2,U2,U2,U1,L3,L2: exhausted states 52 best 11 0.0s | cpu 5m13s wall 5m12s eta~5h18m best 72
  [396/21314   1.9%] exit 1 U1,L2,U3,L3,U3,L2,D2: exhausted states 13 best 10 0.0s | cpu 5m13s wall 5m12s eta~5h17m best 72
  [397/21314   1.9%] exit 1 U1,R3,U2,L1,U1,U3,R2: exhausted states 2 best 7 0.0s | cpu 5m13s wall 5m12s eta~5h16m best 72
  [398/21314   1.9%] exit 1 L1,U1,L2,U1,U3,R3,D1: exhausted states 5 best 7 0.0s | cpu 5m13s wall 5m12s eta~5h15m best 72
  [399/21314   1.9%] exit 1 U1,L1,U3,L3,U3,U2,L3: exhausted states 6 best 8 0.0s | cpu 5m13s wall 5m12s eta~5h14m best 72
  [400/21314   1.9%] exit 1 U1,L1,U2,U1,L3,U3,R2: exhausted states 61 best 11 0.0s | cpu 5m13s wall 5m12s eta~5h13m best 72
  [401/21314   1.9%] exit 1 U1,L2,L2,U1,R1,U2,U1: exhausted states 96 best 10 0.0s | cpu 5m13s wall 5m12s eta~5h12m best 72
  [402/21314   1.9%] exit 1 U1,L2,U1,L1,U2,L2,D2: exhausted states 3 best 7 0.0s | cpu 5m13s wall 5m12s eta~5h12m best 72
  [403/21314   1.9%] exit 1 U1,L2,U3,R2,U1,R2,U2: exhausted states 77,429 best 39 0.483s | cpu 5m14s wall 5m12s eta~5h11m best 72
  [404/21314   1.9%] exit 1 L1,U1,L3,U1,R3,R2,U1: exhausted states 951 best 18 0.001s | cpu 5m14s wall 5m12s eta~5h10m best 72
  [405/21314   1.9%] exit 1 U1,L3,U2,U1,R3,U1,R3: exhausted states 2 best 7 0.0s | cpu 5m14s wall 5m12s eta~5h09m best 72
  [406/21314   1.9%] exit 1 U1,L1,U1,L3,U1,U1,R3: exhausted states 131 best 11 0.0s | cpu 5m14s wall 5m12s eta~5h08m best 72
  [407/21314   1.9%] exit 1 U1,L1,U3,U2,L3,U3,R2: exhausted states 61 best 11 0.0s | cpu 5m14s wall 5m13s eta~5h08m best 72
  [408/21314   1.9%] exit 1 U1,U1,L2,L2,D3,L1,U1: exhausted states 176 best 13 0.0s | cpu 5m14s wall 5m13s eta~5h07m best 72
  [409/21314   1.9%] exit 1 U1,L1,U2,L2,D1,L1,D3: exhausted states 2 best 7 0.0s | cpu 5m14s wall 5m13s eta~5h06m best 72
  [410/21314   1.9%] exit 1 U1,L1,U3,L2,U1,U3,R1: exhausted states 40 best 10 0.0s | cpu 5m14s wall 5m13s eta~5h05m best 72
  [411/21314   1.9%] exit 1 U1,U1,L1,U2,L2,U3,R3: exhausted states 3 best 7 0.0s | cpu 5m14s wall 5m13s eta~5h04m best 72
  [412/21314   1.9%] exit 1 U1,L1,L3,U2,L3,U3,R1: exhausted states 7,933 best 28 0.01s | cpu 5m14s wall 5m13s eta~5h03m best 72
  [413/21314   1.9%] exit 1 U1,L2,U2,U1,R3,R1,U1: exhausted states 3 best 7 0.0s | cpu 5m14s wall 5m13s eta~5h02m best 72
  [414/21314   1.9%] exit 1 L1,U1,L2,U2,R2,U1,R2: exhausted states 4,096 best 21 0.008s | cpu 5m14s wall 5m13s eta~5h02m best 72
  [415/21314   1.9%] exit 1 R1,U1,U1,L1,U1,U3,L3: exhausted states 213,124 best 39 0.499s | cpu 5m14s wall 5m13s eta~5h01m best 72
  [416/21314   2.0%] exit 1 U1,L1,U2,L1,U3,U1,R1: exhausted states 130 best 11 0.0s | cpu 5m14s wall 5m13s eta~5h00m best 72
  [417/21314   2.0%] exit 1 U1,L2,U2,R1,R3,U1,L1: exhausted states 36,383 best 30 0.057s | cpu 5m14s wall 5m13s eta~5h00m best 72
  [418/21314   2.0%] exit 1 L1,L1,U1,U3,L2,U3,R1: exhausted states 47,185 best 34 0.113s | cpu 5m14s wall 5m13s eta~4h59m best 72
  [419/21314   2.0%] exit 1 U1,L3,U3,L2,U3,R2,R1: exhausted states 4,709 best 24 0.018s | cpu 5m14s wall 5m13s eta~4h58m best 72
  [420/21314   2.0%] exit 1 U1,L3,U2,L1,U3,L2,U3: exhausted states 6 best 8 0.0s | cpu 5m14s wall 5m13s eta~4h57m best 72
  [421/21314   2.0%] exit 1 L1,U1,L2,U1,U3,R2,U1: exhausted states 1,758 best 20 0.002s | cpu 5m14s wall 5m13s eta~4h57m best 72
  [422/21314   2.0%] exit 1 U1,L3,L2,U2,R2,U2,L1: exhausted states 4,562 best 23 0.01s | cpu 5m14s wall 5m14s eta~4h56m best 72
  [423/21314   2.0%] exit 1 L1,L1,U1,U1,L1,U2,U1: exhausted states 3,358 best 24 0.005s | cpu 5m14s wall 5m14s eta~4h55m best 72
  [424/21314   2.0%] exit 1 U1,U1,L3,U3,L2,L1,U3: exhausted states 2 best 7 0.0s | cpu 5m14s wall 5m14s eta~4h54m best 72
  [425/21314   2.0%] exit 1 U1,L1,U1,U3,L3,U3,R3: exhausted states 61 best 11 0.0s | cpu 5m14s wall 5m14s eta~4h53m best 72
  [426/21314   2.0%] exit 1 U1,R1,U1,U1,L1,L1,L1: exhausted states 10,585 best 28 0.015s | cpu 5m14s wall 5m14s eta~4h53m best 72
  [427/21314   2.0%] exit 1 U1,L1,L3,U2,R1,U1,R3: exhausted states 350 best 12 0.001s | cpu 5m14s wall 5m14s eta~4h52m best 72
  [428/21314   2.0%] exit 1 U1,L2,U3,L1,D3,L1,D1: exhausted states 3 best 7 0.0s | cpu 5m14s wall 5m14s eta~4h51m best 72
  [429/21314   2.0%] exit 1 U1,U1,U3,L3,L2,D3,R2: exhausted states 377 best 15 0.001s | cpu 5m14s wall 5m14s eta~4h50m best 72
  [430/21314   2.0%] exit 1 U1,L2,U1,U1,R1,R1,D3: exhausted states 11 best 9 0.0s | cpu 5m14s wall 5m14s eta~4h50m best 72
  [431/21314   2.0%] exit 1 U1,L1,U3,U1,R1,R3,D1: exhausted states 7 best 7 0.0s | cpu 5m14s wall 5m14s eta~4h49m best 72
  [432/21314   2.0%] exit 1 U1,U1,L2,L2,U2,R2,U1: exhausted states 2,045 best 21 0.003s | cpu 5m14s wall 5m14s eta~4h48m best 72
  [433/21314   2.0%] exit 1 U1,L3,U1,L3,U3,L3,U2: exhausted states 96 best 13 0.0s | cpu 5m14s wall 5m14s eta~4h47m best 72
  [434/21314   2.0%] exit 1 U1,L3,U2,R1,U1,U1,R3: exhausted states 2 best 7 0.0s | cpu 5m14s wall 5m14s eta~4h47m best 72
  [435/21314   2.0%] exit 1 U1,L2,U3,L3,L2,D3,R1: exhausted states 7 best 8 0.0s | cpu 5m14s wall 5m14s eta~4h46m best 72
  [436/21314   2.0%] exit 1 U1,L3,U3,U1,R3,R2,U1: exhausted states 7 best 8 0.0s | cpu 5m14s wall 5m14s eta~4h45m best 72
  [437/21314   2.1%] exit 1 U1,L1,U1,L3,U2,R3,R2: exhausted states 65 best 10 0.0s | cpu 5m14s wall 5m14s eta~4h44m best 72
  [438/21314   2.1%] exit 1 U1,L3,U2,L2,U2,R3,U1: exhausted states 102 best 12 0.0s | cpu 5m14s wall 5m14s eta~4h44m best 72
  [439/21314   2.1%] exit 1 U1,U1,U3,U2,L3,L2,L2: exhausted states 93,574 best 46 0.967s | cpu 5m15s wall 5m15s eta~4h44m best 72
  [440/21314   2.1%] exit 1 U1,L1,U1,U1,U1,L1,L3: exhausted states 75 best 12 0.0s | cpu 5m15s wall 5m15s eta~4h43m best 72
  [441/21314   2.1%] exit 1 U1,L1,U1,L3,U2,R2,R2: exhausted states 65 best 10 0.0s | cpu 5m15s wall 5m15s eta~4h42m best 72
  [442/21314   2.1%] exit 1 U1,L2,U3,L2,U3,L1,U3: exhausted states 2 best 7 0.0s | cpu 5m15s wall 5m15s eta~4h42m best 72
  [443/21314   2.1%] exit 1 L1,U1,U1,L2,U1,U3,L1: exhausted states 37 best 11 0.0s | cpu 5m15s wall 5m15s eta~4h41m best 72
  [444/21314   2.1%] exit 1 L1,L1,U1,L1,U3,U1,R1: exhausted states 28,562 best 27 0.025s | cpu 5m15s wall 5m15s eta~4h40m best 72
  [445/21314   2.1%] exit 1 U1,L3,U1,U1,R3,U2,R3: exhausted states 6 best 8 0.0s | cpu 5m15s wall 5m15s eta~4h39m best 72
  [446/21314   2.1%] exit 1 U1,L1,U3,L2,U3,L3,U2: exhausted states 72 best 12 0.0s | cpu 5m15s wall 5m15s eta~4h39m best 72
  [447/21314   2.1%] exit 1 U1,L3,U1,L1,U2,L2,U3: exhausted states 6 best 8 0.0s | cpu 5m15s wall 5m15s eta~4h38m best 72
  [448/21314   2.1%] exit 1 L1,U1,L1,U3,L1,D2,D2: exhausted states 1 best 7 0.0s | cpu 5m15s wall 5m15s eta~4h37m best 72
  [449/21314   2.1%] exit 1 U1,L2,L1,U3,U1,U3,L1: exhausted states 25 best 11 0.0s | cpu 5m15s wall 5m15s eta~4h37m best 72
  [450/21314   2.1%] exit 1 U1,L1,U1,U3,U1,R1,R1: exhausted states 16 best 9 0.0s | cpu 5m15s wall 5m15s eta~4h36m best 72
  [451/21314   2.1%] exit 1 U1,L2,U3,L2,U2,L2,U1: exhausted states 6,354 best 29 0.029s | cpu 5m16s wall 5m15s eta~4h35m best 72
  [452/21314   2.1%] exit 1 U1,L3,U3,L3,U1,R1,U1: exhausted states 52 best 11 0.001s | cpu 5m16s wall 5m15s eta~4h35m best 72
  [453/21314   2.1%] exit 1 U1,L3,U2,R1,U2,R3,D1: exhausted states 2 best 7 0.0s | cpu 5m16s wall 5m15s eta~4h34m best 72
  [454/21314   2.1%] exit 1 U1,L2,U3,U2,L3,U1,L2: exhausted states 2 best 7 0.0s | cpu 5m16s wall 5m15s eta~4h33m best 72
  [455/21314   2.1%] exit 1 U1,L3,U1,U3,U2,R3,D1: exhausted states 104,460 best 37 0.801s | cpu 5m16s wall 5m16s eta~4h33m best 72
  [456/21314   2.1%] exit 1 U1,L2,U2,R3,U1,U1,R1: exhausted states 3 best 7 0.0s | cpu 5m16s wall 5m16s eta~4h33m best 72
  [457/21314   2.1%] exit 1 U1,L3,U1,L3,U2,L1,U3: exhausted states 2 best 7 0.0s | cpu 5m16s wall 5m16s eta~4h32m best 72
  [458/21314   2.1%] exit 1 U1,L2,U3,U1,R2,U2,L3: exhausted states 731 best 15 0.002s | cpu 5m16s wall 5m16s eta~4h31m best 72
  [459/21314   2.2%] exit 1 L1,U1,L3,U2,U1,U3,R1: exhausted states 29,815 best 29 0.08s | cpu 5m16s wall 5m16s eta~4h31m best 72
  [460/21314   2.2%] exit 1 U1,L2,L2,U1,U3,R3,U2: exhausted states 119 best 11 0.0s | cpu 5m16s wall 5m16s eta~4h30m best 72
  [461/21314   2.2%] exit 1 U1,L1,L3,U3,L2,U1,U3: exhausted states 99,550 best 36 0.379s | cpu 5m17s wall 5m17s eta~4h30m best 72
  [462/21314   2.2%] exit 1 L1,U1,U1,L3,U3,U1,R3: exhausted states 291 best 12 0.0s | cpu 5m17s wall 5m17s eta~4h29m best 72
  [463/21314   2.2%] exit 1 U1,L3,U1,L2,U2,L2,U2: exhausted states 1,525 best 24 0.004s | cpu 5m17s wall 5m17s eta~4h28m best 72
  [464/21314   2.2%] exit 1 L1,U1,U1,L1,U1,L3,U1: exhausted states 449 best 14 0.001s | cpu 5m17s wall 5m17s eta~4h28m best 72
  [465/21314   2.2%] exit 1 U1,L2,U3,L3,U1,R2,U1: exhausted states 1,116 best 20 0.002s | cpu 5m17s wall 5m17s eta~4h27m best 72
  [466/21314   2.2%] exit 1 L1,U1,U3,L3,U2,L3,D3: exhausted states 39 best 12 0.0s | cpu 5m17s wall 5m17s eta~4h26m best 72
  [467/21314   2.2%] exit 1 L1,U1,L3,U3,R3,U1,L3: exhausted states 681 best 14 0.001s | cpu 5m17s wall 5m17s eta~4h26m best 72
  [468/21314   2.2%] exit 1 U1,U1,U3,U2,L1,L1,D1: exhausted states 2,313,561 best 56 27.949s | cpu 5m45s wall 5m45s eta~4h48m best 72
  [469/21314   2.2%] exit 1 U1,L1,U3,L1,U2,L3,D1: exhausted states 30 best 11 0.0s | cpu 5m45s wall 5m45s eta~4h48m best 72
  [470/21314   2.2%] exit 1 L1,U1,U1,U1,R3,R2,U1: exhausted states 7 best 8 0.0s | cpu 5m45s wall 5m45s eta~4h47m best 72
  [471/21314   2.2%] exit 1 U1,L1,U2,U2,L2,L1,U1: exhausted states 3 best 7 0.0s | cpu 5m45s wall 5m45s eta~4h46m best 72
  [472/21314   2.2%] exit 1 U1,L3,L1,U3,U1,U1,L2: exhausted states 2 best 7 0.0s | cpu 5m45s wall 5m45s eta~4h46m best 72
  [473/21314   2.2%] exit 1 U1,L3,U3,U2,R2,U1,L3: exhausted states 2,381 best 24 0.003s | cpu 5m45s wall 5m45s eta~4h45m best 72
  [474/21314   2.2%] exit 1 U1,L1,U1,U3,L3,U3,R1: exhausted states 64 best 11 0.0s | cpu 5m45s wall 5m45s eta~4h44m best 72
  [475/21314   2.2%] exit 1 U1,L1,U1,U1,R2,R1,U2: exhausted states 2 best 7 0.0s | cpu 5m45s wall 5m45s eta~4h44m best 72
  [476/21314   2.2%] exit 1 U1,L1,U3,L1,U3,U1,R2: exhausted states 127 best 11 0.0s | cpu 5m45s wall 5m45s eta~4h43m best 72
  [477/21314   2.2%] exit 1 L1,U1,U3,U2,R2,R1,U1: exhausted states 3 best 7 0.0s | cpu 5m45s wall 5m45s eta~4h42m best 72
  [478/21314   2.2%] exit 1 U1,L3,U3,L3,D2,L2,D1: exhausted states 3 best 8 0.0s | cpu 5m45s wall 5m45s eta~4h42m best 72
  [479/21314   2.2%] exit 1 U1,L3,U2,U1,R3,U3,L2: exhausted states 261 best 13 0.0s | cpu 5m45s wall 5m45s eta~4h41m best 72
  [480/21314   2.3%] exit 1 L1,U1,L1,U3,U2,L3,U2: exhausted states 1,494 best 24 0.001s | cpu 5m45s wall 5m45s eta~4h40m best 72
  [481/21314   2.3%] exit 1 L1,L1,U1,L2,U2,U2,R1: exhausted states 25,400 best 28 0.027s | cpu 5m45s wall 5m45s eta~4h40m best 72
  [482/21314   2.3%] exit 1 U1,L2,U1,R3,U1,U1,R3: exhausted states 2 best 7 0.0s | cpu 5m45s wall 5m45s eta~4h39m best 72
  [483/21314   2.3%] exit 1 U1,U1,L3,U2,R1,U1,R3: exhausted states 2 best 7 0.0s | cpu 5m45s wall 5m45s eta~4h38m best 72
  [484/21314   2.3%] exit 1 U1,L3,L2,U1,L2,U1,U3: exhausted states 6,560 best 27 0.012s | cpu 5m45s wall 5m45s eta~4h38m best 72
  [485/21314   2.3%] exit 1 L1,U1,U1,L3,U1,U1,L3: exhausted states 2 best 7 0.0s | cpu 5m45s wall 5m45s eta~4h37m best 72
  [486/21314   2.3%] exit 1 U1,U1,L1,L3,U1,U3,R2: exhausted states 404 best 13 0.001s | cpu 5m45s wall 5m45s eta~4h37m best 72
  [487/21314   2.3%] exit 1 U1,L2,U2,R3,U2,L2,U2: exhausted states 1,451 best 19 0.003s | cpu 5m45s wall 5m45s eta~4h36m best 72
  [488/21314   2.3%] exit 1 U1,L1,L3,U1,U1,L3,U2: exhausted states 1,074 best 24 0.001s | cpu 5m45s wall 5m45s eta~4h35m best 72
  [489/21314   2.3%] exit 1 U1,L3,U2,L1,U2,L1,U3: exhausted states 2 best 7 0.0s | cpu 5m45s wall 5m45s eta~4h35m best 72
  [490/21314   2.3%] exit 1 L1,U1,U1,U1,R2,U2,L2: exhausted states 355 best 13 0.0s | cpu 5m45s wall 5m45s eta~4h34m best 72
  [491/21314   2.3%] exit 1 U1,L3,U1,U1,L2,L1,U1: exhausted states 3 best 7 0.0s | cpu 5m45s wall 5m45s eta~4h33m best 72
  [492/21314   2.3%] exit 1 U1,U1,U1,L2,L2,L2,U3: exhausted states 6 best 8 0.0s | cpu 5m45s wall 5m45s eta~4h33m best 72
  [493/21314   2.3%] exit 1 U1,U1,L2,L1,L3,D1,D1: exhausted states 8 best 8 0.0s | cpu 5m45s wall 5m45s eta~4h32m best 72
  [494/21314   2.3%] exit 1 U1,L2,U2,L2,D2,L2,D1: exhausted states 3 best 7 0.0s | cpu 5m45s wall 5m45s eta~4h31m best 72
  [495/21314   2.3%] exit 1 U1,R2,U2,L1,L1,U1,U3: exhausted states 10,013 best 22 0.012s | cpu 5m45s wall 5m45s eta~4h31m best 72
  [496/21314   2.3%] exit 1 U1,L2,U2,L1,U2,L2,U3: exhausted states 6 best 8 0.0s | cpu 5m45s wall 5m45s eta~4h30m best 72
  [497/21314   2.3%] exit 1 U1,L2,U3,L1,L1,D1,D1: exhausted states 4 best 8 0.0s | cpu 5m45s wall 5m45s eta~4h30m best 72
  [498/21314   2.3%] exit 1 U1,U1,L3,U2,U1,R1,R1: exhausted states 4 best 8 0.0s | cpu 5m45s wall 5m45s eta~4h29m best 72
  [499/21314   2.3%] exit 1 U1,L3,U1,U3,L2,D3,L2: exhausted states 101 best 11 0.0s | cpu 5m45s wall 5m45s eta~4h28m best 72
  [500/21314   2.3%] exit 1 U1,L3,L1,U3,L3,D3,D1: exhausted states 2 best 7 0.0s | cpu 5m45s wall 5m45s eta~4h28m best 72
  [501/21314   2.4%] exit 1 U1,U1,L2,U1,R3,U2,L3: exhausted states 629 best 15 0.001s | cpu 5m45s wall 5m45s eta~4h27m best 72
  [502/21314   2.4%] exit 1 U1,L2,U2,L1,U3,U1,L3: exhausted states 2 best 7 0.0s | cpu 5m45s wall 5m45s eta~4h27m best 72
  [503/21314   2.4%] exit 1 U1,L1,U3,L2,L1,D2,D1: exhausted states 4 best 8 0.0s | cpu 5m45s wall 5m45s eta~4h26m best 72
  [504/21314   2.4%] exit 1 U1,R2,U3,L1,L1,L3,U3: exhausted states 7,371 best 26 0.011s | cpu 5m45s wall 5m45s eta~4h25m best 72
  [505/21314   2.4%] exit 1 U1,L3,U3,L2,L2,U1,U3: exhausted states 78 best 12 0.0s | cpu 5m45s wall 5m45s eta~4h25m best 72
  [506/21314   2.4%] exit 1 U1,U1,L1,U1,U3,L3,L1: exhausted states 361 best 16 0.001s | cpu 5m45s wall 5m45s eta~4h24m best 72
  [507/21314   2.4%] exit 1 U1,L3,U3,U2,R2,D3,R1: exhausted states 7 best 9 0.0s | cpu 5m45s wall 5m45s eta~4h24m best 72
  [508/21314   2.4%] exit 1 U1,L1,U3,L1,U1,U1,R2: exhausted states 127 best 11 0.0s | cpu 5m45s wall 5m45s eta~4h23m best 72
  [509/21314   2.4%] exit 1 U1,L2,U2,L2,L1,U3,U1: exhausted states 5,720 best 26 0.023s | cpu 5m45s wall 5m45s eta~4h23m best 72
  [510/21314   2.4%] exit 1 U1,L3,U2,R3,U2,L3,L2: exhausted states 161 best 11 0.0s | cpu 5m45s wall 5m45s eta~4h22m best 72
  [511/21314   2.4%] exit 1 U1,U1,L2,U3,U1,R1,R3: exhausted states 12 best 9 0.0s | cpu 5m45s wall 5m45s eta~4h21m best 72
  [512/21314   2.4%] exit 1 U1,L2,U1,L2,U3,L2,U3: exhausted states 3,750 best 26 0.012s | cpu 5m45s wall 5m46s eta~4h21m best 72
  [513/21314   2.4%] exit 1 U1,L1,L3,U1,U3,R2,D1: exhausted states 994,864 best 54 5.549s | cpu 5m50s wall 5m51s eta~4h24m best 72
  [514/21314   2.4%] exit 1 L1,U1,L2,U1,U1,L2,U3: exhausted states 568 best 16 0.0s | cpu 5m50s wall 5m51s eta~4h24m best 72
  [515/21314   2.4%] exit 1 U1,L2,U2,L1,L3,D1,R1: exhausted states 5 best 7 0.0s | cpu 5m50s wall 5m51s eta~4h23m best 72
  [516/21314   2.4%] exit 1 U1,L2,U1,L3,U3,U1,L2: exhausted states 2 best 7 0.0s | cpu 5m50s wall 5m51s eta~4h23m best 72
  [517/21314   2.4%] exit 1 U1,L2,U3,L1,U2,U2,L3: exhausted states 6 best 8 0.0s | cpu 5m50s wall 5m51s eta~4h22m best 72
  [518/21314   2.4%] exit 1 L1,U1,L2,U3,U1,U1,R3: exhausted states 161 best 11 0.0s | cpu 5m50s wall 5m51s eta~4h22m best 72
  [519/21314   2.4%] exit 1 L1,U1,U3,U1,R1,R3,U1: exhausted states 3,013 best 23 0.004s | cpu 5m50s wall 5m51s eta~4h21m best 72
  [520/21314   2.4%] exit 1 U1,U1,U1,L3,L1,D2,D2: exhausted states 77 best 10 0.0s | cpu 5m50s wall 5m51s eta~4h20m best 72
  [521/21314   2.4%] exit 1 L1,U1,U3,U2,L1,U3,L1: exhausted states 212 best 16 0.0s | cpu 5m50s wall 5m51s eta~4h20m best 72
  [522/21314   2.4%] exit 1 U1,U1,L3,U3,U1,L3,L1: exhausted states 295 best 16 0.0s | cpu 5m50s wall 5m51s eta~4h19m best 72
  [523/21314   2.5%] exit 1 U1,L1,L3,U3,R3,R2,U1: exhausted states 951 best 18 0.001s | cpu 5m50s wall 5m51s eta~4h19m best 72
  [524/21314   2.5%] exit 1 U1,U1,L1,U1,U1,L2,L2: exhausted states 181 best 13 0.0s | cpu 5m50s wall 5m51s eta~4h18m best 72
  [525/21314   2.5%] exit 1 U1,L1,U2,L1,U2,L3,U3: exhausted states 224 best 13 0.0s | cpu 5m50s wall 5m51s eta~4h18m best 72
  [526/21314   2.5%] exit 1 U1,L1,U2,L2,U1,L1,U3: exhausted states 2 best 7 0.0s | cpu 5m50s wall 5m51s eta~4h17m best 72
  [527/21314   2.5%] exit 1 U1,R2,U1,L1,L1,L3,D1: exhausted states 8,348 best 27 0.021s | cpu 5m50s wall 5m51s eta~4h17m best 72
  [528/21314   2.5%] exit 1 U1,L2,U3,L1,D3,L2,D1: exhausted states 3 best 8 0.0s | cpu 5m50s wall 5m51s eta~4h16m best 72
  [529/21314   2.5%] exit 1 U1,L1,L3,U1,R2,U2,R2: exhausted states 590,226 best 58 9.247s | cpu 6m00s wall 6m01s eta~4h22m best 72
  [530/21314   2.5%] exit 1 U1,R3,U3,L1,L1,U1,L2: exhausted states 793 best 15 0.001s | cpu 6m00s wall 6m01s eta~4h22m best 72
  [531/21314   2.5%] exit 1 U1,L2,U2,L3,U2,U2,R1: exhausted states 1,306 best 27 0.011s | cpu 6m00s wall 6m01s eta~4h21m best 72
  [532/21314   2.5%] exit 1 U1,L2,U3,L2,U3,R1,R1: exhausted states 7,335 best 26 0.023s | cpu 6m00s wall 6m01s eta~4h21m best 72
  [533/21314   2.5%] exit 1 U1,U1,L1,U2,L1,L3,U3: exhausted states 72 best 12 0.0s | cpu 6m00s wall 6m01s eta~4h20m best 72
  [534/21314   2.5%] exit 1 U1,L3,U3,U1,R2,U3,L1: exhausted states 706 best 15 0.001s | cpu 6m00s wall 6m01s eta~4h20m best 72
  [535/21314   2.5%] exit 1 L1,U1,U1,L2,U3,U2,R2: exhausted states 1,009 best 16 0.001s | cpu 6m00s wall 6m01s eta~4h19m best 72
  [536/21314   2.5%] exit 1 U1,U1,L3,U1,L1,L1,D1: exhausted states 78 best 11 0.0s | cpu 6m00s wall 6m01s eta~4h19m best 72
  [537/21314   2.5%] exit 1 U1,L3,U1,L3,U1,L2,U2: exhausted states 388 best 16 0.001s | cpu 6m00s wall 6m01s eta~4h18m best 72
  [538/21314   2.5%] exit 1 R1,U1,U3,L1,L3,L1,U2: exhausted states 68,383 best 32 0.144s | cpu 6m00s wall 6m01s eta~4h18m best 72
  [539/21314   2.5%] exit 1 R1,U1,U1,L1,L3,U3,U1: exhausted states 1,866 best 18 0.002s | cpu 6m00s wall 6m01s eta~4h17m best 72
  [540/21314   2.5%] exit 1 U1,L3,U3,R2,U2,L2,U2: exhausted states 163 best 16 0.0s | cpu 6m00s wall 6m01s eta~4h16m best 72
  [541/21314   2.5%] exit 1 U1,L2,U1,U1,L2,L2,U3: exhausted states 6 best 8 0.0s | cpu 6m00s wall 6m01s eta~4h16m best 72
  [542/21314   2.5%] exit 1 R1,U1,U3,L1,L3,L2,D2: exhausted states 792,405 best 58 4.431s | cpu 6m04s wall 6m05s eta~4h19m best 72
  [543/21314   2.5%] exit 1 U1,U1,L2,U1,U3,L3,L1: exhausted states 361 best 16 0.0s | cpu 6m04s wall 6m05s eta~4h18m best 72
  [544/21314   2.6%] exit 1 U1,L3,U2,L3,L2,U3,U1: exhausted states 158 best 13 0.0s | cpu 6m04s wall 6m05s eta~4h18m best 72
  [545/21314   2.6%] exit 1 U1,L2,L2,U2,L2,U1,R1: exhausted states 9,853 best 24 0.015s | cpu 6m04s wall 6m06s eta~4h17m best 72
  [546/21314   2.6%] exit 1 R1,U1,U1,L1,L1,L1,U2: exhausted states 2,119 best 19 0.002s | cpu 6m04s wall 6m06s eta~4h16m best 72
  [547/21314   2.6%] exit 1 U1,L1,U3,U2,R2,R2,U2: exhausted states 6 best 8 0.0s | cpu 6m04s wall 6m06s eta~4h16m best 72
  [548/21314   2.6%] exit 1 L1,U1,U3,U1,L1,U2,L1: exhausted states 7 best 8 0.0s | cpu 6m04s wall 6m06s eta~4h15m best 72
  [549/21314   2.6%] exit 1 L1,U1,U3,U2,R1,U3,R1: exhausted states 29 best 10 0.0s | cpu 6m04s wall 6m06s eta~4h15m best 72
  [550/21314   2.6%] exit 1 L1,U1,L3,L1,U1,U3,U2: exhausted states 98,765 best 37 0.217s | cpu 6m05s wall 6m06s eta~4h15m best 72
  [551/21314   2.6%] exit 1 U1,L2,U3,L1,U1,U1,R1: exhausted states 208 best 12 0.0s | cpu 6m05s wall 6m06s eta~4h14m best 72
  [552/21314   2.6%] exit 1 U1,L2,L1,U2,U2,R1,R3: exhausted states 67,853 best 29 0.158s | cpu 6m05s wall 6m06s eta~4h14m best 72
  [553/21314   2.6%] exit 1 U1,L3,U1,R1,R1,U1,U3: exhausted states 1,397 best 16 0.002s | cpu 6m05s wall 6m06s eta~4h13m best 72
  [554/21314   2.6%] exit 1 U1,L3,U3,U2,L2,U3,R1: exhausted states 1,222 best 20 0.002s | cpu 6m05s wall 6m06s eta~4h13m best 72
  [555/21314   2.6%] exit 1 U1,R3,U1,L1,L3,U1,L3: exhausted states 883 best 15 0.001s | cpu 6m05s wall 6m06s eta~4h12m best 72
  [556/21314   2.6%] exit 1 U1,L1,L3,U2,L1,D3,D1: exhausted states 9 best 10 0.0s | cpu 6m05s wall 6m06s eta~4h12m best 72
  [557/21314   2.6%] exit 1 U1,L2,U3,U2,R1,U2,R2: exhausted states 50 best 13 0.0s | cpu 6m05s wall 6m06s eta~4h11m best 72
  [558/21314   2.6%] exit 1 U1,L1,U2,U1,R3,R2,U1: exhausted states 7 best 8 0.0s | cpu 6m05s wall 6m06s eta~4h11m best 72
  [559/21314   2.6%] exit 1 U1,L1,U3,L3,U1,R3,U1: exhausted states 96 best 11 0.0s | cpu 6m05s wall 6m06s eta~4h10m best 72
  [560/21314   2.6%] exit 1 U1,L3,U3,R3,U2,R1,U3: exhausted states 2 best 7 0.0s | cpu 6m05s wall 6m06s eta~4h10m best 72
  [561/21314   2.6%] exit 1 L1,U1,L3,U1,U1,R2,R1: exhausted states 710 best 19 0.001s | cpu 6m05s wall 6m06s eta~4h09m best 72
  [562/21314   2.6%] exit 1 U1,L3,U3,L2,L2,U1,U1: exhausted states 76 best 12 0.0s | cpu 6m05s wall 6m06s eta~4h09m best 72
  [563/21314   2.6%] exit 1 L1,L1,U1,U1,U3,U1,R2: exhausted states 205,883 best 66 1.49s | cpu 6m06s wall 6m08s eta~4h09m best 72
  [564/21314   2.6%] exit 1 U1,R3,U2,L1,L1,L3,L1: exhausted states 3,045 best 24 0.004s | cpu 6m06s wall 6m08s eta~4h09m best 72
  [565/21314   2.7%] exit 1 U1,L3,L2,U1,U3,L2,D3: exhausted states 29 best 10 0.0s | cpu 6m06s wall 6m08s eta~4h08m best 72
  [566/21314   2.7%] exit 1 L1,U1,U3,L3,U3,U1,R1: exhausted states 294 best 12 0.0s | cpu 6m06s wall 6m08s eta~4h08m best 72
  [567/21314   2.7%] exit 1 U1,L3,L2,U3,R2,U2,U1: exhausted states 1,388 best 22 0.004s | cpu 6m06s wall 6m08s eta~4h07m best 72
  [568/21314   2.7%] exit 1 U1,L3,U1,R3,U1,L2,U2: exhausted states 1,019 best 14 0.003s | cpu 6m06s wall 6m08s eta~4h07m best 72
  [569/21314   2.7%] exit 1 U1,R2,U1,L1,L3,D3,L1: exhausted states 55,933 best 34 0.246s | cpu 6m06s wall 6m08s eta~4h06m best 72
  [570/21314   2.7%] exit 1 U1,L1,L3,U2,R2,U1,R1: exhausted states 6,015 best 27 0.018s | cpu 6m06s wall 6m08s eta~4h06m best 72
  [571/21314   2.7%] exit 1 U1,L3,U2,L1,D2,L1,U2: exhausted states 1,131 best 15 0.002s | cpu 6m06s wall 6m08s eta~4h06m best 72
  [572/21314   2.7%] exit 1 U1,L3,L2,U3,U2,R3,R2: exhausted states 82 best 10 0.0s | cpu 6m06s wall 6m08s eta~4h05m best 72
  [573/21314   2.7%] exit 1 U1,L2,U3,U1,R2,U2,R3: exhausted states 6 best 8 0.0s | cpu 6m06s wall 6m08s eta~4h05m best 72
  [574/21314   2.7%] exit 1 U1,L3,U3,L3,U3,R3,R1: exhausted states 98 best 13 0.0s | cpu 6m06s wall 6m08s eta~4h04m best 72
  [575/21314   2.7%] exit 1 U1,L3,U3,L3,U2,U1,L3: exhausted states 2 best 7 0.0s | cpu 6m06s wall 6m08s eta~4h04m best 72
  [576/21314   2.7%] exit 1 U1,U1,L2,U1,L2,L2,D1: exhausted states 90 best 11 0.0s | cpu 6m06s wall 6m08s eta~4h03m best 72
  [577/21314   2.7%] exit 1 U1,L1,L3,U1,U3,L3,D2: exhausted states 29 best 10 0.0s | cpu 6m06s wall 6m08s eta~4h03m best 72
  [578/21314   2.7%] exit 1 U1,U1,U3,L3,D1,L2,U1: exhausted states 343,541 best 38 3.081s | cpu 6m10s wall 6m11s eta~4h04m best 72
  [579/21314   2.7%] exit 1 L1,U1,L2,U3,L2,U3,R1: exhausted states 3,272 best 19 0.004s | cpu 6m10s wall 6m11s eta~4h04m best 72
  [580/21314   2.7%] exit 1 U1,L1,U3,L1,D2,L2,U3: exhausted states 2,243 best 15 0.002s | cpu 6m10s wall 6m11s eta~4h03m best 72
  [581/21314   2.7%] exit 1 U1,L2,U3,U1,R1,U2,R2: exhausted states 6 best 8 0.0s | cpu 6m10s wall 6m11s eta~4h03m best 72
  [582/21314   2.7%] exit 1 U1,U1,U1,L3,L2,U2,L3: exhausted states 482 best 16 0.001s | cpu 6m10s wall 6m11s eta~4h02m best 72
  [583/21314   2.7%] exit 1 U1,L2,U3,L1,L3,U3,U2: exhausted states 6,311 best 36 0.01s | cpu 6m10s wall 6m11s eta~4h02m best 72
  [584/21314   2.7%] exit 1 U1,L3,U2,U2,R3,U2,R2: exhausted states 14 best 13 0.0s | cpu 6m10s wall 6m11s eta~4h02m best 72
  [585/21314   2.7%] exit 1 U1,L3,U3,L3,L1,U1,U3: exhausted states 338 best 16 0.0s | cpu 6m10s wall 6m11s eta~4h01m best 72
  [586/21314   2.7%] exit 1 U1,R3,U1,U3,L1,U2,L2: exhausted states 1,161,316 best 58 33.543s | cpu 6m43s wall 6m45s eta~4h22m best 72
  [587/21314   2.8%] exit 1 U1,L1,L3,U2,R3,R2,R2: exhausted states 473 best 14 0.0s | cpu 6m43s wall 6m45s eta~4h22m best 72
  [588/21314   2.8%] exit 1 U1,L2,U3,L1,U3,U2,R1: exhausted states 258 best 12 0.0s | cpu 6m43s wall 6m45s eta~4h21m best 72
  [589/21314   2.8%] exit 1 U1,L2,U2,L1,U2,U2,L1: exhausted states 7 best 8 0.0s | cpu 6m43s wall 6m45s eta~4h21m best 72
  [590/21314   2.8%] exit 1 U1,U1,U3,L2,D2,L2,L2: exhausted states 2,397,023 best 56 46.367s | cpu 7m29s wall 7m31s eta~4h50m best 72
  [591/21314   2.8%] exit 1 L1,U1,U1,U3,L1,D2,D1: exhausted states 15 best 9 0.0s | cpu 7m29s wall 7m31s eta~4h50m best 72
  [592/21314   2.8%] exit 1 L1,U1,U3,U1,R3,R1,U3: exhausted states 2 best 7 0.0s | cpu 7m29s wall 7m31s eta~4h49m best 72
  [593/21314   2.8%] exit 1 L1,U1,L2,U3,R3,U1,L1: exhausted states 250 best 15 0.0s | cpu 7m29s wall 7m32s eta~4h49m best 72
  [594/21314   2.8%] exit 1 U1,L2,U1,L2,U3,L3,D2: exhausted states 29 best 10 0.0s | cpu 7m29s wall 7m32s eta~4h48m best 72
  [595/21314   2.8%] exit 1 U1,L3,U3,L3,U2,L1,D3: exhausted states 37 best 12 0.0s | cpu 7m29s wall 7m32s eta~4h48m best 72
  [596/21314   2.8%] exit 1 U1,L2,U1,R2,U2,L2,L1: exhausted states 2,738 best 24 0.006s | cpu 7m29s wall 7m32s eta~4h47m best 72
  [597/21314   2.8%] exit 1 L1,L1,U1,U1,R1,U1,R1: exhausted states 424 best 14 0.0s | cpu 7m29s wall 7m32s eta~4h46m best 72
  [598/21314   2.8%] exit 1 L1,U1,U1,R2,U2,R3,U2: exhausted states 1,756 best 25 0.003s | cpu 7m29s wall 7m32s eta~4h46m best 72
  [599/21314   2.8%] exit 1 U1,L2,U3,U1,L3,U2,L1: exhausted states 7 best 8 0.0s | cpu 7m29s wall 7m32s eta~4h45m best 72
  [600/21314   2.8%] exit 1 U1,L3,U1,L3,L2,U2,R1: exhausted states 431 best 13 0.001s | cpu 7m29s wall 7m32s eta~4h45m best 72
  [601/21314   2.8%] exit 1 U1,L1,U3,U2,L2,D3,L1: exhausted states 36 best 10 0.0s | cpu 7m29s wall 7m32s eta~4h44m best 72
  [602/21314   2.8%] exit 1 U1,L1,U1,L2,L1,U3,U1: exhausted states 89 best 12 0.0s | cpu 7m29s wall 7m32s eta~4h44m best 72
  [603/21314   2.8%] exit 1 U1,L3,L2,U2,L3,D3,D2: exhausted states 6 best 9 0.0s | cpu 7m29s wall 7m32s eta~4h43m best 72
  [604/21314   2.8%] exit 1 U1,L3,U1,L3,L1,D3,D1: exhausted states 8 best 8 0.0s | cpu 7m29s wall 7m32s eta~4h43m best 72
  [605/21314   2.8%] exit 1 U1,L2,L2,U2,U2,U2,L3: exhausted states 6 best 8 0.0s | cpu 7m29s wall 7m32s eta~4h42m best 72
  [606/21314   2.8%] exit 1 U1,L3,U2,L3,L2,D2,D1: exhausted states 3 best 7 0.0s | cpu 7m29s wall 7m32s eta~4h42m best 72
  [607/21314   2.8%] exit 1 U1,L2,U1,U3,L2,U2,R1: exhausted states 481,948 best 45 4.929s | cpu 7m34s wall 7m37s eta~4h44m best 72
  [608/21314   2.9%] exit 1 L1,U1,L3,U1,L2,U1,U1: exhausted states 18,892 best 29 0.036s | cpu 7m34s wall 7m37s eta~4h44m best 72
  [609/21314   2.9%] exit 1 U1,L2,L2,U1,U1,U1,L3: exhausted states 2 best 7 0.0s | cpu 7m34s wall 7m37s eta~4h43m best 72
  [610/21314   2.9%] exit 1 U1,U1,U1,L3,L2,U3,L2: exhausted states 120 best 13 0.0s | cpu 7m34s wall 7m37s eta~4h43m best 72
  [611/21314   2.9%] exit 1 U1,U1,L1,L3,D3,L2,U2: exhausted states 2,333 best 18 0.004s | cpu 7m34s wall 7m37s eta~4h42m best 72
  [612/21314   2.9%] exit 1 U1,U1,U3,L3,D2,L2,L1: exhausted states 1,364 best 22 0.004s | cpu 7m34s wall 7m37s eta~4h42m best 72
  [613/21314   2.9%] exit 1 L1,U1,U3,U2,R2,R1,D2: exhausted states 12 best 8 0.0s | cpu 7m34s wall 7m37s eta~4h41m best 72
  [614/21314   2.9%] exit 1 U1,L1,L3,U2,U2,U2,L1: exhausted states 7 best 8 0.0s | cpu 7m34s wall 7m37s eta~4h41m best 72
  [615/21314   2.9%] exit 1 U1,L1,U3,L2,U3,L2,U1: exhausted states 341 best 18 0.001s | cpu 7m34s wall 7m37s eta~4h40m best 72
  [616/21314   2.9%] exit 1 L1,U1,U3,R1,U2,R1,D3: exhausted states 3 best 7 0.0s | cpu 7m34s wall 7m37s eta~4h40m best 72
  [617/21314   2.9%] exit 1 U1,L1,U1,U3,L3,L2,D2: exhausted states 189 best 13 0.0s | cpu 7m34s wall 7m37s eta~4h39m best 72
  [618/21314   2.9%] exit 1 U1,R3,U2,U2,L1,L1,L1: exhausted states 7,409 best 28 0.012s | cpu 7m34s wall 7m37s eta~4h39m best 72
  [619/21314   2.9%] exit 1 U1,U1,U3,L3,U2,L1,D1: exhausted states 48,485 best 33 0.597s | cpu 7m35s wall 7m38s eta~4h39m best 72
  [620/21314   2.9%] exit 1 L1,U1,U3,U1,R3,R2,U3: exhausted states 6 best 8 0.0s | cpu 7m35s wall 7m38s eta~4h38m best 72
  [621/21314   2.9%] exit 1 U1,L3,U3,U2,L3,D2,L2: exhausted states 593 best 16 0.001s | cpu 7m35s wall 7m38s eta~4h38m best 72
  [622/21314   2.9%] exit 1 U1,L1,U2,U1,R3,U1,L2: exhausted states 261 best 13 0.0s | cpu 7m35s wall 7m38s eta~4h37m best 72
  [623/21314   2.9%] exit 1 U1,L2,U3,U2,L1,L3,U2: exhausted states 712 best 15 0.001s | cpu 7m35s wall 7m38s eta~4h37m best 72
  [624/21314   2.9%] exit 1 U1,L1,U2,U1,L2,L1,D2: exhausted states 29 best 9 0.0s | cpu 7m35s wall 7m38s eta~4h36m best 72
  [625/21314   2.9%] exit 1 U1,L3,L2,U3,R2,U2,R3: exhausted states 814 best 16 0.002s | cpu 7m35s wall 7m38s eta~4h36m best 72
  [626/21314   2.9%] exit 1 L1,L1,U1,U3,U2,R3,D2: exhausted states 17,301 best 29 0.049s | cpu 7m35s wall 7m38s eta~4h35m best 72
  [627/21314   2.9%] exit 1 L1,U1,L3,U3,R1,R3,R1: exhausted states 8,535 best 19 0.014s | cpu 7m35s wall 7m38s eta~4h35m best 72
  [628/21314   2.9%] exit 1 U1,L2,U1,U3,L3,L1,D2: exhausted states 75 best 11 0.0s | cpu 7m35s wall 7m38s eta~4h34m best 72
  [629/21314   3.0%] exit 1 U1,L1,L3,U1,R1,U2,R3: exhausted states 206,664 best 47 0.887s | cpu 7m36s wall 7m39s eta~4h34m best 72
  [630/21314   3.0%] exit 1 U1,U1,U1,L3,L1,L1,D2: exhausted states 87 best 11 0.0s | cpu 7m36s wall 7m39s eta~4h34m best 72
  [631/21314   3.0%] exit 1 U1,L1,U2,L2,U1,L3,U3: exhausted states 72 best 12 0.0s | cpu 7m36s wall 7m39s eta~4h33m best 72
  [632/21314   3.0%] exit 1 U1,L1,U2,L3,U3,L1,D2: exhausted states 13 best 9 0.0s | cpu 7m36s wall 7m39s eta~4h33m best 72
  [633/21314   3.0%] exit 1 L1,L1,U1,L3,U3,U2,R1: exhausted states 236,550 best 45 0.442s | cpu 7m36s wall 7m39s eta~4h33m best 72
  [634/21314   3.0%] exit 1 U1,L2,U1,R3,U1,L1,L1: exhausted states 258 best 12 0.0s | cpu 7m36s wall 7m39s eta~4h32m best 72
  [635/21314   3.0%] exit 1 U1,U1,L3,U1,U3,R1,R1: exhausted states 4 best 8 0.0s | cpu 7m36s wall 7m39s eta~4h32m best 72
  [636/21314   3.0%] exit 1 U1,L1,L3,U3,U2,L3,D1: exhausted states 6 best 7 0.0s | cpu 7m36s wall 7m39s eta~4h31m best 72
  [637/21314   3.0%] exit 1 U1,L3,U2,U2,R3,U3,R2: exhausted states 6 best 9 0.0s | cpu 7m36s wall 7m39s eta~4h31m best 72
  [638/21314   3.0%] exit 1 L1,U1,U3,L2,D2,L1,D1: exhausted states 3 best 7 0.0s | cpu 7m36s wall 7m39s eta~4h30m best 72
  [639/21314   3.0%] exit 1 L1,U1,U1,U1,L3,L2,D2: exhausted states 16 best 9 0.0s | cpu 7m36s wall 7m39s eta~4h30m best 72
  [640/21314   3.0%] exit 1 U1,U1,L1,U3,U2,R3,R1: exhausted states 8 best 8 0.0s | cpu 7m36s wall 7m39s eta~4h29m best 72
  [641/21314   3.0%] exit 1 U1,R1,U3,U2,L1,L1,D2: exhausted states 14,284 best 26 0.022s | cpu 7m36s wall 7m39s eta~4h29m best 72
  [642/21314   3.0%] exit 1 U1,L3,U3,L2,U2,U1,L1: exhausted states 3 best 7 0.0s | cpu 7m36s wall 7m39s eta~4h28m best 72
  [643/21314   3.0%] exit 1 U1,L3,U3,L2,D2,D1,L1: exhausted states 3 best 7 0.0s | cpu 7m36s wall 7m39s eta~4h28m best 72
  [644/21314   3.0%] exit 1 U1,L1,L3,U1,R3,U2,R2: exhausted states 4,510 best 26 0.01s | cpu 7m36s wall 7m39s eta~4h28m best 72
  [645/21314   3.0%] exit 1 L1,U1,U1,L3,U1,R1,R1: exhausted states 126 best 11 0.0s | cpu 7m36s wall 7m39s eta~4h27m best 72
  [646/21314   3.0%] exit 1 L1,U1,L1,U2,U1,L3,U3: exhausted states 1,326 best 24 0.002s | cpu 7m36s wall 7m39s eta~4h27m best 72
  [647/21314   3.0%] exit 1 U1,R1,U3,U2,L1,L1,U1: exhausted states 2,284 best 18 0.002s | cpu 7m36s wall 7m39s eta~4h26m best 72
  [648/21314   3.0%] exit 1 U1,L3,L2,U1,U3,L3,D3: exhausted states 29 best 10 0.0s | cpu 7m36s wall 7m39s eta~4h26m best 72
  [649/21314   3.0%] exit 1 U1,L1,U2,U2,U1,R2,R1: exhausted states 16 best 9 0.0s | cpu 7m36s wall 7m39s eta~4h25m best 72
  [650/21314   3.0%] exit 1 U1,L2,U3,L3,D3,L1,D2: exhausted states 2 best 7 0.0s | cpu 7m36s wall 7m39s eta~4h25m best 72
  [651/21314   3.1%] exit 1 U1,L3,L2,U3,L3,D1,D1: exhausted states 2 best 7 0.0s | cpu 7m36s wall 7m39s eta~4h24m best 72
  [652/21314   3.1%] exit 1 U1,L1,L3,U3,U1,R3,R1: exhausted states 502 best 16 0.001s | cpu 7m36s wall 7m40s eta~4h24m best 72
  [653/21314   3.1%] exit 1 L1,U1,U1,L2,U3,R1,U1: exhausted states 274 best 12 0.0s | cpu 7m36s wall 7m40s eta~4h24m best 72
  [654/21314   3.1%] exit 1 U1,L1,U1,L2,U3,L1,D2: exhausted states 29 best 10 0.0s | cpu 7m36s wall 7m40s eta~4h23m best 72
  [655/21314   3.1%] exit 1 U1,L2,U3,R1,U1,U1,R2: exhausted states 2 best 7 0.0s | cpu 7m36s wall 7m40s eta~4h23m best 72
  [656/21314   3.1%] exit 1 U1,L2,U3,L2,U3,L1,D3: exhausted states 13 best 10 0.0s | cpu 7m36s wall 7m40s eta~4h22m best 72
  [657/21314   3.1%] exit 1 U1,L2,L2,U1,R2,U1,L3: exhausted states 575 best 18 0.001s | cpu 7m36s wall 7m40s eta~4h22m best 72
  [658/21314   3.1%] exit 1 L1,U1,U1,L3,U1,U3,R2: exhausted states 1,892 best 22 0.004s | cpu 7m36s wall 7m40s eta~4h21m best 72
  [659/21314   3.1%] exit 1 L1,U1,U1,U3,L3,U1,L1: exhausted states 3 best 7 0.0s | cpu 7m36s wall 7m40s eta~4h21m best 72
  [660/21314   3.1%] exit 1 U1,L2,U2,L1,U1,L1,U2: exhausted states 2 best 7 0.0s | cpu 7m36s wall 7m40s eta~4h20m best 72
  [661/21314   3.1%] exit 1 U1,R2,U2,L1,U1,L2,L2: exhausted states 6,300 best 22 0.008s | cpu 7m36s wall 7m40s eta~4h20m best 72
  [662/21314   3.1%] exit 1 U1,L3,U1,R3,U1,R2,U1: exhausted states 3,267 best 18 0.005s | cpu 7m36s wall 7m40s eta~4h20m best 72
  [663/21314   3.1%] exit 1 U1,L1,U1,U3,L3,U3,L3: exhausted states 96 best 13 0.0s | cpu 7m36s wall 7m40s eta~4h19m best 72
  [664/21314   3.1%] exit 1 U1,R2,U2,U2,U2,L1,L1: exhausted states 799,229 best 48 2.388s | cpu 7m39s wall 7m42s eta~4h20m best 72
  [665/21314   3.1%] exit 1 U1,L2,U3,L1,U1,U3,L2: exhausted states 48 best 13 0.0s | cpu 7m39s wall 7m42s eta~4h20m best 72
  [666/21314   3.1%] exit 1 R1,U1,U1,L1,U1,L3,U1: exhausted states 3,492 best 18 0.002s | cpu 7m39s wall 7m42s eta~4h19m best 72
  [667/21314   3.1%] exit 1 U1,L2,U3,L3,D3,L2,D2: exhausted states 2 best 8 0.0s | cpu 7m39s wall 7m42s eta~4h19m best 72
  [668/21314   3.1%] exit 1 U1,R3,U2,L1,U1,L3,U1: exhausted states 2,010 best 18 0.002s | cpu 7m39s wall 7m42s eta~4h18m best 72
  [669/21314   3.1%] exit 1 U1,U1,U1,L1,L3,D1,D1: exhausted states 76 best 11 0.0s | cpu 7m39s wall 7m42s eta~4h18m best 72
  [670/21314   3.1%] exit 1 U1,L1,U3,L2,U1,U3,R3: exhausted states 37 best 10 0.0s | cpu 7m39s wall 7m42s eta~4h18m best 72
  [671/21314   3.1%] exit 1 U1,L2,U3,L2,U2,U2,R2: exhausted states 2,437 best 28 0.015s | cpu 7m39s wall 7m42s eta~4h17m best 72
  [672/21314   3.2%] exit 1 U1,L2,U3,L2,D2,L2,U1: exhausted states 54,942 best 38 0.111s | cpu 7m39s wall 7m42s eta~4h17m best 72
  [673/21314   3.2%] exit 1 L1,U1,L2,U2,L3,U2,R1: exhausted states 2,951 best 21 0.004s | cpu 7m39s wall 7m42s eta~4h16m best 72
  [674/21314   3.2%] exit 1 L1,U1,U1,L2,U1,U3,R1: exhausted states 23,676 best 29 0.047s | cpu 7m39s wall 7m42s eta~4h16m best 72
  [675/21314   3.2%] exit 1 U1,L1,L3,U1,L1,U3,U2: exhausted states 2,472 best 24 0.003s | cpu 7m39s wall 7m42s eta~4h16m best 72
  [676/21314   3.2%] exit 1 U1,L2,U2,U1,L3,U2,L1: exhausted states 7 best 8 0.0s | cpu 7m39s wall 7m43s eta~4h15m best 72
  [677/21314   3.2%] exit 1 U1,U1,L3,U3,L3,L1,U2: exhausted states 2 best 7 0.0s | cpu 7m39s wall 7m43s eta~4h15m best 72
  [678/21314   3.2%] exit 1 U1,L2,U2,L3,U3,L3,D1: exhausted states 16 best 9 0.0s | cpu 7m39s wall 7m43s eta~4h14m best 72
  [679/21314   3.2%] exit 1 U1,U1,L1,L1,L3,U1,U3: exhausted states 257 best 16 0.0s | cpu 7m39s wall 7m43s eta~4h14m best 72
  [680/21314   3.2%] exit 1 U1,L1,L1,U2,L2,U2,U2: exhausted states 320 best 13 0.0s | cpu 7m39s wall 7m43s eta~4h13m best 72
  [681/21314   3.2%] exit 1 L1,U1,U3,L3,D3,L1,U1: exhausted states 3,424 best 18 0.004s | cpu 7m39s wall 7m43s eta~4h13m best 72
  [682/21314   3.2%] exit 1 U1,L3,U3,L2,L1,U2,U1: exhausted states 1,906 best 24 0.004s | cpu 7m39s wall 7m43s eta~4h13m best 72
  [683/21314   3.2%] exit 1 U1,L1,U1,U1,U3,L2,D1: exhausted states 347 best 12 0.0s | cpu 7m39s wall 7m43s eta~4h12m best 72
  [684/21314   3.2%] exit 1 U1,L3,U3,L3,U2,L3,U3: exhausted states 96 best 13 0.0s | cpu 7m39s wall 7m43s eta~4h12m best 72
  [685/21314   3.2%] exit 1 U1,L3,L1,U3,L2,D1,D3: exhausted states 1 best 7 0.0s | cpu 7m39s wall 7m43s eta~4h11m best 72
  [686/21314   3.2%] exit 1 U1,L3,U3,L2,U2,L2,D2: exhausted states 39 best 12 0.0s | cpu 7m39s wall 7m43s eta~4h11m best 72
  [687/21314   3.2%] exit 1 U1,R2,U2,L1,L1,L1,U2: exhausted states 295 best 13 0.0s | cpu 7m39s wall 7m43s eta~4h11m best 72
  [688/21314   3.2%] exit 1 U1,U1,L1,U1,L2,U2,L1: exhausted states 7 best 8 0.0s | cpu 7m39s wall 7m43s eta~4h10m best 72
  [689/21314   3.2%] exit 1 U1,L2,U2,U2,U1,R3,R2: exhausted states 45 best 13 0.0s | cpu 7m39s wall 7m43s eta~4h10m best 72
  [690/21314   3.2%] exit 1 U1,L3,U2,L2,L2,U1,U3: exhausted states 78 best 12 0.0s | cpu 7m39s wall 7m43s eta~4h09m best 72
  [691/21314   3.2%] exit 1 U1,L2,U2,R3,U2,R1,U1: exhausted states 3 best 7 0.0s | cpu 7m39s wall 7m43s eta~4h09m best 72
  [692/21314   3.2%] exit 1 U1,L1,U2,U1,L3,U1,R1: exhausted states 64 best 11 0.0s | cpu 7m39s wall 7m43s eta~4h09m best 72
  [693/21314   3.3%] exit 1 U1,L2,L2,U1,U3,R1,U3: exhausted states 111 best 11 0.0s | cpu 7m39s wall 7m43s eta~4h08m best 72
  [694/21314   3.3%] exit 1 U1,L3,L2,U3,R1,U2,U2: exhausted states 179 best 11 0.0s | cpu 7m39s wall 7m43s eta~4h08m best 72
  >> split exit 1 L1,L1,L3,U1,U3,U2,U2 after 900.032s into 10 depth+3 jobs (total jobs now 21324)
  [696/21324   3.3%] exit 1 U1,L1,U2,L3,U1,L2,U3: exhausted states 434 best 16 0.001s | cpu 7m39s wall 15m06s eta~8h12m best 72
  [697/21324   3.3%] exit 1 U1,L2,U2,R1,R3,D1,U2: exhausted states 273,299 best 49 1.339s | cpu 7m40s wall 15m07s eta~8h12m best 72
  [698/21324   3.3%] exit 1 U1,L2,U3,R1,U1,U3,R3: exhausted states 23 best 10 0.0s | cpu 7m40s wall 15m07s eta~8h11m best 72
  [699/21324   3.3%] exit 1 U1,L3,U1,U3,U1,L2,L1: exhausted states 443 best 16 0.001s | cpu 7m40s wall 15m07s eta~8h10m best 72
  [700/21324   3.3%] exit 1 L1,U1,U1,U3,L3,L1,U2: exhausted states 2 best 7 0.0s | cpu 7m40s wall 15m07s eta~8h09m best 72
  [701/21324   3.3%] exit 1 U1,L3,U2,L3,U3,U1,R1: exhausted states 78 best 11 0.0s | cpu 7m40s wall 15m07s eta~8h08m best 72
  [702/21324   3.3%] exit 1 U1,U1,U3,L3,L1,D2,D2: exhausted states 95 best 10 0.0s | cpu 7m40s wall 15m07s eta~8h08m best 72
  [703/21324   3.3%] exit 1 U1,L1,U1,L1,L3,D2,D1: exhausted states 8 best 8 0.0s | cpu 7m40s wall 15m07s eta~8h07m best 72
  [704/21324   3.3%] exit 1 L1,U1,U3,L3,U3,R3,U1: exhausted states 192 best 12 0.0s | cpu 7m40s wall 15m07s eta~8h06m best 72
  [705/21324   3.3%] exit 1 U1,L2,L2,U2,U1,R1,U2: exhausted states 93 best 11 0.0s | cpu 7m40s wall 15m07s eta~8h05m best 72
  [706/21324   3.3%] exit 1 U1,L3,U1,L3,L1,D1,D1: exhausted states 8 best 8 0.0s | cpu 7m40s wall 15m07s eta~8h05m best 72
  [707/21324   3.3%] exit 1 U1,U1,L2,U3,L2,U3,L2: exhausted states 96 best 13 0.0s | cpu 7m40s wall 15m07s eta~8h04m best 72
  [708/21324   3.3%] exit 1 L1,U1,U3,R2,U1,L2,L1: exhausted states 191,700 best 38 0.543s | cpu 7m41s wall 15m08s eta~8h03m best 72
  [709/21324   3.3%] exit 1 U1,R1,U2,U1,U3,L1,L3: exhausted states 1,092,379 best 56 7.153s | cpu 7m48s wall 15m15s eta~8h06m best 72
  [710/21324   3.3%] exit 1 U1,L1,L3,U2,R3,U2,U2: exhausted states 36,402 best 37 0.391s | cpu 7m48s wall 15m15s eta~8h06m best 72
  [711/21324   3.3%] exit 1 L1,U1,U3,L1,U3,L3,D3: exhausted states 13 best 10 0.0s | cpu 7m48s wall 15m15s eta~8h05m best 72
  [712/21324   3.3%] exit 1 U1,L2,U2,L2,U2,U2,R2: exhausted states 2,869 best 22 0.019s | cpu 7m49s wall 15m15s eta~8h04m best 72
  [713/21324   3.3%] exit 1 U1,L1,L3,L2,U3,U2,R1: exhausted states 3,497,383 best 61 31.345s | cpu 8m20s wall 15m47s eta~8h20m best 72
  [714/21324   3.3%] exit 1 U1,L3,U3,L1,L1,U1,U3: exhausted states 213 best 13 0.0s | cpu 8m20s wall 15m47s eta~8h19m best 72
  [715/21324   3.4%] exit 1 U1,R2,U3,L1,U2,L2,L2: exhausted states 1,853 best 18 0.002s | cpu 8m20s wall 15m47s eta~8h19m best 72
  [716/21324   3.4%] exit 1 U1,L1,L3,U3,U1,R2,U1: exhausted states 2,514 best 28 0.003s | cpu 8m20s wall 15m47s eta~8h18m best 72
  [717/21324   3.4%] exit 1 U1,L2,L2,U1,L3,U1,U3: exhausted states 1,597 best 24 0.002s | cpu 8m20s wall 15m47s eta~8h17m best 72
  [718/21324   3.4%] exit 1 U1,R2,U2,U1,L1,U2,L2: exhausted states 16,492 best 26 0.022s | cpu 8m20s wall 15m47s eta~8h16m best 72
  [719/21324   3.4%] exit 1 U1,R3,U1,L1,U2,L3,U3: exhausted states 7,157 best 22 0.013s | cpu 8m20s wall 15m47s eta~8h15m best 72
  [720/21324   3.4%] exit 1 L1,U1,U1,L3,U1,U1,L2: exhausted states 2 best 7 0.0s | cpu 8m20s wall 15m47s eta~8h15m best 72
  [721/21324   3.4%] exit 1 L1,L1,U1,U1,R3,R2,R2: exhausted states 653 best 14 0.001s | cpu 8m20s wall 15m47s eta~8h14m best 72
  [722/21324   3.4%] exit 1 U1,L1,U3,U1,R1,R1,D1: exhausted states 7 best 7 0.0s | cpu 8m20s wall 15m47s eta~8h13m best 72
  [723/21324   3.4%] exit 1 L1,U1,L3,U1,R3,U1,U3: exhausted states 2,639 best 24 0.004s | cpu 8m20s wall 15m47s eta~8h12m best 72
  [724/21324   3.4%] exit 1 L1,U1,L2,U1,U3,L2,U1: exhausted states 1,499 best 17 0.002s | cpu 8m20s wall 15m47s eta~8h12m best 72
  [725/21324   3.4%] exit 1 U1,L2,U1,R1,R3,U1,U1: exhausted states 5,163 best 26 0.006s | cpu 8m20s wall 15m47s eta~8h11m best 72
  [726/21324   3.4%] exit 1 U1,U1,L3,L1,D2,D2,L1: exhausted states 7 best 8 0.0s | cpu 8m20s wall 15m47s eta~8h10m best 72
  [727/21324   3.4%] exit 1 U1,L2,U1,U3,R2,R1,U3: exhausted states 2 best 7 0.0s | cpu 8m20s wall 15m47s eta~8h09m best 72
  [728/21324   3.4%] exit 1 U1,L2,U1,U3,U1,L3,L1: exhausted states 443 best 16 0.001s | cpu 8m20s wall 15m47s eta~8h09m best 72
  [729/21324   3.4%] exit 1 U1,U1,L2,L2,U3,U2,L3: exhausted states 6 best 8 0.0s | cpu 8m20s wall 15m47s eta~8h08m best 72
  [730/21324   3.4%] exit 1 U1,L2,U3,L1,U2,U2,L2: exhausted states 6 best 8 0.0s | cpu 8m20s wall 15m47s eta~8h07m best 72
  [731/21324   3.4%] exit 1 U1,L2,U3,U2,L2,D3,L2: exhausted states 35 best 10 0.0s | cpu 8m20s wall 15m47s eta~8h06m best 72
  [732/21324   3.4%] exit 1 U1,L1,U1,L1,U3,L3,U1: exhausted states 225 best 13 0.0s | cpu 8m20s wall 15m47s eta~8h06m best 72
  [733/21324   3.4%] exit 1 U1,L1,U1,L1,U2,L1,U1: exhausted states 3 best 7 0.0s | cpu 8m20s wall 15m47s eta~8h05m best 72
  [734/21324   3.4%] exit 1 U1,L2,L2,U1,R2,U1,R2: exhausted states 1,663 best 21 0.003s | cpu 8m20s wall 15m47s eta~8h04m best 72
  [735/21324   3.4%] exit 1 L1,L1,U1,U1,L3,U1,R1: exhausted states 10,769 best 28 0.011s | cpu 8m20s wall 15m47s eta~8h03m best 72
  [736/21324   3.5%] exit 1 L1,U1,U1,L2,U2,L3,U3: exhausted states 1,500 best 24 0.002s | cpu 8m20s wall 15m47s eta~8h03m best 72
  [737/21324   3.5%] exit 1 U1,U1,L3,U3,L3,U3,R3: exhausted states 13 best 10 0.0s | cpu 8m20s wall 15m47s eta~8h02m best 72
  [738/21324   3.5%] exit 1 U1,L2,U3,R1,U2,U2,L1: exhausted states 812 best 15 0.001s | cpu 8m20s wall 15m47s eta~8h01m best 72
  [739/21324   3.5%] exit 1 U1,L1,U3,U2,R2,U1,R1: exhausted states 3 best 7 0.0s | cpu 8m20s wall 15m47s eta~8h00m best 72
  [740/21324   3.5%] exit 1 U1,L1,U3,L2,D2,L2,D3: exhausted states 2 best 8 0.0s | cpu 8m20s wall 15m47s eta~8h00m best 72
  [741/21324   3.5%] exit 1 L1,U1,U3,L3,U2,U2,L2: exhausted states 6 best 8 0.0s | cpu 8m20s wall 15m47s eta~7h59m best 72
  [742/21324   3.5%] exit 1 U1,L3,L2,U2,U2,L2,U2: exhausted states 826 best 16 0.001s | cpu 8m20s wall 15m47s eta~7h58m best 72
  [743/21324   3.5%] exit 1 U1,L2,U3,L3,U2,U2,R3: exhausted states 451 best 12 0.001s | cpu 8m20s wall 15m47s eta~7h58m best 72
  [744/21324   3.5%] exit 1 L1,L1,U1,U3,R2,R2,U1: exhausted states 893 best 17 0.001s | cpu 8m20s wall 15m47s eta~7h57m best 72
  [745/21324   3.5%] exit 1 L1,U1,L1,U1,U1,U1,L1: exhausted states 3 best 7 0.0s | cpu 8m20s wall 15m47s eta~7h56m best 72
  [746/21324   3.5%] exit 1 U1,L1,L3,L1,U1,U1,U1: exhausted states 1,280,854 best 59 10.978s | cpu 8m31s wall 15m58s eta~8h01m best 72
  [747/21324   3.5%] exit 1 U1,L3,L2,U3,R3,U2,R3: exhausted states 142 best 12 0.0s | cpu 8m31s wall 15m58s eta~8h00m best 72
  [748/21324   3.5%] exit 1 U1,U1,L2,U2,R3,U1,L1: exhausted states 320 best 14 0.001s | cpu 8m31s wall 15m58s eta~8h00m best 72
  [749/21324   3.5%] exit 1 U1,L2,U3,R3,U1,R2,U2: exhausted states 1,586 best 17 0.003s | cpu 8m31s wall 15m58s eta~7h59m best 72
  [750/21324   3.5%] exit 1 U1,L3,U3,R2,U2,R1,D3: exhausted states 1 best 7 0.0s | cpu 8m31s wall 15m58s eta~7h58m best 72
  [751/21324   3.5%] exit 1 U1,L2,U1,L3,U3,U2,L3: exhausted states 6 best 8 0.0s | cpu 8m31s wall 15m58s eta~7h57m best 72
  [752/21324   3.5%] exit 1 U1,R2,U3,U1,L1,L3,D2: exhausted states 55,167 best 32 0.127s | cpu 8m31s wall 15m59s eta~7h57m best 72
  [753/21324   3.5%] exit 1 U1,L1,U1,U1,R2,U2,R3: exhausted states 6 best 8 0.0s | cpu 8m31s wall 15m59s eta~7h56m best 72
  [754/21324   3.5%] exit 1 U1,L3,U2,L3,L2,D2,D2: exhausted states 2 best 7 0.0s | cpu 8m31s wall 15m59s eta~7h55m best 72
  [755/21324   3.5%] exit 1 U1,L3,L1,U2,L1,D3,D1: exhausted states 9 best 10 0.0s | cpu 8m31s wall 15m59s eta~7h55m best 72
  [756/21324   3.5%] exit 1 U1,L2,U2,U1,L3,U1,L1: exhausted states 3 best 7 0.0s | cpu 8m31s wall 15m59s eta~7h54m best 72
  [757/21324   3.5%] exit 1 L1,U1,U1,U1,L1,L1,D3: exhausted states 16 best 9 0.0s | cpu 8m31s wall 15m59s eta~7h53m best 72
  [758/21324   3.6%] exit 1 L1,U1,U3,U2,U1,R2,R1: exhausted states 93 best 14 0.0s | cpu 8m31s wall 15m59s eta~7h53m best 72
  [759/21324   3.6%] exit 1 U1,U1,L3,L2,D2,L1,D3: exhausted states 2 best 7 0.0s | cpu 8m31s wall 15m59s eta~7h52m best 72
  [760/21324   3.6%] exit 1 U1,L1,U3,L3,D1,L1,D3: exhausted states 2 best 7 0.0s | cpu 8m31s wall 15m59s eta~7h51m best 72
  [761/21324   3.6%] exit 1 U1,L2,L1,U2,U1,L1,U2: exhausted states 2 best 7 0.0s | cpu 8m31s wall 15m59s eta~7h50m best 72
  [762/21324   3.6%] exit 1 U1,L1,U2,U1,L3,U3,L1: exhausted states 45 best 11 0.001s | cpu 8m31s wall 15m59s eta~7h50m best 72
  [763/21324   3.6%] exit 1 U1,R2,U2,L1,U1,L1,U2: exhausted states 801 best 14 0.003s | cpu 8m31s wall 15m59s eta~7h49m best 72
  [764/21324   3.6%] exit 1 U1,L2,L1,U3,U1,R2,R2: exhausted states 43,640 best 35 0.332s | cpu 8m31s wall 15m59s eta~7h49m best 72
  [765/21324   3.6%] exit 1 U1,L1,U2,U2,L1,U1,L2: exhausted states 2 best 7 0.0s | cpu 8m31s wall 15m59s eta~7h48m best 72
  [766/21324   3.6%] exit 1 U1,L2,U2,L3,U2,L1,U3: exhausted states 2 best 7 0.0s | cpu 8m31s wall 15m59s eta~7h47m best 72
  [767/21324   3.6%] exit 1 U1,L2,U2,L3,U2,R1,U2: exhausted states 1,260 best 23 0.006s | cpu 8m31s wall 15m59s eta~7h47m best 72
  [768/21324   3.6%] exit 1 L1,U1,U1,U3,U1,L1,L1: exhausted states 144,959 best 35 0.364s | cpu 8m32s wall 16m00s eta~7h46m best 72
  [769/21324   3.6%] exit 1 L1,U1,U3,L2,D3,L2,U3: exhausted states 15,663 best 26 0.036s | cpu 8m32s wall 16m00s eta~7h45m best 72
  [770/21324   3.6%] exit 1 U1,R1,U2,U1,L1,L3,D2: exhausted states 19,894 best 27 0.029s | cpu 8m32s wall 16m00s eta~7h45m best 72
  [771/21324   3.6%] exit 1 U1,U1,L2,L2,U2,L3,D2: exhausted states 101 best 12 0.0s | cpu 8m32s wall 16m00s eta~7h44m best 72
  [772/21324   3.6%] exit 1 U1,L2,L1,U3,L3,D3,D1: exhausted states 2 best 7 0.0s | cpu 8m32s wall 16m00s eta~7h43m best 72
  [773/21324   3.6%] exit 1 U1,R2,U1,U1,L1,L1,D2: exhausted states 220,234 best 37 1.4s | cpu 8m33s wall 16m01s eta~7h43m best 72
  [774/21324   3.6%] exit 1 U1,L2,L1,U3,U1,R1,U1: exhausted states 9,021 best 37 0.034s | cpu 8m33s wall 16m01s eta~7h43m best 72
  [775/21324   3.6%] exit 1 U1,L1,U3,U2,L3,D3,L2: exhausted states 35 best 10 0.0s | cpu 8m33s wall 16m01s eta~7h42m best 72
  [776/21324   3.6%] exit 1 U1,U1,L3,U2,R2,U2,R3: exhausted states 2 best 8 0.0s | cpu 8m33s wall 16m01s eta~7h41m best 72
  [777/21324   3.6%] exit 1 L1,U1,L2,U1,U1,R3,U2: exhausted states 230 best 11 0.0s | cpu 8m33s wall 16m01s eta~7h41m best 72
  [778/21324   3.6%] exit 1 L1,U1,U1,L1,U2,L1,D3: exhausted states 3 best 7 0.0s | cpu 8m33s wall 16m01s eta~7h40m best 72
  [779/21324   3.7%] exit 1 U1,L1,U2,L3,U1,U1,L3: exhausted states 2 best 7 0.0s | cpu 8m33s wall 16m01s eta~7h39m best 72
  [780/21324   3.7%] exit 1 L1,U1,U3,U2,U2,R3,R1: exhausted states 101,892 best 32 0.39s | cpu 8m34s wall 16m02s eta~7h39m best 72
  [781/21324   3.7%] exit 1 U1,L2,U1,U1,R3,U3,L3: exhausted states 301 best 14 0.0s | cpu 8m34s wall 16m02s eta~7h38m best 72
  [782/21324   3.7%] exit 1 L1,U1,L1,U2,U1,L1,U2: exhausted states 2 best 7 0.0s | cpu 8m34s wall 16m02s eta~7h38m best 72
  [783/21324   3.7%] exit 1 U1,L1,U1,U1,R3,R2,U3: exhausted states 6 best 8 0.0s | cpu 8m34s wall 16m02s eta~7h37m best 72
  [784/21324   3.7%] exit 1 L1,U1,L3,U3,L2,U1,R1: exhausted states 35,978 best 34 0.063s | cpu 8m34s wall 16m02s eta~7h36m best 72
  [785/21324   3.7%] exit 1 U1,L1,L1,U1,U1,R1,U2: exhausted states 171 best 11 0.0s | cpu 8m34s wall 16m02s eta~7h36m best 72
  [786/21324   3.7%] exit 1 U1,L3,U2,U2,L3,L1,D1: exhausted states 19 best 9 0.0s | cpu 8m34s wall 16m02s eta~7h35m best 72
  [787/21324   3.7%] exit 1 U1,L3,U2,L3,U3,U2,L1: exhausted states 7 best 8 0.0s | cpu 8m34s wall 16m02s eta~7h34m best 72
  [788/21324   3.7%] exit 1 U1,U1,U1,L2,L1,D3,L1: exhausted states 60 best 10 0.0s | cpu 8m34s wall 16m02s eta~7h34m best 72
  [789/21324   3.7%] exit 1 U1,L2,U1,U3,U1,R2,R2: exhausted states 79 best 15 0.0s | cpu 8m34s wall 16m02s eta~7h33m best 72
  [790/21324   3.7%] exit 1 U1,U1,L2,U1,R2,U2,R3: exhausted states 2 best 7 0.0s | cpu 8m34s wall 16m02s eta~7h33m best 72
  [791/21324   3.7%] exit 1 R1,U1,U3,U1,L1,L3,U3: exhausted states 11,750 best 26 0.012s | cpu 8m34s wall 16m02s eta~7h32m best 72
  [792/21324   3.7%] exit 1 U1,L2,L2,U2,U1,U3,R1: exhausted states 25,221 best 34 0.103s | cpu 8m34s wall 16m02s eta~7h31m best 72
  [793/21324   3.7%] exit 1 U1,L2,U3,R3,U2,U2,L3: exhausted states 921 best 15 0.002s | cpu 8m34s wall 16m02s eta~7h31m best 72
  [794/21324   3.7%] exit 1 U1,L3,L2,U2,U1,L3,U2: exhausted states 144 best 13 0.0s | cpu 8m34s wall 16m02s eta~7h30m best 72
  [795/21324   3.7%] exit 1 U1,L2,U3,U1,L1,U3,L3: exhausted states 48 best 13 0.0s | cpu 8m34s wall 16m02s eta~7h29m best 72
  [796/21324   3.7%] exit 1 U1,L3,U3,L3,L1,D2,D1: exhausted states 4 best 8 0.0s | cpu 8m34s wall 16m02s eta~7h29m best 72
  [797/21324   3.7%] exit 1 U1,L3,U2,L2,U2,R1,U2: exhausted states 51 best 10 0.0s | cpu 8m34s wall 16m02s eta~7h28m best 72
  [798/21324   3.7%] exit 1 U1,L2,U2,R1,U2,U1,L3: exhausted states 477 best 13 0.001s | cpu 8m34s wall 16m02s eta~7h28m best 72
  [799/21324   3.7%] exit 1 U1,U1,L3,U2,L3,U2,L1: exhausted states 341 best 18 0.001s | cpu 8m34s wall 16m02s eta~7h27m best 72
  [800/21324   3.8%] exit 1 U1,L2,U3,L2,D2,L2,U3: exhausted states 53,863 best 38 0.118s | cpu 8m34s wall 16m02s eta~7h26m best 72
  [801/21324   3.8%] exit 1 U1,U1,U1,L3,U2,R1,R3: exhausted states 1 best 7 0.0s | cpu 8m34s wall 16m02s eta~7h26m best 72
  [802/21324   3.8%] exit 1 U1,L1,L3,U3,U2,R3,R2: exhausted states 778 best 17 0.001s | cpu 8m34s wall 16m02s eta~7h25m best 72
  [803/21324   3.8%] exit 1 L1,U1,U3,L3,L2,U1,U3: exhausted states 552 best 14 0.001s | cpu 8m34s wall 16m02s eta~7h25m best 72
  [804/21324   3.8%] exit 1 U1,L3,U1,R2,R2,U1,U1: exhausted states 76 best 12 0.0s | cpu 8m34s wall 16m02s eta~7h24m best 72
  [805/21324   3.8%] exit 1 U1,L2,U2,R1,R3,U3,U2: exhausted states 38,249 best 44 0.112s | cpu 8m34s wall 16m02s eta~7h23m best 72
  [806/21324   3.8%] exit 1 U1,U1,L2,U2,L3,U3,R1: exhausted states 66 best 14 0.0s | cpu 8m34s wall 16m03s eta~7h23m best 72
  [807/21324   3.8%] exit 1 U1,L1,U2,L1,U1,U1,R1: exhausted states 130 best 11 0.0s | cpu 8m34s wall 16m03s eta~7h22m best 72
  [808/21324   3.8%] exit 1 U1,L1,U3,L1,L1,U3,U2: exhausted states 317 best 13 0.0s | cpu 8m34s wall 16m03s eta~7h22m best 72
  [809/21324   3.8%] exit 1 L1,U1,U1,L3,U3,L1,D2: exhausted states 13 best 9 0.0s | cpu 8m34s wall 16m03s eta~7h21m best 72
  [810/21324   3.8%] exit 1 U1,L3,L1,U3,U2,R1,R1: exhausted states 252 best 16 0.0s | cpu 8m34s wall 16m03s eta~7h20m best 72
  [811/21324   3.8%] exit 1 U1,L2,U1,U1,L3,L1,D3: exhausted states 34 best 10 0.0s | cpu 8m34s wall 16m03s eta~7h20m best 72
  [812/21324   3.8%] exit 1 U1,U1,L2,U3,L2,U1,R2: exhausted states 93 best 11 0.0s | cpu 8m34s wall 16m03s eta~7h19m best 72
  [813/21324   3.8%] exit 1 U1,L2,U1,R3,U1,U1,L3: exhausted states 731 best 14 0.001s | cpu 8m34s wall 16m03s eta~7h18m best 72
  [814/21324   3.8%] exit 1 U1,L3,U3,L3,L1,U2,U2: exhausted states 338 best 16 0.001s | cpu 8m34s wall 16m03s eta~7h18m best 72
  [815/21324   3.8%] exit 1 U1,L3,L1,L1,U3,U2,U1: exhausted states 1,425 best 24 0.002s | cpu 8m34s wall 16m03s eta~7h17m best 72
  [816/21324   3.8%] exit 1 U1,U1,R2,U2,L1,L3,U1: exhausted states 1,104 best 15 0.002s | cpu 8m34s wall 16m03s eta~7h17m best 72
  [817/21324   3.8%] exit 1 U1,L3,U1,L3,U2,U2,L3: exhausted states 6 best 8 0.0s | cpu 8m34s wall 16m03s eta~7h16m best 72
  [818/21324   3.8%] exit 1 L1,U1,U1,U1,U1,L3,L2: exhausted states 39 best 11 0.0s | cpu 8m34s wall 16m03s eta~7h16m best 72
  [819/21324   3.8%] exit 1 U1,L3,U2,U1,R2,U2,L1: exhausted states 650 best 14 0.002s | cpu 8m34s wall 16m03s eta~7h15m best 72
  [820/21324   3.8%] exit 1 L1,U1,U3,U2,U1,L2,L2: exhausted states 345,691 best 60 9.505s | cpu 8m44s wall 16m12s eta~7h19m best 72
  [821/21324   3.9%] exit 1 U1,U1,L3,L2,D3,L1,D3: exhausted states 2 best 7 0.0s | cpu 8m44s wall 16m12s eta~7h18m best 72
  [822/21324   3.9%] exit 1 U1,L2,U1,U3,L2,D2,L1: exhausted states 676,814 best 53 7.211s | cpu 8m51s wall 16m20s eta~7h21m best 72
  [823/21324   3.9%] exit 1 U1,L2,U3,U2,L1,U3,L3: exhausted states 40 best 12 0.0s | cpu 8m51s wall 16m20s eta~7h20m best 72
  [824/21324   3.9%] exit 1 U1,L3,U2,L1,D1,L1,D1: exhausted states 3 best 7 0.0s | cpu 8m51s wall 16m20s eta~7h20m best 72
  [825/21324   3.9%] exit 1 L1,U1,U3,U1,U3,R2,R1: exhausted states 43 best 10 0.0s | cpu 8m51s wall 16m20s eta~7h19m best 72
  [826/21324   3.9%] exit 1 U1,L1,U3,L2,D2,D2,L1: exhausted states 7 best 8 0.0s | cpu 8m51s wall 16m20s eta~7h18m best 72
  [827/21324   3.9%] exit 1 U1,L2,U1,L1,U1,U1,R2: exhausted states 358 best 17 0.0s | cpu 8m51s wall 16m20s eta~7h18m best 72
  [828/21324   3.9%] exit 1 U1,U1,U1,L2,L2,D2,L2: exhausted states 493 best 17 0.001s | cpu 8m51s wall 16m20s eta~7h17m best 72
  [829/21324   3.9%] exit 1 U1,U1,L1,U1,U1,R2,R2: exhausted states 7 best 8 0.0s | cpu 8m51s wall 16m20s eta~7h17m best 72
  [830/21324   3.9%] exit 1 U1,U1,L3,L1,L3,U2,R1: exhausted states 946 best 20 0.001s | cpu 8m51s wall 16m20s eta~7h16m best 72
  [831/21324   3.9%] exit 1 U1,L2,L2,U1,U1,L2,U3: exhausted states 328 best 16 0.001s | cpu 8m51s wall 16m20s eta~7h15m best 72
  [832/21324   3.9%] exit 1 U1,L2,U2,L1,L1,U3,U1: exhausted states 1,046 best 22 0.002s | cpu 8m51s wall 16m20s eta~7h15m best 72
  [833/21324   3.9%] exit 1 U1,L2,U2,R2,R1,U1,U1: exhausted states 162,157 best 38 0.385s | cpu 8m51s wall 16m20s eta~7h14m best 72
  [834/21324   3.9%] exit 1 L1,U1,L3,U3,R2,R2,R1: exhausted states 330 best 13 0.0s | cpu 8m51s wall 16m20s eta~7h14m best 72
  [835/21324   3.9%] exit 1 L1,U1,U1,L3,U3,L2,D3: exhausted states 13 best 9 0.0s | cpu 8m51s wall 16m20s eta~7h13m best 72
  [836/21324   3.9%] exit 1 U1,L3,U3,L2,D2,L1,U1: exhausted states 55,974 best 41 0.197s | cpu 8m51s wall 16m20s eta~7h13m best 72
  [837/21324   3.9%] exit 1 L1,U1,U3,U2,L2,D1,D3: exhausted states 242,892 best 50 0.86s | cpu 8m52s wall 16m21s eta~7h13m best 72
  [838/21324   3.9%] exit 1 U1,L2,U2,U1,L2,L1,U1: exhausted states 3 best 7 0.0s | cpu 8m52s wall 16m21s eta~7h12m best 72
  [839/21324   3.9%] exit 1 U1,L3,U1,L1,U3,L3,U2: exhausted states 144 best 13 0.0s | cpu 8m52s wall 16m21s eta~7h11m best 72
  [840/21324   3.9%] exit 1 U1,L2,U2,L1,U2,U1,R1: exhausted states 9,943 best 27 0.024s | cpu 8m52s wall 16m21s eta~7h11m best 72
  [841/21324   3.9%] exit 1 U1,L3,U1,U3,U1,R1,R3: exhausted states 19 best 13 0.0s | cpu 8m52s wall 16m21s eta~7h10m best 72
  [842/21324   3.9%] exit 1 U1,U1,L3,L2,D3,L2,D2: exhausted states 6 best 8 0.0s | cpu 8m52s wall 16m21s eta~7h10m best 72
  [843/21324   4.0%] exit 1 U1,R3,U2,L1,U2,U2,L2: exhausted states 9,132 best 23 0.012s | cpu 8m52s wall 16m21s eta~7h09m best 72
  [844/21324   4.0%] exit 1 U1,L2,U2,U2,L3,U3,L1: exhausted states 37 best 11 0.0s | cpu 8m52s wall 16m21s eta~7h09m best 72
  [845/21324   4.0%] exit 1 U1,R3,U2,U1,L1,L3,D1: exhausted states 1,067 best 18 0.002s | cpu 8m52s wall 16m21s eta~7h08m best 72
  [846/21324   4.0%] exit 1 U1,L1,L3,U3,U2,R3,D1: exhausted states 50,395 best 32 0.322s | cpu 8m53s wall 16m22s eta~7h08m best 72
  [847/21324   4.0%] exit 1 L1,U1,L2,U2,U2,L3,D1: exhausted states 6 best 7 0.0s | cpu 8m53s wall 16m22s eta~7h07m best 72
  [848/21324   4.0%] exit 1 U1,L2,L1,U1,U3,R2,R1: exhausted states 28,066 best 26 0.07s | cpu 8m53s wall 16m22s eta~7h07m best 72
  [849/21324   4.0%] exit 1 U1,U1,L1,L1,U1,U3,L2: exhausted states 120 best 13 0.0s | cpu 8m53s wall 16m22s eta~7h06m best 72
  [850/21324   4.0%] exit 1 U1,L2,U3,R2,U1,R2,U1: exhausted states 75,186 best 38 0.258s | cpu 8m53s wall 16m22s eta~7h06m best 72
  [851/21324   4.0%] exit 1 L1,L1,U1,U1,R3,U2,L1: exhausted states 961 best 17 0.001s | cpu 8m53s wall 16m22s eta~7h05m best 72
  [852/21324   4.0%] exit 1 U1,R2,U3,U1,U1,L1,L3: exhausted states 1,276,631 best 56 4.048s | cpu 8m57s wall 16m26s eta~7h06m best 72
  [853/21324   4.0%] exit 1 U1,U1,L3,U2,R3,U2,R1: exhausted states 3 best 8 0.0s | cpu 8m57s wall 16m26s eta~7h06m best 72
  [854/21324   4.0%] exit 1 L1,U1,U3,U2,L3,L1,U3: exhausted states 2 best 7 0.0s | cpu 8m57s wall 16m26s eta~7h05m best 72
  [855/21324   4.0%] exit 1 U1,U1,U3,L3,L1,D3,L1: exhausted states 60 best 10 0.0s | cpu 8m57s wall 16m26s eta~7h05m best 72
  [856/21324   4.0%] exit 1 U1,L2,U1,L3,U3,R2,R2: exhausted states 3,418 best 24 0.024s | cpu 8m57s wall 16m26s eta~7h04m best 72
  [857/21324   4.0%] exit 1 U1,L3,U2,L2,U3,U1,R1: exhausted states 3,163 best 29 0.015s | cpu 8m57s wall 16m26s eta~7h03m best 72
  [858/21324   4.0%] exit 1 U1,R2,U3,L1,L3,D2,L2: exhausted states 604,681 best 40 3.492s | cpu 9m00s wall 16m30s eta~7h04m best 72
  [859/21324   4.0%] exit 1 U1,U1,L2,U1,R2,U1,L1: exhausted states 1,410 best 17 0.001s | cpu 9m00s wall 16m30s eta~7h04m best 72
  [860/21324   4.0%] exit 1 U1,L2,U1,L3,L1,D2,D2: exhausted states 7 best 8 0.0s | cpu 9m00s wall 16m30s eta~7h03m best 72
  [861/21324   4.0%] exit 1 U1,L1,L1,U3,L2,D3,D2: exhausted states 1 best 7 0.0s | cpu 9m00s wall 16m30s eta~7h03m best 72
  [862/21324   4.0%] exit 1 U1,L2,L2,U2,U1,L1,U3: exhausted states 2 best 7 0.0s | cpu 9m00s wall 16m30s eta~7h02m best 72
  [863/21324   4.0%] exit 1 U1,L3,U1,L3,U2,R2,R2: exhausted states 49 best 10 0.0s | cpu 9m00s wall 16m30s eta~7h02m best 72
  [864/21324   4.1%] exit 1 U1,L2,U1,L1,U1,L2,U2: exhausted states 6 best 8 0.0s | cpu 9m00s wall 16m30s eta~7h01m best 72
  [865/21324   4.1%] exit 1 U1,L3,U1,L1,U2,L1,U1: exhausted states 3 best 7 0.0s | cpu 9m00s wall 16m30s eta~7h01m best 72
  [866/21324   4.1%] exit 1 U1,R3,U1,L1,U2,L3,L2: exhausted states 6,463 best 22 0.01s | cpu 9m01s wall 16m30s eta~7h00m best 72
  [867/21324   4.1%] exit 1 U1,L3,U1,U3,R3,U3,R1: exhausted states 7 best 9 0.0s | cpu 9m01s wall 16m30s eta~7h00m best 72
  [868/21324   4.1%] exit 1 L1,U1,U3,U2,L3,U3,R1: exhausted states 288 best 16 0.0s | cpu 9m01s wall 16m30s eta~6h59m best 72
  [869/21324   4.1%] exit 1 U1,L3,U3,L3,D2,L2,U3: exhausted states 8,735 best 28 0.022s | cpu 9m01s wall 16m30s eta~6h58m best 72
  [870/21324   4.1%] exit 1 U1,U1,L3,U1,L3,U1,R3: exhausted states 13 best 10 0.0s | cpu 9m01s wall 16m30s eta~6h58m best 72
  [871/21324   4.1%] exit 1 U1,L1,U3,U1,R1,R1,D3: exhausted states 4 best 7 0.0s | cpu 9m01s wall 16m30s eta~6h57m best 72
  [872/21324   4.1%] exit 1 U1,L1,U1,L3,U3,R3,R2: exhausted states 65 best 10 0.0s | cpu 9m01s wall 16m30s eta~6h57m best 72
  [873/21324   4.1%] exit 1 U1,L1,U2,U1,R3,U2,R3: exhausted states 6 best 8 0.0s | cpu 9m01s wall 16m30s eta~6h56m best 72
  [874/21324   4.1%] exit 1 U1,L2,L1,L3,U1,U1,U1: exhausted states 133,837 best 39 0.384s | cpu 9m01s wall 16m31s eta~6h56m best 72
  [875/21324   4.1%] exit 1 U1,L3,U3,U2,L2,U2,R1: exhausted states 1,414 best 20 0.002s | cpu 9m01s wall 16m31s eta~6h55m best 72
  [876/21324   4.1%] exit 1 U1,L2,U3,U2,R3,U1,R2: exhausted states 2 best 7 0.0s | cpu 9m01s wall 16m31s eta~6h55m best 72
  [877/21324   4.1%] exit 1 L1,L1,L3,U1,U3,U1,R1: exhausted states 1,121,740 best 59 6.005s | cpu 9m07s wall 16m37s eta~6h57m best 72
  [878/21324   4.1%] exit 1 U1,L3,U3,L2,D3,L1,D1: exhausted states 3 best 7 0.0s | cpu 9m07s wall 16m37s eta~6h56m best 72
  [879/21324   4.1%] exit 1 U1,L2,L2,U3,U1,R2,U1: exhausted states 468 best 20 0.001s | cpu 9m07s wall 16m37s eta~6h56m best 72
  [880/21324   4.1%] exit 1 U1,L3,U2,R1,U2,R2,U3: exhausted states 6 best 8 0.0s | cpu 9m07s wall 16m37s eta~6h55m best 72
  [881/21324   4.1%] exit 1 U1,U1,L2,L2,D2,L1,D2: exhausted states 2 best 7 0.0s | cpu 9m07s wall 16m37s eta~6h55m best 72
  [882/21324   4.1%] exit 1 L1,U1,U3,L3,L1,D1,D3: exhausted states 3 best 8 0.0s | cpu 9m07s wall 16m37s eta~6h54m best 72
  [883/21324   4.1%] exit 1 U1,L3,U3,U1,L3,L1,U2: exhausted states 2 best 7 0.0s | cpu 9m07s wall 16m37s eta~6h54m best 72
  [884/21324   4.1%] exit 1 U1,L3,U1,L2,U2,L1,D2: exhausted states 3 best 7 0.0s | cpu 9m07s wall 16m37s eta~6h53m best 72
  [885/21324   4.2%] exit 1 U1,L1,U2,U2,R3,R1,D2: exhausted states 4 best 7 0.0s | cpu 9m07s wall 16m37s eta~6h53m best 72
  [886/21324   4.2%] exit 1 U1,R3,U1,L1,U2,U1,L1: exhausted states 10,254 best 26 0.019s | cpu 9m07s wall 16m37s eta~6h52m best 72
  [887/21324   4.2%] exit 1 U1,R3,U2,L1,L1,U1,L3: exhausted states 883 best 15 0.001s | cpu 9m07s wall 16m37s eta~6h52m best 72
  [888/21324   4.2%] exit 1 U1,L3,U3,U1,U3,L2,L2: exhausted states 494 best 17 0.001s | cpu 9m07s wall 16m37s eta~6h51m best 72
  [889/21324   4.2%] exit 1 L1,U1,U1,U3,R2,R1,U2: exhausted states 2 best 7 0.0s | cpu 9m07s wall 16m37s eta~6h51m best 72
  [890/21324   4.2%] exit 1 U1,U1,U3,L3,L2,D3,L1: exhausted states 60 best 10 0.0s | cpu 9m07s wall 16m37s eta~6h50m best 72
  [891/21324   4.2%] exit 1 U1,L3,U3,R3,U2,R3,D1: exhausted states 2 best 7 0.0s | cpu 9m07s wall 16m37s eta~6h50m best 72
  [892/21324   4.2%] exit 1 U1,L1,L3,U1,R3,R2,R1: exhausted states 354 best 14 0.001s | cpu 9m07s wall 16m37s eta~6h49m best 72
  [893/21324   4.2%] exit 1 L1,U1,U3,R3,U1,U3,L1: exhausted states 30,176 best 32 0.13s | cpu 9m07s wall 16m37s eta~6h49m best 72
  [894/21324   4.2%] exit 1 U1,R3,U2,L1,U1,L2,L2: exhausted states 4,502 best 22 0.006s | cpu 9m07s wall 16m37s eta~6h48m best 72
  [895/21324   4.2%] exit 1 U1,L3,U1,L1,U2,U2,R1: exhausted states 106 best 11 0.0s | cpu 9m07s wall 16m37s eta~6h48m best 72
  [896/21324   4.2%] exit 1 U1,R2,U2,L1,L3,U3,U2: exhausted states 34,251 best 33 0.116s | cpu 9m07s wall 16m37s eta~6h47m best 72
  [897/21324   4.2%] exit 1 U1,L3,L2,U2,U1,U1,R1: exhausted states 108 best 11 0.0s | cpu 9m07s wall 16m37s eta~6h47m best 72
  [898/21324   4.2%] exit 1 L1,U1,U1,R1,U2,R3,U2: exhausted states 560 best 15 0.001s | cpu 9m07s wall 16m37s eta~6h46m best 72
  [899/21324   4.2%] exit 1 U1,L1,U1,U1,R2,R1,D2: exhausted states 4 best 7 0.0s | cpu 9m07s wall 16m37s eta~6h46m best 72
  [900/21324   4.2%] exit 1 U1,L2,L1,U1,U1,L3,U1: exhausted states 6,198 best 30 0.012s | cpu 9m07s wall 16m37s eta~6h45m best 72
  [901/21324   4.2%] exit 1 L1,U1,L1,U3,U1,R3,U2: exhausted states 437 best 12 0.001s | cpu 9m07s wall 16m37s eta~6h45m best 72
  [902/21324   4.2%] exit 1 U1,L3,U3,R1,U2,U1,L3: exhausted states 633 best 15 0.001s | cpu 9m07s wall 16m37s eta~6h44m best 72
  [903/21324   4.2%] exit 1 U1,L1,U3,U2,R2,R2,U1: exhausted states 7 best 8 0.0s | cpu 9m07s wall 16m37s eta~6h44m best 72
  [904/21324   4.2%] exit 1 U1,L2,U3,L3,U2,R3,R1: exhausted states 148 best 13 0.001s | cpu 9m07s wall 16m37s eta~6h43m best 72
  [905/21324   4.2%] exit 1 U1,U1,L1,U3,L3,D2,D2: exhausted states 43 best 10 0.0s | cpu 9m07s wall 16m37s eta~6h43m best 72
  [906/21324   4.2%] exit 1 U1,R3,U1,L1,L1,L1,U1: exhausted states 544 best 15 0.001s | cpu 9m07s wall 16m37s eta~6h42m best 72
  [907/21324   4.3%] exit 1 U1,L3,U2,L2,L2,D2,R1: exhausted states 5 best 7 0.0s | cpu 9m07s wall 16m37s eta~6h42m best 72
  [908/21324   4.3%] exit 1 U1,U1,L3,L2,L1,U1,U1: exhausted states 57 best 12 0.0s | cpu 9m07s wall 16m37s eta~6h41m best 72
  [909/21324   4.3%] exit 1 U1,L1,U3,U1,U1,R2,R2: exhausted states 15 best 9 0.0s | cpu 9m07s wall 16m37s eta~6h41m best 72
  [910/21324   4.3%] exit 1 U1,L3,U2,L1,U1,U3,R3: exhausted states 103 best 11 0.0s | cpu 9m07s wall 16m38s eta~6h40m best 72
  [911/21324   4.3%] exit 1 U1,L1,U1,L3,U3,L2,U2: exhausted states 668 best 16 0.001s | cpu 9m07s wall 16m38s eta~6h40m best 72
  [912/21324   4.3%] exit 1 U1,L2,U1,L1,U2,U1,L3: exhausted states 2 best 7 0.0s | cpu 9m07s wall 16m38s eta~6h39m best 72
  [913/21324   4.3%] exit 1 U1,U1,L2,U1,L2,L1,U2: exhausted states 2 best 7 0.0s | cpu 9m07s wall 16m38s eta~6h39m best 72
  [914/21324   4.3%] exit 1 L1,U1,U1,U3,R2,D3,R1: exhausted states 27 best 9 0.0s | cpu 9m07s wall 16m38s eta~6h38m best 72
  [915/21324   4.3%] exit 1 U1,L2,U2,L1,D3,L1,D2: exhausted states 2 best 7 0.0s | cpu 9m07s wall 16m38s eta~6h38m best 72
  [916/21324   4.3%] exit 1 U1,L2,L1,U3,U2,R1,U2: exhausted states 9,785 best 34 0.068s | cpu 9m07s wall 16m38s eta~6h38m best 72
  [917/21324   4.3%] exit 1 U1,U1,L3,L2,U3,L3,D1: exhausted states 32 best 10 0.0s | cpu 9m07s wall 16m38s eta~6h37m best 72
  [918/21324   4.3%] exit 1 U1,L1,U2,U1,L3,U3,L2: exhausted states 44 best 11 0.0s | cpu 9m07s wall 16m38s eta~6h37m best 72
  [919/21324   4.3%] exit 1 U1,U1,L3,U3,L2,L1,D3: exhausted states 75 best 11 0.0s | cpu 9m07s wall 16m38s eta~6h36m best 72
  [920/21324   4.3%] exit 1 U1,L3,U2,R2,R2,U1,U1: exhausted states 76 best 12 0.0s | cpu 9m07s wall 16m38s eta~6h36m best 72
  [921/21324   4.3%] exit 1 U1,L2,U1,L3,U2,L1,U1: exhausted states 3 best 7 0.0s | cpu 9m07s wall 16m38s eta~6h35m best 72
  [922/21324   4.3%] exit 1 U1,L3,U1,R2,U1,R1,U2: exhausted states 2 best 7 0.0s | cpu 9m07s wall 16m38s eta~6h35m best 72
  [923/21324   4.3%] exit 1 U1,L1,L1,U2,U2,U1,L3: exhausted states 2 best 7 0.0s | cpu 9m07s wall 16m38s eta~6h34m best 72
  [924/21324   4.3%] exit 1 L1,U1,L3,U2,U2,U2,L1: exhausted states 7 best 8 0.0s | cpu 9m07s wall 16m38s eta~6h34m best 72
  [925/21324   4.3%] exit 1 U1,U1,U3,R2,U3,L1,L1: exhausted states 899,956 best 51 7.974s | cpu 9m15s wall 16m46s eta~6h36m best 72
  [926/21324   4.3%] exit 1 U1,U1,U1,L3,L2,D3,L1: exhausted states 60 best 10 0.0s | cpu 9m15s wall 16m46s eta~6h36m best 72
  [927/21324   4.3%] exit 1 U1,L1,L3,U2,R2,U1,L1: exhausted states 438,999 best 49 2.666s | cpu 9m18s wall 16m49s eta~6h37m best 72
  [928/21324   4.4%] exit 1 U1,L2,L2,U2,U1,U3,R2: exhausted states 2,151 best 25 0.007s | cpu 9m18s wall 16m49s eta~6h36m best 72
  [929/21324   4.4%] exit 1 U1,L1,U3,L3,L2,U1,U1: exhausted states 262 best 13 0.0s | cpu 9m18s wall 16m49s eta~6h36m best 72
  [930/21324   4.4%] exit 1 U1,L2,U1,R2,U1,R2,U1: exhausted states 6,330 best 28 0.011s | cpu 9m18s wall 16m49s eta~6h35m best 72
  [931/21324   4.4%] exit 1 U1,U1,L3,U1,L3,U3,L2: exhausted states 120 best 13 0.0s | cpu 9m18s wall 16m49s eta~6h35m best 72
  [932/21324   4.4%] exit 1 U1,U1,R3,U1,L1,U2,L2: exhausted states 9,330 best 22 0.014s | cpu 9m18s wall 16m49s eta~6h34m best 72
  [933/21324   4.4%] exit 1 U1,L3,L1,U3,U2,L1,D3: exhausted states 3 best 7 0.0s | cpu 9m18s wall 16m49s eta~6h34m best 72
  [934/21324   4.4%] exit 1 U1,R1,U2,U1,L1,L3,U3: exhausted states 8,531 best 26 0.01s | cpu 9m18s wall 16m49s eta~6h33m best 72
  [935/21324   4.4%] exit 1 L1,U1,L3,U3,U1,R1,R3: exhausted states 1,927 best 18 0.003s | cpu 9m18s wall 16m49s eta~6h33m best 72
  [936/21324   4.4%] exit 1 U1,L2,U3,U1,L2,U3,L2: exhausted states 48 best 13 0.0s | cpu 9m18s wall 16m49s eta~6h32m best 72
  [937/21324   4.4%] exit 1 L1,U1,U3,L1,L1,D2,D1: exhausted states 4 best 8 0.0s | cpu 9m18s wall 16m49s eta~6h32m best 72
  [938/21324   4.4%] exit 1 L1,U1,U1,R1,U2,R2,D2: exhausted states 3 best 7 0.0s | cpu 9m18s wall 16m49s eta~6h31m best 72
  [939/21324   4.4%] exit 1 U1,L1,U3,L3,U1,L1,U2: exhausted states 2 best 7 0.0s | cpu 9m18s wall 16m49s eta~6h31m best 72
  [940/21324   4.4%] exit 1 L1,L1,U1,U1,U3,U2,L3: exhausted states 22,985 best 32 0.051s | cpu 9m18s wall 16m49s eta~6h30m best 72
  [941/21324   4.4%] exit 1 U1,L1,L3,L2,U1,R1,U1: exhausted states 65,284 best 31 0.134s | cpu 9m18s wall 16m49s eta~6h30m best 72
  [942/21324   4.4%] exit 1 U1,L2,U3,L3,U2,R3,R2: exhausted states 99 best 10 0.0s | cpu 9m18s wall 16m49s eta~6h30m best 72
  [943/21324   4.4%] exit 1 L1,U1,L2,L1,U3,U2,U1: exhausted states 879 best 16 0.001s | cpu 9m18s wall 16m49s eta~6h29m best 72
  [944/21324   4.4%] exit 1 L1,U1,L2,U2,L2,U2,U1: exhausted states 753 best 16 0.001s | cpu 9m18s wall 16m49s eta~6h29m best 72
  [945/21324   4.4%] exit 1 U1,U1,L3,L1,U3,L3,D3: exhausted states 29 best 10 0.0s | cpu 9m18s wall 16m49s eta~6h28m best 72
  [946/21324   4.4%] exit 1 U1,L3,U3,L1,L1,D3,D1: exhausted states 4 best 8 0.0s | cpu 9m18s wall 16m49s eta~6h28m best 72
  [947/21324   4.4%] exit 1 L1,U1,U1,L1,U2,L3,U1: exhausted states 449 best 14 0.0s | cpu 9m18s wall 16m49s eta~6h27m best 72
  [948/21324   4.4%] exit 1 L1,U1,U1,U3,L2,U3,R2: exhausted states 6,256 best 24 0.015s | cpu 9m18s wall 16m49s eta~6h27m best 72
  [949/21324   4.5%] exit 1 U1,L3,L2,U3,R2,U1,L3: exhausted states 1,163 best 19 0.002s | cpu 9m18s wall 16m49s eta~6h26m best 72
  [950/21324   4.5%] exit 1 U1,L3,U1,U3,L2,U3,L3: exhausted states 96 best 13 0.0s | cpu 9m18s wall 16m49s eta~6h26m best 72
  [951/21324   4.5%] exit 1 L1,U1,L3,U3,U2,L3,U2: exhausted states 2,026 best 25 0.004s | cpu 9m18s wall 16m49s eta~6h26m best 72
  [952/21324   4.5%] exit 1 L1,U1,L3,U1,R2,U2,L3: exhausted states 1,913 best 20 0.005s | cpu 9m18s wall 16m49s eta~6h25m best 72
  [953/21324   4.5%] exit 1 U1,L2,U2,U2,L2,D1,L2: exhausted states 24 best 9 0.0s | cpu 9m18s wall 16m49s eta~6h25m best 72
  [954/21324   4.5%] exit 1 U1,L2,U3,U2,R2,U3,L3: exhausted states 1,217 best 24 0.002s | cpu 9m18s wall 16m49s eta~6h24m best 72
  [955/21324   4.5%] exit 1 U1,U1,U3,L2,L2,U3,R3: exhausted states 3 best 7 0.0s | cpu 9m18s wall 16m49s eta~6h24m best 72
  [956/21324   4.5%] exit 1 U1,L3,L2,U3,U2,R3,D3: exhausted states 3 best 7 0.0s | cpu 9m18s wall 16m49s eta~6h23m best 72
  [957/21324   4.5%] exit 1 U1,L1,U3,L3,D1,L2,D1: exhausted states 3 best 8 0.0s | cpu 9m18s wall 16m49s eta~6h23m best 72
  [958/21324   4.5%] exit 1 U1,U1,L2,U2,R2,R1,D3: exhausted states 3 best 7 0.0s | cpu 9m18s wall 16m49s eta~6h22m best 72
  [959/21324   4.5%] exit 1 L1,U1,U3,L3,U3,U1,L3: exhausted states 2 best 7 0.0s | cpu 9m18s wall 16m49s eta~6h22m best 72
  [960/21324   4.5%] exit 1 L1,U1,U1,L1,U3,L1,U1: exhausted states 3 best 7 0.0s | cpu 9m18s wall 16m49s eta~6h22m best 72
  [961/21324   4.5%] exit 1 U1,L1,L1,L3,U3,U1,U1: exhausted states 855 best 16 0.001s | cpu 9m18s wall 16m49s eta~6h21m best 72
  [962/21324   4.5%] exit 1 U1,U1,L3,L1,L3,U3,R1: exhausted states 946 best 20 0.002s | cpu 9m18s wall 16m49s eta~6h21m best 72
  [963/21324   4.5%] exit 1 U1,U1,L1,U2,L3,U3,L2: exhausted states 72 best 12 0.0s | cpu 9m18s wall 16m49s eta~6h20m best 72
  [964/21324   4.5%] exit 1 U1,U1,U1,L3,L1,D2,L2: exhausted states 303 best 17 0.001s | cpu 9m18s wall 16m49s eta~6h20m best 72
  [965/21324   4.5%] exit 1 L1,U1,L1,L1,U1,U3,U1: exhausted states 3,881 best 24 0.004s | cpu 9m18s wall 16m49s eta~6h19m best 72
  [966/21324   4.5%] exit 1 U1,L3,U1,L2,U1,L2,U3: exhausted states 1,269 best 24 0.003s | cpu 9m18s wall 16m49s eta~6h19m best 72
  [967/21324   4.5%] exit 1 U1,U1,U3,L2,U1,R3,R2: exhausted states 24 best 10 0.0s | cpu 9m18s wall 16m49s eta~6h19m best 72
  [968/21324   4.5%] exit 1 L1,U1,L3,U1,R3,U2,R1: exhausted states 545 best 16 0.001s | cpu 9m18s wall 16m49s eta~6h18m best 72
  [969/21324   4.5%] exit 1 U1,U1,L2,U1,R1,R1,U3: exhausted states 2 best 7 0.0s | cpu 9m18s wall 16m49s eta~6h18m best 72
  [970/21324   4.5%] exit 1 U1,L1,U1,L3,U2,U1,R1: exhausted states 134 best 11 0.0s | cpu 9m18s wall 16m49s eta~6h17m best 72
  [971/21324   4.6%] exit 1 L1,U1,U3,R1,U1,R3,U3: exhausted states 2,964 best 23 0.005s | cpu 9m18s wall 16m50s eta~6h17m best 72
  [972/21324   4.6%] exit 1 U1,L1,L1,D3,L2,U1,U1: exhausted states 12,410 best 31 0.02s | cpu 9m18s wall 16m50s eta~6h16m best 72
  [973/21324   4.6%] exit 1 L1,U1,U3,U2,L2,L2,U3: exhausted states 6 best 8 0.0s | cpu 9m18s wall 16m50s eta~6h16m best 72
  [974/21324   4.6%] exit 1 U1,L2,L2,D2,L2,U1,U1: exhausted states 145,650 best 51 0.418s | cpu 9m19s wall 16m50s eta~6h16m best 72
  [975/21324   4.6%] exit 1 U1,L2,U3,R2,U1,U1,L1: exhausted states 138,854 best 37 0.285s | cpu 9m19s wall 16m50s eta~6h15m best 72
  [976/21324   4.6%] exit 1 U1,L2,U1,L2,L2,U1,R1: exhausted states 221 best 12 0.0s | cpu 9m19s wall 16m50s eta~6h15m best 72
  [977/21324   4.6%] exit 1 L1,U1,U1,L2,U3,L2,U1: exhausted states 2,383 best 24 0.003s | cpu 9m19s wall 16m50s eta~6h15m best 72
  [978/21324   4.6%] exit 1 U1,L2,U2,L2,U1,R1,R1: exhausted states 135,373 best 42 0.833s | cpu 9m20s wall 16m51s eta~6h14m best 72
  [979/21324   4.6%] exit 1 U1,L3,U2,R3,U2,R2,D2: exhausted states 1 best 7 0.0s | cpu 9m20s wall 16m51s eta~6h14m best 72
  [980/21324   4.6%] exit 1 L1,U1,U1,R1,U1,R1,U2: exhausted states 2 best 7 0.0s | cpu 9m20s wall 16m51s eta~6h14m best 72
  [981/21324   4.6%] exit 1 U1,L1,U1,L2,U2,U1,R3: exhausted states 34 best 10 0.0s | cpu 9m20s wall 16m51s eta~6h13m best 72
  [982/21324   4.6%] exit 1 U1,L3,U2,L3,L2,D2,R1: exhausted states 5 best 7 0.0s | cpu 9m20s wall 16m51s eta~6h13m best 72
  [983/21324   4.6%] exit 1 U1,L1,L1,U1,U3,U2,R3: exhausted states 3,428 best 21 0.01s | cpu 9m20s wall 16m51s eta~6h12m best 72
  [984/21324   4.6%] exit 1 U1,L1,U3,U2,L1,L3,D2: exhausted states 21 best 10 0.0s | cpu 9m20s wall 16m51s eta~6h12m best 72
  [985/21324   4.6%] exit 1 U1,L1,U2,L1,U3,L2,D3: exhausted states 13 best 9 0.0s | cpu 9m20s wall 16m51s eta~6h12m best 72
  [986/21324   4.6%] exit 1 U1,L2,L1,U1,U3,U2,L2: exhausted states 140 best 14 0.0s | cpu 9m20s wall 16m51s eta~6h11m best 72
  [987/21324   4.6%] exit 1 U1,L2,U2,U1,R2,U2,L1: exhausted states 650 best 14 0.001s | cpu 9m20s wall 16m51s eta~6h11m best 72
  [988/21324   4.6%] exit 1 U1,L1,U3,L2,U1,U3,L3: exhausted states 48 best 13 0.0s | cpu 9m20s wall 16m51s eta~6h10m best 72
  [989/21324   4.6%] exit 1 U1,L3,U3,U2,L3,D2,L1: exhausted states 706 best 16 0.001s | cpu 9m20s wall 16m51s eta~6h10m best 72
  [990/21324   4.6%] exit 1 U1,U1,R2,U3,L1,U1,L2: exhausted states 9,608 best 28 0.028s | cpu 9m20s wall 16m51s eta~6h09m best 72
  [991/21324   4.6%] exit 1 U1,L3,U3,U1,L2,U1,L3: exhausted states 2 best 7 0.0s | cpu 9m20s wall 16m51s eta~6h09m best 72
  [992/21324   4.7%] exit 1 U1,R3,U1,U1,L1,L1,U2: exhausted states 17,630 best 28 0.045s | cpu 9m20s wall 16m52s eta~6h09m best 72
  [993/21324   4.7%] exit 1 U1,U1,U1,L3,U2,L2,D1: exhausted states 503 best 13 0.001s | cpu 9m20s wall 16m52s eta~6h08m best 72
  [994/21324   4.7%] exit 1 U1,U1,L1,L1,D1,L1,D2: exhausted states 2 best 7 0.0s | cpu 9m20s wall 16m52s eta~6h08m best 72
  [995/21324   4.7%] exit 1 U1,L2,U2,U1,L1,L3,D3: exhausted states 29 best 9 0.0s | cpu 9m20s wall 16m52s eta~6h07m best 72
  [996/21324   4.7%] exit 1 U1,L1,U3,U1,R2,R1,U2: exhausted states 2 best 7 0.0s | cpu 9m20s wall 16m52s eta~6h07m best 72
  [997/21324   4.7%] exit 1 U1,L1,U3,L3,U3,R1,U1: exhausted states 88 best 11 0.0s | cpu 9m20s wall 16m52s eta~6h07m best 72
  [998/21324   4.7%] exit 1 U1,L2,U1,L2,U2,R2,R1: exhausted states 37,561 best 31 0.211s | cpu 9m20s wall 16m52s eta~6h06m best 72
  [999/21324   4.7%] exit 1 U1,U1,L2,L2,L2,D2,R1: exhausted states 20 best 8 0.0s | cpu 9m20s wall 16m52s eta~6h06m best 72
  [1000/21324   4.7%] exit 1 L1,U1,L1,U1,U1,L2,U2: exhausted states 3,106 best 24 0.003s | cpu 9m20s wall 16m52s eta~6h06m best 72
  [1001/21324   4.7%] exit 1 U1,L1,U1,U1,R2,U1,L3: exhausted states 495 best 14 0.0s | cpu 9m20s wall 16m52s eta~6h05m best 72
  [1002/21324   4.7%] exit 1 L1,U1,U1,U1,L3,L2,U3: exhausted states 6 best 8 0.0s | cpu 9m20s wall 16m52s eta~6h05m best 72
  [1003/21324   4.7%] exit 1 U1,L1,L1,U2,U2,R2,U1: exhausted states 1,498 best 20 0.002s | cpu 9m20s wall 16m52s eta~6h04m best 72
  [1004/21324   4.7%] exit 1 U1,L1,U1,U3,R2,R1,D3: exhausted states 4 best 7 0.0s | cpu 9m20s wall 16m52s eta~6h04m best 72
  [1005/21324   4.7%] exit 1 U1,L2,L1,U2,U2,U2,R1: exhausted states 390,426 best 40 1.525s | cpu 9m22s wall 16m54s eta~6h04m best 72
  [1006/21324   4.7%] exit 1 U1,L3,U1,U3,R1,R3,D2: exhausted states 3 best 9 0.0s | cpu 9m22s wall 16m54s eta~6h04m best 72
  [1007/21324   4.7%] exit 1 U1,R3,U2,U2,U2,L1,L3: exhausted states 375,999 best 53 1.425s | cpu 9m23s wall 16m55s eta~6h04m best 72
  [1008/21324   4.7%] exit 1 L1,U1,U3,R2,U2,L1,L3: exhausted states 74,866 best 37 0.21s | cpu 9m23s wall 16m55s eta~6h03m best 72
  [1009/21324   4.7%] exit 1 L1,U1,L2,U1,U3,L1,U2: exhausted states 2 best 7 0.0s | cpu 9m23s wall 16m55s eta~6h03m best 72
  [1010/21324   4.7%] exit 1 U1,U1,L2,U2,R3,U1,R3: exhausted states 2 best 7 0.0s | cpu 9m23s wall 16m55s eta~6h03m best 72
  [1011/21324   4.7%] exit 1 U1,L3,U1,U1,R3,U3,L1: exhausted states 304 best 14 0.001s | cpu 9m23s wall 16m55s eta~6h02m best 72
  [1012/21324   4.7%] exit 1 U1,L1,U2,L1,U3,L2,D1: exhausted states 16 best 9 0.0s | cpu 9m23s wall 16m55s eta~6h02m best 72
  [1013/21324   4.8%] exit 1 L1,U1,L3,U3,U2,L1,U2: exhausted states 2 best 7 0.0s | cpu 9m23s wall 16m55s eta~6h01m best 72
  [1014/21324   4.8%] exit 1 U1,L2,L2,L1,U2,U1,U1: exhausted states 595 best 16 0.001s | cpu 9m23s wall 16m55s eta~6h01m best 72
  [1015/21324   4.8%] exit 1 U1,L3,U3,L3,U2,L2,U3: exhausted states 388 best 16 0.001s | cpu 9m23s wall 16m55s eta~6h01m best 72
  [1016/21324   4.8%] exit 1 U1,R3,U3,L1,U2,U2,L2: exhausted states 9,132 best 23 0.018s | cpu 9m23s wall 16m55s eta~6h00m best 72
  [1017/21324   4.8%] exit 1 U1,L3,U1,L2,U2,L2,D3: exhausted states 3 best 7 0.0s | cpu 9m23s wall 16m55s eta~6h00m best 72
  [1018/21324   4.8%] exit 1 U1,L3,U2,U1,U3,L3,L2: exhausted states 300 best 14 0.001s | cpu 9m23s wall 16m55s eta~6h00m best 72
  [1019/21324   4.8%] exit 1 U1,U1,L3,U3,L3,L1,D3: exhausted states 75 best 11 0.0s | cpu 9m23s wall 16m55s eta~5h59m best 72
  [1020/21324   4.8%] exit 1 U1,L2,U2,L2,U2,L2,U1: exhausted states 18,368 best 28 0.134s | cpu 9m23s wall 16m56s eta~5h59m best 72
  [1021/21324   4.8%] exit 1 U1,L2,U1,U1,L2,U3,L2: exhausted states 72 best 12 0.0s | cpu 9m23s wall 16m56s eta~5h58m best 72
  [1022/21324   4.8%] exit 1 U1,L3,L2,U2,U1,R2,R2: exhausted states 82 best 10 0.0s | cpu 9m23s wall 16m56s eta~5h58m best 72
  [1023/21324   4.8%] exit 1 L1,U1,U1,L1,U3,L1,D1: exhausted states 16 best 9 0.0s | cpu 9m23s wall 16m56s eta~5h58m best 72
  [1024/21324   4.8%] exit 1 U1,L3,L1,U3,U1,R1,R1: exhausted states 209 best 16 0.0s | cpu 9m23s wall 16m56s eta~5h57m best 72
  [1025/21324   4.8%] exit 1 U1,L1,U1,U3,R3,R2,D2: exhausted states 4 best 7 0.0s | cpu 9m23s wall 16m56s eta~5h57m best 72
  [1026/21324   4.8%] exit 1 U1,U1,L2,U1,R2,U2,R1: exhausted states 3 best 7 0.0s | cpu 9m23s wall 16m56s eta~5h56m best 72
  [1027/21324   4.8%] exit 1 U1,U1,U3,U1,L3,L1,L3: exhausted states 57,743 best 36 0.486s | cpu 9m24s wall 16m56s eta~5h56m best 72
  [1028/21324   4.8%] exit 1 U1,U1,L3,L1,U2,U2,L1: exhausted states 7 best 8 0.0s | cpu 9m24s wall 16m56s eta~5h56m best 72
  [1029/21324   4.8%] exit 1 U1,R3,U3,L1,L1,L1,D1: exhausted states 586 best 17 0.001s | cpu 9m24s wall 16m56s eta~5h56m best 72
  [1030/21324   4.8%] exit 1 L1,U1,U1,L3,U1,R2,U1: exhausted states 1,318 best 20 0.002s | cpu 9m24s wall 16m56s eta~5h55m best 72
  [1031/21324   4.8%] exit 1 U1,L2,U3,U2,R3,U2,R2: exhausted states 50 best 13 0.0s | cpu 9m24s wall 16m56s eta~5h55m best 72
  [1032/21324   4.8%] exit 1 U1,L2,U2,L2,D3,L2,D3: exhausted states 2 best 7 0.0s | cpu 9m24s wall 16m56s eta~5h54m best 72
  [1033/21324   4.8%] exit 1 U1,L1,L3,U2,R2,U2,L3: exhausted states 26,026 best 34 0.167s | cpu 9m24s wall 16m57s eta~5h54m best 72
  [1034/21324   4.8%] exit 1 U1,U1,U1,L3,L2,D3,L2: exhausted states 119 best 11 0.0s | cpu 9m24s wall 16m57s eta~5h54m best 72
  [1035/21324   4.9%] exit 1 U1,L1,U3,L3,U3,U2,L1: exhausted states 7 best 8 0.0s | cpu 9m24s wall 16m57s eta~5h53m best 72
  [1036/21324   4.9%] exit 1 U1,L2,L2,U3,R2,U2,U2: exhausted states 872 best 19 0.002s | cpu 9m24s wall 16m57s eta~5h53m best 72
  [1037/21324   4.9%] exit 1 U1,L1,L1,U2,U2,L3,U2: exhausted states 224 best 13 0.001s | cpu 9m24s wall 16m57s eta~5h53m best 72
  [1038/21324   4.9%] exit 1 U1,L3,U2,R3,U2,R2,U3: exhausted states 2,268 best 17 0.008s | cpu 9m24s wall 16m57s eta~5h52m best 72
  [1039/21324   4.9%] exit 1 U1,U1,L3,L1,L3,D1,D1: exhausted states 8 best 8 0.0s | cpu 9m24s wall 16m57s eta~5h52m best 72
  [1040/21324   4.9%] exit 1 L1,L1,U1,U3,U2,L2,U3: exhausted states 83,863 best 39 0.279s | cpu 9m24s wall 16m57s eta~5h52m best 72
  [1041/21324   4.9%] exit 1 U1,U1,L3,U1,U3,R1,R3: exhausted states 5 best 11 0.0s | cpu 9m24s wall 16m57s eta~5h51m best 72
  [1042/21324   4.9%] exit 1 U1,U1,U3,L3,U3,L3,D1: exhausted states 1,874 best 20 0.004s | cpu 9m24s wall 16m57s eta~5h51m best 72
  [1043/21324   4.9%] exit 1 U1,U1,U3,L1,L3,D3,D2: exhausted states 5,402 best 28 0.017s | cpu 9m24s wall 16m57s eta~5h50m best 72
  [1044/21324   4.9%] exit 1 U1,L1,L3,U1,U1,R3,R1: exhausted states 502 best 16 0.001s | cpu 9m24s wall 16m57s eta~5h50m best 72
  [1045/21324   4.9%] exit 1 U1,U1,L2,L2,U2,L2,D1: exhausted states 644 best 17 0.002s | cpu 9m24s wall 16m57s eta~5h50m best 72
  [1046/21324   4.9%] exit 1 U1,U1,U3,L1,L1,L1,D2: exhausted states 133 best 12 0.0s | cpu 9m24s wall 16m57s eta~5h49m best 72
  [1047/21324   4.9%] exit 1 L1,U1,U1,U1,R2,R1,D2: exhausted states 12 best 8 0.0s | cpu 9m24s wall 16m57s eta~5h49m best 72
  [1048/21324   4.9%] exit 1 U1,R2,U3,L1,U1,U1,R3: exhausted states 2 best 7 0.0s | cpu 9m24s wall 16m57s eta~5h49m best 72
  [1049/21324   4.9%] exit 1 U1,L2,L2,U3,R2,U2,R1: exhausted states 1,135 best 21 0.004s | cpu 9m24s wall 16m57s eta~5h48m best 72
  [1050/21324   4.9%] exit 1 L1,U1,U3,U1,R2,U1,L3: exhausted states 1,245 best 19 0.003s | cpu 9m24s wall 16m57s eta~5h48m best 72
  [1051/21324   4.9%] exit 1 L1,U1,U1,U3,R1,D3,R1: exhausted states 27 best 9 0.0s | cpu 9m24s wall 16m57s eta~5h48m best 72
  [1052/21324   4.9%] exit 1 U1,L1,U2,L1,U2,L2,D3: exhausted states 21 best 9 0.0s | cpu 9m24s wall 16m57s eta~5h47m best 72
  ** new campaign best: depth 91 (exit 1, U1,L2,U1,R2,R2,D1,U2)
  [1053/21324   4.9%] exit 1 U1,L2,U1,R2,R2,D1,U2: exhausted states 38,400,575 best 91 800.745s | cpu 22m45s wall 21m04s eta~7h11m best 91
  [1054/21324   4.9%] exit 1 U1,L3,U3,U1,L3,U3,L3: exhausted states 48 best 13 0.0s | cpu 22m45s wall 21m04s eta~7h10m best 91
  [1055/21324   4.9%] exit 1 U1,L3,L1,U2,U2,R2,R1: exhausted states 728 best 19 0.001s | cpu 22m45s wall 21m04s eta~7h10m best 91
  [1056/21324   5.0%] exit 1 U1,U1,U3,L2,L1,L3,D2: exhausted states 16,498 best 30 0.133s | cpu 22m45s wall 21m04s eta~7h10m best 91
  [1057/21324   5.0%] exit 1 L1,U1,L3,U2,U2,R1,R1: exhausted states 557 best 16 0.001s | cpu 22m45s wall 21m04s eta~7h09m best 91
  [1058/21324   5.0%] exit 1 U1,L2,U2,R3,U1,U3,L1: exhausted states 8,753 best 33 0.029s | cpu 22m45s wall 21m04s eta~7h09m best 91
  [1059/21324   5.0%] exit 1 U1,U1,U3,L3,U1,R3,R1: exhausted states 2 best 7 0.0s | cpu 22m45s wall 21m04s eta~7h08m best 91
  [1060/21324   5.0%] exit 1 U1,L2,U2,R1,U1,R1,U1: exhausted states 3 best 7 0.0s | cpu 22m45s wall 21m04s eta~7h08m best 91
  [1061/21324   5.0%] exit 1 U1,U1,L2,U2,R2,R1,D1: exhausted states 16,699 best 30 0.035s | cpu 22m45s wall 21m04s eta~7h07m best 91
  [1062/21324   5.0%] exit 1 U1,L2,U2,R2,U1,R2,U2: exhausted states 91,323 best 39 0.731s | cpu 22m46s wall 21m05s eta~7h07m best 91
  [1063/21324   5.0%] exit 1 U1,L2,U3,R2,U2,U2,L3: exhausted states 12,707 best 30 0.038s | cpu 22m46s wall 21m05s eta~7h07m best 91
  [1064/21324   5.0%] exit 1 U1,L2,L1,U3,L3,U1,R1: exhausted states 22,762 best 32 0.071s | cpu 22m46s wall 21m05s eta~7h06m best 91
  [1065/21324   5.0%] exit 1 U1,L3,U1,R3,U1,U1,R3: exhausted states 2 best 7 0.0s | cpu 22m46s wall 21m05s eta~7h06m best 91
  [1066/21324   5.0%] exit 1 U1,L3,U3,R3,U2,L3,U1: exhausted states 312 best 15 0.001s | cpu 22m46s wall 21m05s eta~7h05m best 91
  [1067/21324   5.0%] exit 1 U1,U1,U1,L2,L2,L1,U1: exhausted states 3 best 7 0.0s | cpu 22m46s wall 21m05s eta~7h05m best 91
  [1068/21324   5.0%] exit 1 L1,U1,L1,U2,U2,L3,U3: exhausted states 1,494 best 24 0.002s | cpu 22m46s wall 21m05s eta~7h05m best 91
  [1069/21324   5.0%] exit 1 U1,R1,U2,U1,U1,L1,L3: exhausted states 197,826 best 51 0.332s | cpu 22m46s wall 21m05s eta~7h04m best 91
  [1070/21324   5.0%] exit 1 L1,U1,L1,U3,L3,U3,R1: exhausted states 10,769 best 28 0.012s | cpu 22m46s wall 21m05s eta~7h04m best 91
  [1071/21324   5.0%] exit 1 U1,L1,U2,U2,L2,L2,U1: exhausted states 7 best 8 0.0s | cpu 22m46s wall 21m05s eta~7h03m best 91
  [1072/21324   5.0%] exit 1 L1,U1,U3,U2,R3,U3,L3: exhausted states 3,271 best 26 0.01s | cpu 22m46s wall 21m05s eta~7h03m best 91
  [1073/21324   5.0%] exit 1 U1,L3,U3,U2,U1,R3,R2: exhausted states 14 best 10 0.0s | cpu 22m46s wall 21m05s eta~7h03m best 91
  [1074/21324   5.0%] exit 1 U1,L2,U1,R2,R2,U3,U1: exhausted states 76 best 12 0.0s | cpu 22m46s wall 21m05s eta~7h02m best 91
  [1075/21324   5.0%] exit 1 L1,U1,U1,U1,L2,U3,R2: exhausted states 263 best 12 0.0s | cpu 22m46s wall 21m05s eta~7h02m best 91
  [1076/21324   5.0%] exit 1 U1,L3,U2,U1,R3,R2,D1: exhausted states 3 best 7 0.0s | cpu 22m46s wall 21m05s eta~7h01m best 91
  [1077/21324   5.1%] exit 1 R1,U1,U1,L1,L1,U1,U3: exhausted states 12,651 best 22 0.014s | cpu 22m47s wall 21m05s eta~7h01m best 91
  [1078/21324   5.1%] exit 1 U1,R3,U3,U2,L1,U2,L3: exhausted states 33,828 best 34 0.071s | cpu 22m47s wall 21m06s eta~7h00m best 91
  [1079/21324   5.1%] exit 1 L1,U1,L3,U1,U3,R3,U1: exhausted states 234 best 12 0.0s | cpu 22m47s wall 21m06s eta~7h00m best 91
  [1080/21324   5.1%] exit 1 U1,L1,U3,L2,U3,L2,U3: exhausted states 154 best 14 0.0s | cpu 22m47s wall 21m06s eta~7h00m best 91
  [1081/21324   5.1%] exit 1 L1,U1,U1,R1,U1,U3,L2: exhausted states 371 best 13 0.0s | cpu 22m47s wall 21m06s eta~6h59m best 91
  [1082/21324   5.1%] exit 1 L1,U1,U1,L3,U2,L3,D1: exhausted states 6 best 7 0.0s | cpu 22m47s wall 21m06s eta~6h59m best 91
  [1083/21324   5.1%] exit 1 U1,L3,U2,U1,L2,U2,L1: exhausted states 7 best 8 0.0s | cpu 22m47s wall 21m06s eta~6h58m best 91
  [1084/21324   5.1%] exit 1 U1,U1,L3,U2,R1,U2,R2: exhausted states 2 best 8 0.0s | cpu 22m47s wall 21m06s eta~6h58m best 91
  [1085/21324   5.1%] exit 1 U1,L2,L2,L1,U2,U1,U3: exhausted states 5,147 best 30 0.009s | cpu 22m47s wall 21m06s eta~6h57m best 91
  [1086/21324   5.1%] exit 1 U1,L1,L3,U3,R3,U2,R3: exhausted states 860 best 16 0.001s | cpu 22m47s wall 21m06s eta~6h57m best 91
  [1087/21324   5.1%] exit 1 U1,L2,U3,U1,R3,R1,U3: exhausted states 2 best 7 0.0s | cpu 22m47s wall 21m06s eta~6h57m best 91
  [1088/21324   5.1%] exit 1 L1,U1,L1,L3,U1,R1,R3: exhausted states 247,142 best 44 0.59s | cpu 22m47s wall 21m06s eta~6h56m best 91
  [1089/21324   5.1%] exit 1 L1,U1,U3,U1,L1,U3,L3: exhausted states 78 best 14 0.0s | cpu 22m47s wall 21m06s eta~6h56m best 91
  [1090/21324   5.1%] exit 1 L1,U1,U1,L3,L2,U3,U1: exhausted states 550 best 14 0.001s | cpu 22m47s wall 21m06s eta~6h55m best 91
  [1091/21324   5.1%] exit 1 U1,U1,L3,U3,L2,U2,R1: exhausted states 3,006 best 22 0.009s | cpu 22m47s wall 21m06s eta~6h55m best 91
  [1092/21324   5.1%] exit 1 U1,L3,U2,R2,R1,U1,U1: exhausted states 83,317 best 36 0.185s | cpu 22m47s wall 21m07s eta~6h55m best 91
  [1093/21324   5.1%] exit 1 U1,L2,U1,U1,L3,U2,R1: exhausted states 10,029 best 36 0.04s | cpu 22m47s wall 21m07s eta~6h54m best 91
  [1094/21324   5.1%] exit 1 U1,L3,U2,R1,U2,R1,D2: exhausted states 1 best 7 0.0s | cpu 22m47s wall 21m07s eta~6h54m best 91
  [1095/21324   5.1%] exit 1 L1,U1,U3,L1,U1,U3,L2: exhausted states 78 best 14 0.0s | cpu 22m47s wall 21m07s eta~6h53m best 91
  [1096/21324   5.1%] exit 1 U1,U1,L3,U3,L2,L2,U3: exhausted states 6 best 8 0.0s | cpu 22m47s wall 21m07s eta~6h53m best 91
  [1097/21324   5.1%] exit 1 U1,L3,U3,L2,U1,R3,R1: exhausted states 518 best 19 0.001s | cpu 22m47s wall 21m07s eta~6h53m best 91
  [1098/21324   5.1%] exit 1 U1,L1,U3,L2,L1,D2,D2: exhausted states 3 best 8 0.0s | cpu 22m47s wall 21m07s eta~6h52m best 91
  [1099/21324   5.2%] exit 1 U1,L2,U3,R3,R2,U1,L1: exhausted states 2,435 best 17 0.004s | cpu 22m47s wall 21m07s eta~6h52m best 91
  [1100/21324   5.2%] exit 1 U1,U1,L2,U3,R1,U1,R2: exhausted states 2 best 7 0.0s | cpu 22m47s wall 21m07s eta~6h51m best 91
  [1101/21324   5.2%] exit 1 U1,R1,U1,U3,U2,L1,L1: exhausted states 374,076 best 53 1.911s | cpu 22m49s wall 21m09s eta~6h52m best 91
  [1102/21324   5.2%] exit 1 U1,L3,L1,U2,U1,L3,U2: exhausted states 486 best 24 0.001s | cpu 22m49s wall 21m09s eta~6h51m best 91
  [1103/21324   5.2%] exit 1 L1,U1,U3,L3,L2,U2,U2: exhausted states 552 best 14 0.001s | cpu 22m49s wall 21m09s eta~6h51m best 91
  [1104/21324   5.2%] exit 1 U1,L1,U3,L2,U2,R1,U1: exhausted states 52 best 10 0.0s | cpu 22m49s wall 21m09s eta~6h50m best 91
  [1105/21324   5.2%] exit 1 U1,U1,L2,L2,U3,R1,U2: exhausted states 24 best 9 0.0s | cpu 22m49s wall 21m09s eta~6h50m best 91
  [1106/21324   5.2%] exit 1 U1,R2,U3,L1,L3,L1,U3: exhausted states 4,714 best 22 0.01s | cpu 22m49s wall 21m09s eta~6h50m best 91
  [1107/21324   5.2%] exit 1 U1,L3,U3,U2,L2,U3,L2: exhausted states 40 best 12 0.0s | cpu 22m49s wall 21m09s eta~6h49m best 91
  [1108/21324   5.2%] exit 1 U1,L3,U1,U3,L2,L1,U2: exhausted states 2 best 7 0.0s | cpu 22m49s wall 21m09s eta~6h49m best 91
  [1109/21324   5.2%] exit 1 U1,L3,U3,R3,U1,U1,R2: exhausted states 2 best 7 0.0s | cpu 22m49s wall 21m09s eta~6h48m best 91
  [1110/21324   5.2%] exit 1 U1,L1,U3,U1,R1,U1,R2: exhausted states 2 best 7 0.0s | cpu 22m49s wall 21m09s eta~6h48m best 91
  [1111/21324   5.2%] exit 1 U1,U1,L3,U3,L1,L3,D3: exhausted states 162 best 13 0.0s | cpu 22m49s wall 21m09s eta~6h48m best 91
  [1112/21324   5.2%] exit 1 U1,U1,L3,L1,U3,L3,D1: exhausted states 32 best 10 0.0s | cpu 22m49s wall 21m09s eta~6h47m best 91
  [1113/21324   5.2%] exit 1 L1,U1,U1,U3,U2,L2,L1: exhausted states 41,142 best 35 0.203s | cpu 22m50s wall 21m09s eta~6h47m best 91
  [1114/21324   5.2%] exit 1 U1,L2,U3,U2,L1,L1,D3: exhausted states 18 best 10 0.0s | cpu 22m50s wall 21m09s eta~6h46m best 91
  [1115/21324   5.2%] exit 1 U1,L3,U2,L3,L2,U2,U1: exhausted states 158 best 13 0.0s | cpu 22m50s wall 21m09s eta~6h46m best 91
  [1116/21324   5.2%] exit 1 U1,L1,U2,L1,U2,L3,D3: exhausted states 21 best 9 0.0s | cpu 22m50s wall 21m09s eta~6h46m best 91
  [1117/21324   5.2%] exit 1 U1,L3,U1,R2,U1,U1,R1: exhausted states 3 best 7 0.0s | cpu 22m50s wall 21m09s eta~6h45m best 91
  [1118/21324   5.2%] exit 1 U1,R3,U3,U2,L1,D1,L2: exhausted states 6,306 best 25 0.009s | cpu 22m50s wall 21m09s eta~6h45m best 91
  [1119/21324   5.2%] exit 1 U1,L3,U1,L3,L2,D3,D2: exhausted states 7 best 8 0.0s | cpu 22m50s wall 21m09s eta~6h44m best 91
  [1120/21324   5.3%] exit 1 L1,U1,U3,R1,R1,U2,U1: exhausted states 4,958 best 24 0.008s | cpu 22m50s wall 21m09s eta~6h44m best 91
  [1121/21324   5.3%] exit 1 U1,R2,U2,L1,L1,L3,U2: exhausted states 96,143 best 39 0.243s | cpu 22m50s wall 21m09s eta~6h44m best 91
  [1122/21324   5.3%] exit 1 U1,L3,U3,L2,U3,U2,L1: exhausted states 7 best 8 0.0s | cpu 22m50s wall 21m09s eta~6h43m best 91
  [1123/21324   5.3%] exit 1 U1,L1,U2,L2,U2,L2,D2: exhausted states 21 best 9 0.0s | cpu 22m50s wall 21m09s eta~6h43m best 91
  [1124/21324   5.3%] exit 1 U1,U1,U1,U1,L1,L1,L3: exhausted states 2,996 best 24 0.005s | cpu 22m50s wall 21m10s eta~6h42m best 91
  [1125/21324   5.3%] exit 1 U1,L3,U1,U3,R2,U2,R2: exhausted states 14 best 13 0.0s | cpu 22m50s wall 21m10s eta~6h42m best 91
  [1126/21324   5.3%] exit 1 U1,R3,U3,U1,L1,L1,D2: exhausted states 12,889 best 26 0.023s | cpu 22m50s wall 21m10s eta~6h42m best 91
  [1127/21324   5.3%] exit 1 U1,L2,U2,R3,U2,L3,U2: exhausted states 611 best 13 0.001s | cpu 22m50s wall 21m10s eta~6h41m best 91
  [1128/21324   5.3%] exit 1 U1,U1,L2,L2,U1,L3,U3: exhausted states 36 best 11 0.0s | cpu 22m50s wall 21m10s eta~6h41m best 91
  [1129/21324   5.3%] exit 1 L1,U1,U3,U2,R3,U1,L3: exhausted states 11,815 best 38 0.042s | cpu 22m50s wall 21m10s eta~6h41m best 91
  [1130/21324   5.3%] exit 1 U1,U1,U3,U2,L3,L1,D1: exhausted states 219,742 best 44 3.126s | cpu 22m53s wall 21m13s eta~6h41m best 91
  [1131/21324   5.3%] exit 1 U1,U1,L2,L1,D3,L1,U2: exhausted states 1,745 best 23 0.002s | cpu 22m53s wall 21m13s eta~6h41m best 91
  [1132/21324   5.3%] exit 1 U1,L1,U1,U3,R2,U2,R3: exhausted states 6 best 8 0.0s | cpu 22m53s wall 21m13s eta~6h40m best 91
  [1133/21324   5.3%] exit 1 U1,U1,L3,U3,U1,R3,R2: exhausted states 3 best 8 0.0s | cpu 22m53s wall 21m13s eta~6h40m best 91
  [1134/21324   5.3%] exit 1 U1,L1,L3,U2,U1,R1,R1: exhausted states 466 best 16 0.001s | cpu 22m53s wall 21m13s eta~6h40m best 91
  [1135/21324   5.3%] exit 1 U1,L2,U1,L3,U3,L3,D3: exhausted states 29 best 10 0.0s | cpu 22m53s wall 21m13s eta~6h39m best 91
  [1136/21324   5.3%] exit 1 L1,U1,L3,U2,U1,L3,U1: exhausted states 1,219 best 24 0.001s | cpu 22m53s wall 21m13s eta~6h39m best 91
  [1137/21324   5.3%] exit 1 U1,L1,U2,U1,L1,U3,L3: exhausted states 44 best 11 0.0s | cpu 22m53s wall 21m13s eta~6h38m best 91
  [1138/21324   5.3%] exit 1 U1,L3,U3,U1,R1,U3,R1: exhausted states 7 best 9 0.0s | cpu 22m53s wall 21m13s eta~6h38m best 91
  [1139/21324   5.3%] exit 1 U1,L1,U2,L2,U1,R2,U2: exhausted states 163 best 16 0.0s | cpu 22m53s wall 21m13s eta~6h38m best 91
  [1140/21324   5.3%] exit 1 U1,U1,U1,U3,L3,L1,D1: exhausted states 3,173 best 20 0.004s | cpu 22m53s wall 21m13s eta~6h37m best 91
  [1141/21324   5.4%] exit 1 U1,U1,L2,L1,D1,L2,D1: exhausted states 7 best 8 0.0s | cpu 22m53s wall 21m13s eta~6h37m best 91
  [1142/21324   5.4%] exit 1 U1,L1,U3,L3,U3,U1,R1: exhausted states 134 best 11 0.0s | cpu 22m53s wall 21m13s eta~6h37m best 91
  [1143/21324   5.4%] exit 1 L1,U1,L1,U3,U1,R1,R3: exhausted states 1,366 best 16 0.001s | cpu 22m53s wall 21m13s eta~6h36m best 91
  [1144/21324   5.4%] exit 1 U1,L3,L2,U3,L2,U1,U3: exhausted states 6,649 best 27 0.011s | cpu 22m53s wall 21m13s eta~6h36m best 91
  [1145/21324   5.4%] exit 1 L1,U1,L1,U3,L1,D3,D2: exhausted states 1 best 7 0.0s | cpu 22m53s wall 21m13s eta~6h35m best 91
  [1146/21324   5.4%] exit 1 U1,L2,L2,U3,R3,U1,R1: exhausted states 143 best 15 0.0s | cpu 22m53s wall 21m13s eta~6h35m best 91
  [1147/21324   5.4%] exit 1 L1,U1,L3,U2,U2,L2,U1: exhausted states 19,827 best 29 0.033s | cpu 22m53s wall 21m13s eta~6h35m best 91
  [1148/21324   5.4%] exit 1 U1,U1,L1,U1,U1,R3,R2: exhausted states 7 best 8 0.0s | cpu 22m53s wall 21m13s eta~6h34m best 91
  [1149/21324   5.4%] exit 1 U1,L1,L1,U2,U2,L2,U3: exhausted states 858 best 16 0.001s | cpu 22m53s wall 21m13s eta~6h34m best 91
  [1150/21324   5.4%] exit 1 U1,U1,L2,U3,R3,R2,D3: exhausted states 3 best 7 0.0s | cpu 22m53s wall 21m13s eta~6h33m best 91
  [1151/21324   5.4%] exit 1 U1,L3,U3,L2,L2,D3,D2: exhausted states 4 best 9 0.0s | cpu 22m53s wall 21m13s eta~6h33m best 91
  [1152/21324   5.4%] exit 1 U1,L2,U1,L1,L1,D3,D2: exhausted states 7 best 8 0.0s | cpu 22m53s wall 21m13s eta~6h33m best 91
  [1153/21324   5.4%] exit 1 R1,U1,U1,L1,L3,U3,R2: exhausted states 49,014 best 32 0.064s | cpu 22m53s wall 21m13s eta~6h32m best 91
  [1154/21324   5.4%] exit 1 R1,U1,U1,U3,U1,L1,L3: exhausted states 6,302,309 best 85 59.803s | cpu 23m53s wall 22m13s eta~6h50m best 91
  [1155/21324   5.4%] exit 1 U1,R1,U2,U2,L1,U1,L1: exhausted states 16,794 best 33 0.016s | cpu 23m53s wall 22m13s eta~6h50m best 91
  [1156/21324   5.4%] exit 1 U1,L1,L3,U2,R1,R1,U1: exhausted states 544 best 14 0.001s | cpu 23m53s wall 22m13s eta~6h50m best 91
  [1157/21324   5.4%] exit 1 U1,L1,U2,L1,U3,L1,D1: exhausted states 16 best 9 0.0s | cpu 23m53s wall 22m13s eta~6h49m best 91
  [1158/21324   5.4%] exit 1 U1,L3,U2,L3,U2,U2,R1: exhausted states 141 best 13 0.0s | cpu 23m53s wall 22m13s eta~6h49m best 91
  [1159/21324   5.4%] exit 1 U1,L1,L3,L2,U1,R1,R3: exhausted states 1,474,230 best 48 7.127s | cpu 24m00s wall 22m20s eta~6h51m best 91
  [1160/21324   5.4%] exit 1 U1,L1,L1,U1,U3,R1,R1: exhausted states 109 best 11 0.0s | cpu 24m00s wall 22m20s eta~6h50m best 91
  [1161/21324   5.4%] exit 1 U1,L2,U2,U2,L1,U3,L2: exhausted states 36 best 11 0.0s | cpu 24m00s wall 22m20s eta~6h50m best 91
  [1162/21324   5.4%] exit 1 L1,U1,U1,U1,L2,U3,L3: exhausted states 36 best 11 0.0s | cpu 24m00s wall 22m20s eta~6h50m best 91
  [1163/21324   5.5%] exit 1 U1,U1,L3,U1,L1,L3,U1: exhausted states 49 best 13 0.0s | cpu 24m00s wall 22m20s eta~6h49m best 91
  [1164/21324   5.5%] exit 1 U1,L2,U2,L1,U2,U1,L2: exhausted states 2 best 7 0.0s | cpu 24m00s wall 22m20s eta~6h49m best 91
  [1165/21324   5.5%] exit 1 U1,R2,U2,L1,U2,U1,R3: exhausted states 2 best 7 0.0s | cpu 24m00s wall 22m20s eta~6h48m best 91
  [1166/21324   5.5%] exit 1 U1,L3,U3,R2,U2,R1,D1: exhausted states 2 best 7 0.0s | cpu 24m00s wall 22m20s eta~6h48m best 91
  [1167/21324   5.5%] exit 1 L1,U1,U1,R1,R3,U3,L1: exhausted states 13,383 best 29 0.014s | cpu 24m00s wall 22m21s eta~6h48m best 91
  [1168/21324   5.5%] exit 1 U1,L3,U3,U1,R2,R2,U2: exhausted states 6 best 8 0.0s | cpu 24m00s wall 22m21s eta~6h47m best 91
  [1169/21324   5.5%] exit 1 U1,R2,U2,U1,L1,U3,L2: exhausted states 106,949 best 34 0.228s | cpu 24m00s wall 22m21s eta~6h47m best 91
  [1170/21324   5.5%] exit 1 L1,L1,U1,U3,U1,R2,U2: exhausted states 1,078 best 18 0.001s | cpu 24m00s wall 22m21s eta~6h46m best 91
  [1171/21324   5.5%] exit 1 U1,L2,U2,L2,D2,L1,U1: exhausted states 162,354 best 40 0.8s | cpu 24m01s wall 22m22s eta~6h46m best 91
  [1172/21324   5.5%] exit 1 U1,L1,U2,L2,U1,R1,U1: exhausted states 52 best 10 0.0s | cpu 24m01s wall 22m22s eta~6h46m best 91
  [1173/21324   5.5%] exit 1 U1,L2,L2,U3,U1,L3,U2: exhausted states 120 best 13 0.0s | cpu 24m01s wall 22m22s eta~6h46m best 91
  [1174/21324   5.5%] exit 1 L1,U1,U3,U1,L1,U1,L2: exhausted states 2 best 7 0.0s | cpu 24m01s wall 22m22s eta~6h45m best 91
  [1175/21324   5.5%] exit 1 U1,L2,U3,L1,U3,L1,D2: exhausted states 13 best 10 0.0s | cpu 24m01s wall 22m22s eta~6h45m best 91
  [1176/21324   5.5%] exit 1 U1,R3,U2,U1,L1,U3,L2: exhausted states 19,241 best 33 0.026s | cpu 24m01s wall 22m22s eta~6h44m best 91
  [1177/21324   5.5%] exit 1 U1,L1,U3,L1,U2,L2,U2: exhausted states 6 best 8 0.0s | cpu 24m01s wall 22m22s eta~6h44m best 91
  [1178/21324   5.5%] exit 1 U1,L2,L2,U1,U3,L1,U3: exhausted states 2 best 7 0.0s | cpu 24m01s wall 22m22s eta~6h44m best 91
  [1179/21324   5.5%] exit 1 U1,L1,U3,U1,L3,U3,L2: exhausted states 48 best 13 0.0s | cpu 24m01s wall 22m22s eta~6h43m best 91
  [1180/21324   5.5%] exit 1 U1,L2,U3,R2,U1,L2,L1: exhausted states 82,454 best 33 0.242s | cpu 24m01s wall 22m22s eta~6h43m best 91
  [1181/21324   5.5%] exit 1 L1,U1,L1,U3,U2,U1,R3: exhausted states 754 best 16 0.001s | cpu 24m01s wall 22m22s eta~6h43m best 91
  [1182/21324   5.5%] exit 1 U1,L2,L2,U1,U3,R1,U2: exhausted states 111 best 11 0.0s | cpu 24m01s wall 22m22s eta~6h42m best 91
  [1183/21324   5.5%] exit 1 L1,U1,L2,U1,U3,U2,R2: exhausted states 36,556 best 31 0.122s | cpu 24m01s wall 22m22s eta~6h42m best 91
  [1184/21324   5.6%] exit 1 U1,L2,U3,U2,R3,U2,L3: exhausted states 189 best 14 0.0s | cpu 24m01s wall 22m22s eta~6h42m best 91
  [1185/21324   5.6%] exit 1 U1,U1,L2,L1,U1,L2,U2: exhausted states 6 best 8 0.0s | cpu 24m01s wall 22m22s eta~6h41m best 91
  [1186/21324   5.6%] exit 1 L1,U1,U1,R3,U2,R1,D1: exhausted states 6 best 7 0.0s | cpu 24m01s wall 22m22s eta~6h41m best 91
  [1187/21324   5.6%] exit 1 U1,L3,U3,U1,R1,U2,R2: exhausted states 6 best 8 0.0s | cpu 24m01s wall 22m22s eta~6h40m best 91
  [1188/21324   5.6%] exit 1 U1,L1,U3,L3,D3,L2,D1: exhausted states 3 best 8 0.0s | cpu 24m01s wall 22m22s eta~6h40m best 91
  [1189/21324   5.6%] exit 1 U1,L2,L2,U1,R3,U1,R2: exhausted states 467 best 17 0.001s | cpu 24m02s wall 22m22s eta~6h40m best 91
  [1190/21324   5.6%] exit 1 R1,U1,U1,L1,L3,L1,D3: exhausted states 6,160 best 24 0.009s | cpu 24m02s wall 22m22s eta~6h39m best 91
  [1191/21324   5.6%] exit 1 U1,L1,U3,L2,U3,L2,D1: exhausted states 16 best 10 0.0s | cpu 24m02s wall 22m22s eta~6h39m best 91
  [1192/21324   5.6%] exit 1 U1,L3,U3,R3,U1,L1,L1: exhausted states 186 best 13 0.0s | cpu 24m02s wall 22m22s eta~6h39m best 91
  [1193/21324   5.6%] exit 1 U1,L2,L1,U3,U1,R3,U2: exhausted states 646 best 19 0.002s | cpu 24m02s wall 22m22s eta~6h38m best 91
  [1194/21324   5.6%] exit 1 U1,L2,L2,U3,U1,U1,L1: exhausted states 3 best 7 0.0s | cpu 24m02s wall 22m22s eta~6h38m best 91
  [1195/21324   5.6%] exit 1 L1,U1,L3,U2,R2,U2,R3: exhausted states 4,220 best 20 0.007s | cpu 24m02s wall 22m22s eta~6h37m best 91
  [1196/21324   5.6%] exit 1 U1,L3,U3,L3,L2,U3,R1: exhausted states 431 best 13 0.001s | cpu 24m02s wall 22m22s eta~6h37m best 91
  [1197/21324   5.6%] exit 1 U1,L3,U1,R2,U2,U2,R3: exhausted states 6 best 8 0.0s | cpu 24m02s wall 22m22s eta~6h37m best 91
  [1198/21324   5.6%] exit 1 U1,L1,U1,L1,U3,L3,D1: exhausted states 32 best 10 0.0s | cpu 24m02s wall 22m22s eta~6h36m best 91
  [1199/21324   5.6%] exit 1 U1,L2,U3,L2,U3,U2,R2: exhausted states 1,531 best 22 0.005s | cpu 24m02s wall 22m22s eta~6h36m best 91
  [1200/21324   5.6%] exit 1 U1,L2,U2,L2,U2,L2,D1: exhausted states 46,416 best 32 0.289s | cpu 24m02s wall 22m23s eta~6h36m best 91
  [1201/21324   5.6%] exit 1 U1,U1,L3,L1,U2,L2,D1: exhausted states 188 best 14 0.0s | cpu 24m02s wall 22m23s eta~6h35m best 91
  [1202/21324   5.6%] exit 1 L1,U1,U1,U1,U1,R1,R1: exhausted states 32 best 10 0.0s | cpu 24m02s wall 22m23s eta~6h35m best 91
  [1203/21324   5.6%] exit 1 L1,L1,U1,U3,U1,L1,U3: exhausted states 2 best 7 0.0s | cpu 24m02s wall 22m23s eta~6h35m best 91
  [1204/21324   5.6%] exit 1 U1,L1,L3,U1,R3,U1,U3: exhausted states 2,639 best 24 0.004s | cpu 24m02s wall 22m23s eta~6h34m best 91
  [1205/21324   5.7%] exit 1 U1,R2,U1,L1,U1,L1,U1: exhausted states 3,166 best 18 0.003s | cpu 24m02s wall 22m23s eta~6h34m best 91
  [1206/21324   5.7%] exit 1 U1,L2,U1,U3,L3,D3,L1: exhausted states 60 best 10 0.0s | cpu 24m02s wall 22m23s eta~6h34m best 91
  [1207/21324   5.7%] exit 1 U1,L3,L2,D3,L2,U1,U1: exhausted states 14,508 best 31 0.025s | cpu 24m02s wall 22m23s eta~6h33m best 91
  [1208/21324   5.7%] exit 1 U1,U1,L2,L2,U3,R2,U1: exhausted states 503 best 15 0.001s | cpu 24m02s wall 22m23s eta~6h33m best 91
  [1209/21324   5.7%] exit 1 U1,R2,U2,L1,L3,L1,L1: exhausted states 34,647 best 34 0.068s | cpu 24m02s wall 22m23s eta~6h33m best 91
  [1210/21324   5.7%] exit 1 L1,U1,U3,U2,L3,L1,U1: exhausted states 3 best 7 0.0s | cpu 24m02s wall 22m23s eta~6h32m best 91
  [1211/21324   5.7%] exit 1 U1,U1,L1,U3,L1,U1,L3: exhausted states 2 best 7 0.0s | cpu 24m02s wall 22m23s eta~6h32m best 91
  [1212/21324   5.7%] exit 1 U1,L1,U1,U1,R1,U2,R3: exhausted states 6 best 8 0.0s | cpu 24m02s wall 22m23s eta~6h31m best 91
  [1213/21324   5.7%] exit 1 U1,U1,L2,U2,L2,L2,D3: exhausted states 37 best 10 0.0s | cpu 24m02s wall 22m23s eta~6h31m best 91
  [1214/21324   5.7%] exit 1 U1,L3,U2,L3,U3,L3,D2: exhausted states 13 best 9 0.0s | cpu 24m02s wall 22m23s eta~6h31m best 91
  [1215/21324   5.7%] exit 1 U1,L1,U1,L3,U2,L3,D2: exhausted states 3 best 7 0.0s | cpu 24m02s wall 22m23s eta~6h30m best 91
  [1216/21324   5.7%] exit 1 U1,L3,L2,U1,U3,R3,U3: exhausted states 146 best 11 0.0s | cpu 24m02s wall 22m23s eta~6h30m best 91
  [1217/21324   5.7%] exit 1 U1,L2,L2,U3,U1,L2,U3: exhausted states 328 best 16 0.001s | cpu 24m02s wall 22m23s eta~6h30m best 91
  [1218/21324   5.7%] exit 1 U1,L1,U2,L1,U3,U2,R2: exhausted states 155 best 11 0.0s | cpu 24m02s wall 22m23s eta~6h29m best 91
  [1219/21324   5.7%] exit 1 U1,U1,L3,U1,L2,U1,L3: exhausted states 2 best 7 0.0s | cpu 24m02s wall 22m23s eta~6h29m best 91
  [1220/21324   5.7%] exit 1 U1,L3,U3,L3,L2,D3,D1: exhausted states 4 best 8 0.0s | cpu 24m02s wall 22m23s eta~6h29m best 91
  [1221/21324   5.7%] exit 1 U1,L3,U3,L3,L2,U1,U3: exhausted states 160 best 13 0.0s | cpu 24m02s wall 22m23s eta~6h28m best 91
  [1222/21324   5.7%] exit 1 U1,L1,L3,U1,L3,U3,U1: exhausted states 1,969 best 24 0.002s | cpu 24m02s wall 22m23s eta~6h28m best 91
  [1223/21324   5.7%] exit 1 U1,L3,L2,U1,U1,U1,R3: exhausted states 105 best 11 0.0s | cpu 24m02s wall 22m23s eta~6h28m best 91
  [1224/21324   5.7%] exit 1 L1,U1,L1,U2,U1,U1,R3: exhausted states 634 best 16 0.001s | cpu 24m02s wall 22m23s eta~6h27m best 91
  [1225/21324   5.7%] exit 1 U1,L2,U3,U2,R1,U3,R1: exhausted states 24 best 10 0.0s | cpu 24m02s wall 22m23s eta~6h27m best 91
  [1226/21324   5.7%] exit 1 L1,U1,L2,U2,U1,L3,U2: exhausted states 224 best 13 0.0s | cpu 24m02s wall 22m23s eta~6h27m best 91
  [1227/21324   5.8%] exit 1 U1,L3,U1,L2,L1,U2,U1: exhausted states 1,892 best 24 0.004s | cpu 24m02s wall 22m23s eta~6h26m best 91
  [1228/21324   5.8%] exit 1 U1,L1,U1,U1,R2,R2,U3: exhausted states 6 best 8 0.0s | cpu 24m02s wall 22m23s eta~6h26m best 91
  [1229/21324   5.8%] exit 1 U1,L1,U1,L2,L2,D2,D1: exhausted states 8 best 8 0.0s | cpu 24m02s wall 22m23s eta~6h25m best 91
  [1230/21324   5.8%] exit 1 L1,U1,L3,U3,U1,U1,L2: exhausted states 2 best 7 0.0s | cpu 24m02s wall 22m23s eta~6h25m best 91
  [1231/21324   5.8%] exit 1 L1,U1,U3,L3,U3,R1,R3: exhausted states 2,297 best 20 0.004s | cpu 24m02s wall 22m23s eta~6h25m best 91
  [1232/21324   5.8%] exit 1 U1,L3,U2,L2,U3,U1,L3: exhausted states 2 best 7 0.0s | cpu 24m02s wall 22m23s eta~6h24m best 91
  [1233/21324   5.8%] exit 1 U1,L2,U2,R2,U1,U1,L1: exhausted states 196,440 best 38 0.53s | cpu 24m02s wall 22m24s eta~6h24m best 91
  [1234/21324   5.8%] exit 1 U1,L2,U2,L3,U3,R1,U2: exhausted states 972 best 23 0.006s | cpu 24m02s wall 22m24s eta~6h24m best 91
  [1235/21324   5.8%] exit 1 U1,R2,U2,U2,L1,L1,D3: exhausted states 10,167 best 24 0.016s | cpu 24m02s wall 22m24s eta~6h24m best 91
  [1236/21324   5.8%] exit 1 U1,U1,L2,U2,U1,L2,L1: exhausted states 89 best 12 0.0s | cpu 24m02s wall 22m24s eta~6h23m best 91
  [1237/21324   5.8%] exit 1 U1,U1,L2,U1,R3,R2,U3: exhausted states 6 best 8 0.0s | cpu 24m02s wall 22m24s eta~6h23m best 91
  [1238/21324   5.8%] exit 1 L1,U1,U3,L3,U1,U1,L3: exhausted states 2 best 7 0.0s | cpu 24m02s wall 22m24s eta~6h23m best 91
  [1239/21324   5.8%] exit 1 U1,L3,U1,L3,U1,L1,U1: exhausted states 3 best 7 0.0s | cpu 24m02s wall 22m24s eta~6h22m best 91
  [1240/21324   5.8%] exit 1 U1,L3,U3,L1,U1,L1,U3: exhausted states 2 best 7 0.0s | cpu 24m02s wall 22m24s eta~6h22m best 91
  [1241/21324   5.8%] exit 1 U1,U1,L1,L1,L3,U1,U1: exhausted states 87 best 12 0.0s | cpu 24m02s wall 22m24s eta~6h22m best 91
  [1242/21324   5.8%] exit 1 U1,L2,L2,U1,U3,L3,D2: exhausted states 29 best 10 0.0s | cpu 24m02s wall 22m24s eta~6h21m best 91
  [1243/21324   5.8%] exit 1 L1,U1,L2,L1,U2,U1,U1: exhausted states 879 best 16 0.001s | cpu 24m02s wall 22m24s eta~6h21m best 91
  [1244/21324   5.8%] exit 1 U1,L3,U3,U2,R2,R2,U3: exhausted states 6 best 8 0.0s | cpu 24m02s wall 22m24s eta~6h21m best 91
  [1245/21324   5.8%] exit 1 R1,U1,U3,L1,U2,L2,D3: exhausted states 2,643 best 24 0.005s | cpu 24m02s wall 22m24s eta~6h20m best 91
  [1246/21324   5.8%] exit 1 U1,L2,U3,L2,U1,U1,L2: exhausted states 2 best 7 0.0s | cpu 24m02s wall 22m24s eta~6h20m best 91
  [1247/21324   5.8%] exit 1 U1,L2,U1,L3,U2,R2,R2: exhausted states 12,718 best 32 0.133s | cpu 24m03s wall 22m24s eta~6h20m best 91
  [1248/21324   5.9%] exit 1 L1,U1,U1,R3,U2,U2,R2: exhausted states 6 best 8 0.0s | cpu 24m03s wall 22m24s eta~6h19m best 91
  [1249/21324   5.9%] exit 1 U1,L1,L3,U2,U2,R1,U1: exhausted states 226 best 12 0.0s | cpu 24m03s wall 22m24s eta~6h19m best 91
  [1250/21324   5.9%] exit 1 U1,L1,L3,U3,U2,R2,D2: exhausted states 9,975 best 33 0.014s | cpu 24m03s wall 22m24s eta~6h19m best 91
  [1251/21324   5.9%] exit 1 U1,L2,U3,U2,L2,U2,L2: exhausted states 90 best 14 0.0s | cpu 24m03s wall 22m24s eta~6h18m best 91
  [1252/21324   5.9%] exit 1 U1,U1,L2,U3,U2,L2,L1: exhausted states 158 best 13 0.0s | cpu 24m03s wall 22m24s eta~6h18m best 91
  [1253/21324   5.9%] exit 1 U1,R1,U3,U2,L1,U2,L3: exhausted states 11,656 best 26 0.014s | cpu 24m03s wall 22m24s eta~6h18m best 91
  [1254/21324   5.9%] exit 1 U1,L2,U1,L1,U2,L2,D3: exhausted states 3 best 7 0.0s | cpu 24m03s wall 22m24s eta~6h17m best 91
  [1255/21324   5.9%] exit 1 U1,U1,L3,L2,L2,D3,R1: exhausted states 20 best 8 0.0s | cpu 24m03s wall 22m24s eta~6h17m best 91
  [1256/21324   5.9%] exit 1 U1,L3,U2,U2,L1,L3,U1: exhausted states 269 best 15 0.0s | cpu 24m03s wall 22m24s eta~6h17m best 91
  [1257/21324   5.9%] exit 1 U1,L2,L2,U3,R3,U2,L3: exhausted states 201 best 12 0.0s | cpu 24m03s wall 22m24s eta~6h16m best 91
  [1258/21324   5.9%] exit 1 U1,L1,L1,L1,U1,U1,U1: exhausted states 693 best 16 0.0s | cpu 24m03s wall 22m25s eta~6h16m best 91
  [1259/21324   5.9%] exit 1 U1,L2,L1,U2,L2,D1,D1: exhausted states 8,329 best 20 0.01s | cpu 24m03s wall 22m25s eta~6h16m best 91
  [1260/21324   5.9%] exit 1 U1,U1,L3,U1,L1,L1,U1: exhausted states 3 best 7 0.0s | cpu 24m03s wall 22m25s eta~6h15m best 91
  [1261/21324   5.9%] exit 1 U1,L2,U2,U2,L2,U2,R1: exhausted states 7,788 best 26 0.023s | cpu 24m03s wall 22m25s eta~6h15m best 91
  [1262/21324   5.9%] exit 1 U1,L1,L1,U3,U2,L2,D1: exhausted states 6 best 7 0.0s | cpu 24m03s wall 22m25s eta~6h15m best 91
  [1263/21324   5.9%] exit 1 U1,U1,L1,U2,U2,L2,D1: exhausted states 221 best 12 0.0s | cpu 24m03s wall 22m25s eta~6h14m best 91
  [1264/21324   5.9%] exit 1 U1,U1,L1,U1,U3,R3,R2: exhausted states 7 best 8 0.0s | cpu 24m03s wall 22m25s eta~6h14m best 91
  [1265/21324   5.9%] exit 1 L1,U1,U1,U1,R3,U1,R2: exhausted states 2 best 7 0.0s | cpu 24m03s wall 22m25s eta~6h14m best 91
  [1266/21324   5.9%] exit 1 L1,L1,U1,U3,U1,R3,U3: exhausted states 758 best 16 0.001s | cpu 24m03s wall 22m25s eta~6h13m best 91
  [1267/21324   5.9%] exit 1 R1,U1,U3,U1,L1,U2,L2: exhausted states 20,092 best 26 0.02s | cpu 24m03s wall 22m25s eta~6h13m best 91
  [1268/21324   5.9%] exit 1 U1,L3,U2,L1,L1,D1,D1: exhausted states 3 best 7 0.0s | cpu 24m03s wall 22m25s eta~6h13m best 91
  [1269/21324   6.0%] exit 1 U1,U1,L2,U3,L3,U3,R2: exhausted states 49 best 11 0.0s | cpu 24m03s wall 22m25s eta~6h12m best 91
  [1270/21324   6.0%] exit 1 U1,U1,U3,L1,D3,L2,U1: exhausted states 174 best 16 0.0s | cpu 24m03s wall 22m25s eta~6h12m best 91
  [1271/21324   6.0%] exit 1 U1,L2,U1,L1,U3,U1,L1: exhausted states 3 best 7 0.0s | cpu 24m03s wall 22m25s eta~6h12m best 91
  [1272/21324   6.0%] exit 1 U1,U1,L3,U2,L1,U1,L3: exhausted states 2 best 7 0.0s | cpu 24m03s wall 22m25s eta~6h11m best 91
  [1273/21324   6.0%] exit 1 L1,U1,U3,L1,D3,L2,D3: exhausted states 2 best 8 0.0s | cpu 24m03s wall 22m25s eta~6h11m best 91
  [1274/21324   6.0%] exit 1 U1,L3,U2,R2,U1,R1,U1: exhausted states 3 best 7 0.0s | cpu 24m03s wall 22m25s eta~6h11m best 91
  [1275/21324   6.0%] exit 1 L1,U1,U3,L2,D1,L2,D1: exhausted states 3 best 8 0.0s | cpu 24m03s wall 22m25s eta~6h10m best 91
  [1276/21324   6.0%] exit 1 L1,U1,U1,U3,U2,L3,L1: exhausted states 22,044 best 37 0.059s | cpu 24m03s wall 22m25s eta~6h10m best 91
  [1277/21324   6.0%] exit 1 U1,L3,U2,L1,L1,D2,D2: exhausted states 2 best 7 0.0s | cpu 24m03s wall 22m25s eta~6h10m best 91
  [1278/21324   6.0%] exit 1 U1,L2,U3,U2,L2,U3,L3: exhausted states 40 best 12 0.0s | cpu 24m03s wall 22m25s eta~6h09m best 91
  [1279/21324   6.0%] exit 1 U1,L3,U2,U2,R2,U3,L1: exhausted states 1,158 best 21 0.002s | cpu 24m03s wall 22m25s eta~6h09m best 91
  [1280/21324   6.0%] exit 1 U1,U1,L1,L3,L2,D3,D1: exhausted states 8 best 8 0.0s | cpu 24m03s wall 22m25s eta~6h09m best 91
  [1281/21324   6.0%] exit 1 L1,U1,U3,U2,R1,R1,U3: exhausted states 2 best 7 0.0s | cpu 24m03s wall 22m25s eta~6h09m best 91
  [1282/21324   6.0%] exit 1 U1,L3,U2,U1,L2,L1,U3: exhausted states 2 best 7 0.0s | cpu 24m03s wall 22m25s eta~6h08m best 91
  [1283/21324   6.0%] exit 1 U1,L1,U3,U2,L2,U3,L2: exhausted states 40 best 12 0.0s | cpu 24m03s wall 22m25s eta~6h08m best 91
  [1284/21324   6.0%] exit 1 U1,L2,U1,U3,L2,L1,D2: exhausted states 75 best 11 0.0s | cpu 24m03s wall 22m25s eta~6h08m best 91
  [1285/21324   6.0%] exit 1 U1,L3,L2,L1,U1,U1,U1: exhausted states 663 best 16 0.001s | cpu 24m03s wall 22m25s eta~6h07m best 91
  [1286/21324   6.0%] exit 1 L1,U1,L3,U3,R2,U1,L3: exhausted states 7,963 best 33 0.014s | cpu 24m03s wall 22m25s eta~6h07m best 91
  [1287/21324   6.0%] exit 1 U1,L2,U1,U1,L1,U3,L3: exhausted states 72 best 12 0.0s | cpu 24m03s wall 22m25s eta~6h07m best 91
  [1288/21324   6.0%] exit 1 U1,L3,U2,U1,R3,R1,U1: exhausted states 3 best 7 0.0s | cpu 24m03s wall 22m25s eta~6h06m best 91
  [1289/21324   6.0%] exit 1 U1,L2,L2,U3,U2,R2,U3: exhausted states 493 best 17 0.001s | cpu 24m03s wall 22m25s eta~6h06m best 91
  [1290/21324   6.0%] exit 1 U1,L1,U2,L2,D1,L1,D1: exhausted states 3 best 7 0.0s | cpu 24m03s wall 22m25s eta~6h06m best 91
  [1291/21324   6.1%] exit 1 U1,L3,U1,U3,L1,D2,L2: exhausted states 55,225 best 31 0.175s | cpu 24m03s wall 22m25s eta~6h05m best 91
  [1292/21324   6.1%] exit 1 U1,U1,U1,R3,U1,L1,L3: exhausted states 12,763 best 36 0.029s | cpu 24m03s wall 22m25s eta~6h05m best 91
  [1293/21324   6.1%] exit 1 U1,L1,U3,U2,L1,U1,L3: exhausted states 2 best 7 0.0s | cpu 24m03s wall 22m25s eta~6h05m best 91
  [1294/21324   6.1%] exit 1 U1,U1,L2,L1,D1,D3,L2: exhausted states 8,056 best 27 0.022s | cpu 24m03s wall 22m25s eta~6h04m best 91
  [1295/21324   6.1%] exit 1 U1,L3,U3,U2,L1,D1,L2: exhausted states 27 best 10 0.0s | cpu 24m03s wall 22m25s eta~6h04m best 91
  [1296/21324   6.1%] exit 1 L1,U1,U3,U2,L2,U1,L3: exhausted states 2 best 7 0.0s | cpu 24m03s wall 22m25s eta~6h04m best 91
  [1297/21324   6.1%] exit 1 U1,L3,L1,L3,U2,R1,R3: exhausted states 95,566 best 44 0.347s | cpu 24m03s wall 22m26s eta~6h04m best 91
  [1298/21324   6.1%] exit 1 U1,U1,L2,U1,L2,L1,D3: exhausted states 75 best 11 0.0s | cpu 24m03s wall 22m26s eta~6h03m best 91
  [1299/21324   6.1%] exit 1 L1,U1,L3,U1,U1,U1,L3: exhausted states 2 best 7 0.0s | cpu 24m03s wall 22m26s eta~6h03m best 91
  [1300/21324   6.1%] exit 1 U1,L2,U3,L3,D1,D1,L1: exhausted states 3 best 7 0.0s | cpu 24m03s wall 22m26s eta~6h03m best 91
  [1301/21324   6.1%] exit 1 U1,L2,U3,U1,L1,U2,L3: exhausted states 6 best 8 0.0s | cpu 24m03s wall 22m26s eta~6h02m best 91
  [1302/21324   6.1%] exit 1 U1,L2,U2,L3,U1,R1,R3: exhausted states 2,940 best 25 0.01s | cpu 24m03s wall 22m26s eta~6h02m best 91
  [1303/21324   6.1%] exit 1 U1,L1,L1,U1,L1,U1,U1: exhausted states 601 best 16 0.0s | cpu 24m03s wall 22m26s eta~6h02m best 91
  [1304/21324   6.1%] exit 1 U1,L2,L2,U3,R2,U1,R1: exhausted states 1,135 best 21 0.002s | cpu 24m03s wall 22m26s eta~6h02m best 91
  [1305/21324   6.1%] exit 1 U1,U1,U1,L1,L3,D2,L2: exhausted states 805 best 17 0.001s | cpu 24m03s wall 22m26s eta~6h01m best 91
  [1306/21324   6.1%] exit 1 U1,U1,L1,U1,U3,L2,L2: exhausted states 986 best 17 0.001s | cpu 24m03s wall 22m26s eta~6h01m best 91
  [1307/21324   6.1%] exit 1 U1,L3,U1,U3,L2,L2,D3: exhausted states 189 best 13 0.0s | cpu 24m03s wall 22m26s eta~6h01m best 91
  [1308/21324   6.1%] exit 1 U1,L1,U1,U3,U1,L3,L2: exhausted states 463 best 16 0.001s | cpu 24m03s wall 22m26s eta~6h00m best 91
  [1309/21324   6.1%] exit 1 U1,L3,U3,L3,U2,R3,R1: exhausted states 98 best 13 0.0s | cpu 24m03s wall 22m26s eta~6h00m best 91
  [1310/21324   6.1%] exit 1 R1,U1,U1,U1,L1,L3,U1: exhausted states 3,540 best 18 0.003s | cpu 24m03s wall 22m26s eta~6h00m best 91
  [1311/21324   6.1%] exit 1 U1,U1,L3,U2,L3,L2,D3: exhausted states 37 best 10 0.0s | cpu 24m03s wall 22m26s eta~5h59m best 91
  [1312/21324   6.2%] exit 1 U1,U1,L1,L3,U3,R1,U2: exhausted states 3,686 best 22 0.008s | cpu 24m03s wall 22m26s eta~5h59m best 91
  [1313/21324   6.2%] exit 1 U1,L2,U1,U3,L2,U1,L3: exhausted states 2 best 7 0.0s | cpu 24m03s wall 22m26s eta~5h59m best 91
  [1314/21324   6.2%] exit 1 U1,U1,U1,L3,L1,L1,U2: exhausted states 2 best 7 0.0s | cpu 24m03s wall 22m26s eta~5h58m best 91
  [1315/21324   6.2%] exit 1 U1,L3,L2,U3,U1,U3,L3: exhausted states 24 best 11 0.0s | cpu 24m03s wall 22m26s eta~5h58m best 91
  [1316/21324   6.2%] exit 1 U1,L2,L2,U1,R2,U2,R1: exhausted states 591 best 21 0.001s | cpu 24m03s wall 22m26s eta~5h58m best 91
  [1317/21324   6.2%] exit 1 U1,U1,L3,L2,D3,L2,U3: exhausted states 189 best 14 0.0s | cpu 24m03s wall 22m26s eta~5h58m best 91
  [1318/21324   6.2%] exit 1 U1,L2,L2,U3,U2,R3,R1: exhausted states 100 best 13 0.0s | cpu 24m03s wall 22m26s eta~5h57m best 91
  [1319/21324   6.2%] exit 1 U1,R2,U2,U2,L1,D3,L2: exhausted states 56,135 best 30 0.125s | cpu 24m04s wall 22m26s eta~5h57m best 91
  [1320/21324   6.2%] exit 1 U1,U1,U3,L3,L2,L1,U2: exhausted states 2 best 7 0.0s | cpu 24m04s wall 22m26s eta~5h57m best 91
  [1321/21324   6.2%] exit 1 U1,U1,L2,U3,L2,L1,U1: exhausted states 3 best 7 0.0s | cpu 24m04s wall 22m26s eta~5h56m best 91
  [1322/21324   6.2%] exit 1 U1,L1,L3,U2,R2,U1,R3: exhausted states 3,166 best 30 0.007s | cpu 24m04s wall 22m26s eta~5h56m best 91
  [1323/21324   6.2%] exit 1 U1,L3,U2,L2,U3,U2,L2: exhausted states 6 best 8 0.0s | cpu 24m04s wall 22m26s eta~5h56m best 91
  [1324/21324   6.2%] exit 1 U1,L3,U2,R2,U2,U2,L2: exhausted states 10,942 best 30 0.029s | cpu 24m04s wall 22m26s eta~5h56m best 91
  [1325/21324   6.2%] exit 1 U1,U1,L3,U2,L1,U3,L1: exhausted states 73 best 12 0.0s | cpu 24m04s wall 22m26s eta~5h55m best 91
  [1326/21324   6.2%] exit 1 U1,U1,L3,L1,U1,U3,L3: exhausted states 120 best 13 0.0s | cpu 24m04s wall 22m26s eta~5h55m best 91
  [1327/21324   6.2%] exit 1 U1,U1,L2,L2,D1,L2,D2: exhausted states 6 best 8 0.0s | cpu 24m04s wall 22m26s eta~5h55m best 91
  [1328/21324   6.2%] exit 1 U1,L1,U1,L2,L2,U2,U2: exhausted states 78 best 12 0.0s | cpu 24m04s wall 22m27s eta~5h54m best 91
  [1329/21324   6.2%] exit 1 U1,L1,L3,U1,R1,U2,U2: exhausted states 33,180,780 best 89 374.596s | cpu 30m18s wall 23m12s eta~6h06m best 91
  [1330/21324   6.2%] exit 1 U1,R2,U1,L1,U2,U2,L3: exhausted states 2,318 best 18 0.003s | cpu 30m18s wall 23m12s eta~6h06m best 91
  [1331/21324   6.2%] exit 1 L1,U1,L1,U3,U1,U3,L2: exhausted states 24 best 11 0.0s | cpu 30m18s wall 23m12s eta~6h05m best 91
  [1332/21324   6.2%] exit 1 L1,U1,L2,U3,U1,R3,R1: exhausted states 145 best 13 0.0s | cpu 30m18s wall 23m12s eta~6h05m best 91
  [1333/21324   6.3%] exit 1 L1,U1,U3,U2,L2,D1,L1: exhausted states 28 best 10 0.0s | cpu 30m18s wall 23m12s eta~6h05m best 91
  [1334/21324   6.3%] exit 1 U1,L3,U3,U1,L1,L3,D2: exhausted states 41 best 11 0.0s | cpu 30m18s wall 23m12s eta~6h04m best 91
  [1335/21324   6.3%] exit 1 U1,L3,U2,U2,R2,U1,L1: exhausted states 3,288 best 24 0.004s | cpu 30m18s wall 23m12s eta~6h04m best 91
  [1336/21324   6.3%] exit 1 U1,L2,U1,L3,L2,U3,U2: exhausted states 730 best 21 0.001s | cpu 30m18s wall 23m12s eta~6h04m best 91
  [1337/21324   6.3%] exit 1 L1,U1,U3,L2,U2,L3,D2: exhausted states 39 best 12 0.0s | cpu 30m18s wall 23m12s eta~6h04m best 91
  [1338/21324   6.3%] exit 1 U1,L3,U2,L1,U3,U1,L2: exhausted states 2 best 7 0.0s | cpu 30m18s wall 23m12s eta~6h03m best 91
  [1339/21324   6.3%] exit 1 L1,U1,U3,L1,U3,L2,D2: exhausted states 13 best 10 0.0s | cpu 30m18s wall 23m12s eta~6h03m best 91
  [1340/21324   6.3%] exit 1 U1,L1,U2,L1,D3,L1,D2: exhausted states 2 best 7 0.0s | cpu 30m18s wall 23m12s eta~6h03m best 91
  [1341/21324   6.3%] exit 1 U1,L2,U2,U2,R2,U1,R1: exhausted states 3 best 7 0.0s | cpu 30m18s wall 23m12s eta~6h02m best 91
  [1342/21324   6.3%] exit 1 U1,U1,U3,L2,L1,L3,D3: exhausted states 9,906 best 30 0.085s | cpu 30m18s wall 23m12s eta~6h02m best 91
  [1343/21324   6.3%] exit 1 U1,L3,U1,L3,U1,U1,R3: exhausted states 75 best 11 0.0s | cpu 30m18s wall 23m12s eta~6h02m best 91
  [1344/21324   6.3%] exit 1 U1,L1,L3,U1,R1,U2,L2: exhausted states 3,671,995 best 77 47.265s | cpu 31m05s wall 23m14s eta~6h02m best 91
  [1345/21324   6.3%] exit 1 U1,L2,U3,R3,U1,U3,R3: exhausted states 23 best 10 0.0s | cpu 31m05s wall 23m14s eta~6h02m best 91
  [1346/21324   6.3%] exit 1 U1,R3,U1,L1,U1,L3,U2: exhausted states 2,252 best 15 0.003s | cpu 31m05s wall 23m14s eta~6h01m best 91
  [1347/21324   6.3%] exit 1 L1,L1,U1,U3,U2,U2,R2: exhausted states 2,156,812 best 55 21.65s | cpu 31m27s wall 23m34s eta~6h06m best 91
  [1348/21324   6.3%] exit 1 U1,L3,U1,L1,L1,D1,D3: exhausted states 7 best 8 0.0s | cpu 31m27s wall 23m34s eta~6h06m best 91
  [1349/21324   6.3%] exit 1 L1,U1,L3,U3,U2,R1,R3: exhausted states 10,149 best 28 0.014s | cpu 31m27s wall 23m34s eta~6h06m best 91
  [1350/21324   6.3%] exit 1 U1,L1,U2,U1,L3,L1,D2: exhausted states 29 best 9 0.0s | cpu 31m27s wall 23m34s eta~6h05m best 91
  [1351/21324   6.3%] exit 1 U1,L3,L1,U1,U3,R3,U2: exhausted states 143 best 11 0.0s | cpu 31m27s wall 23m34s eta~6h05m best 91
  [1352/21324   6.3%] exit 1 L1,U1,U1,U3,L1,L3,D1: exhausted states 442,921 best 63 6.961s | cpu 31m34s wall 23m41s eta~6h07m best 91
  [1353/21324   6.3%] exit 1 U1,L2,L1,U1,U1,L2,U3: exhausted states 5,334 best 26 0.011s | cpu 31m34s wall 23m41s eta~6h06m best 91
  [1354/21324   6.3%] exit 1 L1,U1,U3,L3,U1,L1,U1: exhausted states 3 best 7 0.0s | cpu 31m34s wall 23m41s eta~6h06m best 91
  [1355/21324   6.4%] exit 1 U1,L3,U3,R2,U1,U1,R3: exhausted states 2 best 7 0.0s | cpu 31m34s wall 23m41s eta~6h06m best 91
  [1356/21324   6.4%] exit 1 U1,U1,L2,U2,L3,U1,L2: exhausted states 2 best 7 0.0s | cpu 31m34s wall 23m41s eta~6h05m best 91
  [1357/21324   6.4%] exit 1 U1,U1,U1,L2,U2,R1,R3: exhausted states 6 best 9 0.0s | cpu 31m34s wall 23m41s eta~6h05m best 91
  [1358/21324   6.4%] exit 1 U1,L3,L2,U1,U1,U3,R3: exhausted states 850 best 21 0.001s | cpu 31m34s wall 23m41s eta~6h05m best 91
  [1359/21324   6.4%] exit 1 L1,U1,U3,L3,U1,L2,U1: exhausted states 1,331 best 16 0.001s | cpu 31m34s wall 23m41s eta~6h04m best 91
  [1360/21324   6.4%] exit 1 U1,L3,U2,U1,R1,U3,R2: exhausted states 6 best 9 0.0s | cpu 31m34s wall 23m41s eta~6h04m best 91
  [1361/21324   6.4%] exit 1 R1,U1,U3,L1,U2,L1,D3: exhausted states 2,403 best 24 0.003s | cpu 31m34s wall 23m41s eta~6h04m best 91
  [1362/21324   6.4%] exit 1 U1,L3,U3,U2,L2,D1,L1: exhausted states 28 best 10 0.0s | cpu 31m34s wall 23m41s eta~6h04m best 91
  [1363/21324   6.4%] exit 1 L1,L1,U1,L2,U1,U3,U1: exhausted states 3,881 best 24 0.009s | cpu 31m34s wall 23m41s eta~6h03m best 91
  [1364/21324   6.4%] exit 1 U1,L3,U3,U2,R3,U1,L3: exhausted states 189 best 14 0.001s | cpu 31m34s wall 23m41s eta~6h03m best 91
  [1365/21324   6.4%] exit 1 U1,U1,L1,U2,U1,L2,L2: exhausted states 88 best 12 0.0s | cpu 31m34s wall 23m41s eta~6h03m best 91
  [1366/21324   6.4%] exit 1 U1,L2,U3,U2,R2,R1,D3: exhausted states 10 best 8 0.0s | cpu 31m34s wall 23m41s eta~6h02m best 91
  [1367/21324   6.4%] exit 1 L1,U1,L2,U1,R2,U1,L3: exhausted states 1,087 best 19 0.002s | cpu 31m34s wall 23m41s eta~6h02m best 91
  [1368/21324   6.4%] exit 1 U1,L1,L3,U1,L2,U2,U1: exhausted states 84,070 best 36 0.517s | cpu 31m35s wall 23m42s eta~6h02m best 91
  [1369/21324   6.4%] exit 1 L1,U1,L1,U2,U1,U1,R1: exhausted states 754 best 20 0.001s | cpu 31m35s wall 23m42s eta~6h02m best 91
  [1370/21324   6.4%] exit 1 U1,L2,U2,L3,U1,L1,U1: exhausted states 3 best 7 0.0s | cpu 31m35s wall 23m42s eta~6h01m best 91
  [1371/21324   6.4%] exit 1 U1,L2,U1,U3,R2,D2,R1: exhausted states 386,060 best 51 2.283s | cpu 31m37s wall 23m44s eta~6h02m best 91
  [1372/21324   6.4%] exit 1 U1,L2,U1,L2,U2,R2,U1: exhausted states 10,158 best 30 0.024s | cpu 31m37s wall 23m44s eta~6h01m best 91
  [1373/21324   6.4%] exit 1 U1,L1,L3,U2,U1,L2,U2: exhausted states 2,582 best 24 0.003s | cpu 31m37s wall 23m44s eta~6h01m best 91
  [1374/21324   6.4%] exit 1 U1,L1,U1,U1,L2,L1,U2: exhausted states 2 best 7 0.0s | cpu 31m37s wall 23m44s eta~6h01m best 91
  [1375/21324   6.4%] exit 1 U1,L3,U1,L2,U3,U1,R2: exhausted states 194 best 16 0.0s | cpu 31m37s wall 23m44s eta~6h01m best 91
  [1376/21324   6.5%] exit 1 U1,U1,U3,L2,U1,R3,R1: exhausted states 29 best 10 0.0s | cpu 31m37s wall 23m44s eta~6h00m best 91
  [1377/21324   6.5%] exit 1 L1,U1,U3,R3,U2,U2,L1: exhausted states 2,285 best 20 0.006s | cpu 31m37s wall 23m44s eta~6h00m best 91
  [1378/21324   6.5%] exit 1 L1,U1,L1,U2,U1,R3,R1: exhausted states 569 best 16 0.0s | cpu 31m37s wall 23m44s eta~6h00m best 91
  [1379/21324   6.5%] exit 1 R1,U1,U3,U2,L1,D3,L2: exhausted states 2,116,724 best 50 25.302s | cpu 32m02s wall 24m10s eta~6h06m best 91
  [1380/21324   6.5%] exit 1 U1,L1,L3,U3,U2,L3,D3: exhausted states 3 best 7 0.0s | cpu 32m02s wall 24m10s eta~6h05m best 91
  [1381/21324   6.5%] exit 1 L1,U1,U3,L3,L2,U3,U2: exhausted states 552 best 14 0.0s | cpu 32m02s wall 24m10s eta~6h05m best 91
  [1382/21324   6.5%] exit 1 U1,L2,L1,U3,U1,U3,R3: exhausted states 5,211 best 24 0.015s | cpu 32m02s wall 24m10s eta~6h05m best 91
  [1383/21324   6.5%] exit 1 U1,L2,U2,U2,L1,D1,L2: exhausted states 24 best 9 0.0s | cpu 32m02s wall 24m10s eta~6h05m best 91
  [1384/21324   6.5%] exit 1 U1,R2,U3,L1,L1,U3,L2: exhausted states 4,275 best 22 0.006s | cpu 32m02s wall 24m10s eta~6h04m best 91
  [1385/21324   6.5%] exit 1 U1,U1,L3,U3,L1,U3,L1: exhausted states 97 best 13 0.0s | cpu 32m02s wall 24m10s eta~6h04m best 91
  [1386/21324   6.5%] exit 1 U1,L2,L2,U2,U2,L3,U3: exhausted states 120 best 13 0.0s | cpu 32m02s wall 24m10s eta~6h04m best 91
  [1387/21324   6.5%] exit 1 L1,U1,U1,L3,U2,R3,R1: exhausted states 162 best 13 0.0s | cpu 32m02s wall 24m10s eta~6h03m best 91
  [1388/21324   6.5%] exit 1 R1,U1,U3,L1,U2,L2,D1: exhausted states 770 best 18 0.001s | cpu 32m02s wall 24m10s eta~6h03m best 91
  [1389/21324   6.5%] exit 1 U1,L3,L2,L1,U2,U1,U1: exhausted states 663 best 16 0.001s | cpu 32m02s wall 24m10s eta~6h03m best 91
  [1390/21324   6.5%] exit 1 U1,L2,U3,L3,U3,U2,L2: exhausted states 6 best 8 0.0s | cpu 32m02s wall 24m10s eta~6h03m best 91
  [1391/21324   6.5%] exit 1 U1,U1,L1,U3,L2,U3,L2: exhausted states 96 best 13 0.0s | cpu 32m02s wall 24m10s eta~6h02m best 91
  [1392/21324   6.5%] exit 1 L1,U1,L2,U1,U3,R2,R2: exhausted states 104 best 10 0.0s | cpu 32m02s wall 24m10s eta~6h02m best 91
  [1393/21324   6.5%] exit 1 U1,L3,U3,R1,U1,U3,L2: exhausted states 809 best 15 0.001s | cpu 32m02s wall 24m10s eta~6h02m best 91
  [1394/21324   6.5%] exit 1 U1,U1,L1,L1,D2,L2,D1: exhausted states 7 best 8 0.0s | cpu 32m02s wall 24m10s eta~6h01m best 91
  [1395/21324   6.5%] exit 1 U1,L3,U3,L3,U2,U2,R3: exhausted states 133 best 12 0.0s | cpu 32m02s wall 24m10s eta~6h01m best 91
  [1396/21324   6.5%] exit 1 U1,L1,U1,U1,R1,U2,R2: exhausted states 6 best 8 0.0s | cpu 32m02s wall 24m10s eta~6h01m best 91
  [1397/21324   6.6%] exit 1 U1,L1,U2,U1,R3,U1,R3: exhausted states 2 best 7 0.0s | cpu 32m02s wall 24m10s eta~6h01m best 91
  [1398/21324   6.6%] exit 1 U1,L3,U3,L2,U2,R3,R2: exhausted states 465 best 19 0.001s | cpu 32m02s wall 24m10s eta~6h00m best 91
  [1399/21324   6.6%] exit 1 L1,L1,U1,U1,U3,R1,D1: exhausted states 5,913,454 best 66 38.412s | cpu 32m41s wall 24m48s eta~6h10m best 91
  [1400/21324   6.6%] exit 1 U1,R3,U2,U2,L1,L1,D3: exhausted states 4,525 best 24 0.006s | cpu 32m41s wall 24m48s eta~6h09m best 91
  [1401/21324   6.6%] exit 1 R1,U1,U1,L1,U2,U2,R2: exhausted states 2 best 7 0.0s | cpu 32m41s wall 24m48s eta~6h09m best 91
  [1402/21324   6.6%] exit 1 L1,U1,U1,L1,U3,L1,U3: exhausted states 2 best 7 0.0s | cpu 32m41s wall 24m48s eta~6h09m best 91
  [1403/21324   6.6%] exit 1 U1,L3,U3,L1,U3,U2,R2: exhausted states 103 best 11 0.0s | cpu 32m41s wall 24m48s eta~6h08m best 91
  [1404/21324   6.6%] exit 1 U1,U1,L3,U1,R3,U1,L3: exhausted states 629 best 15 0.001s | cpu 32m41s wall 24m48s eta~6h08m best 91
  [1405/21324   6.6%] exit 1 U1,L3,L1,U3,L1,D3,D1: exhausted states 2 best 7 0.0s | cpu 32m41s wall 24m48s eta~6h08m best 91
  [1406/21324   6.6%] exit 1 U1,L3,U1,U3,U2,L1,L3: exhausted states 142,041 best 46 1.063s | cpu 32m42s wall 24m49s eta~6h08m best 91
  [1407/21324   6.6%] exit 1 U1,R3,U3,U1,L1,L3,D1: exhausted states 1,067 best 18 0.001s | cpu 32m42s wall 24m50s eta~6h08m best 91
  [1408/21324   6.6%] exit 1 U1,L1,L3,U3,U2,R2,R1: exhausted states 1,033 best 19 0.001s | cpu 32m42s wall 24m50s eta~6h07m best 91
  [1409/21324   6.6%] exit 1 U1,L2,U2,L2,U1,R1,R3: exhausted states 10,324 best 22 0.036s | cpu 32m42s wall 24m50s eta~6h07m best 91
  [1410/21324   6.6%] exit 1 U1,L2,L2,U2,U2,R2,D3: exhausted states 3 best 7 0.0s | cpu 32m42s wall 24m50s eta~6h07m best 91
  [1411/21324   6.6%] exit 1 U1,L2,U2,L3,U2,R1,U1: exhausted states 610 best 30 0.003s | cpu 32m42s wall 24m50s eta~6h06m best 91
  [1412/21324   6.6%] exit 1 U1,L2,U3,L2,D2,L2,D1: exhausted states 3 best 8 0.0s | cpu 32m42s wall 24m50s eta~6h06m best 91
  [1413/21324   6.6%] exit 1 U1,L2,U1,U1,L3,L1,U1: exhausted states 3 best 7 0.0s | cpu 32m42s wall 24m50s eta~6h06m best 91
  [1414/21324   6.6%] exit 1 L1,U1,L2,U1,R3,U1,U1: exhausted states 120 best 11 0.0s | cpu 32m42s wall 24m50s eta~6h06m best 91
  [1415/21324   6.6%] exit 1 U1,L2,U2,U2,R2,R2,D1: exhausted states 11,127 best 27 0.041s | cpu 32m42s wall 24m50s eta~6h05m best 91
  [1416/21324   6.6%] exit 1 U1,U1,L3,L2,U2,U1,R3: exhausted states 18 best 10 0.0s | cpu 32m42s wall 24m50s eta~6h05m best 91
  [1417/21324   6.6%] exit 1 U1,L2,U2,R3,U1,R3,U2: exhausted states 624 best 15 0.001s | cpu 32m42s wall 24m50s eta~6h05m best 91
  [1418/21324   6.6%] exit 1 L1,U1,U1,U1,L3,L1,U3: exhausted states 2 best 7 0.0s | cpu 32m42s wall 24m50s eta~6h04m best 91
  [1419/21324   6.7%] exit 1 U1,L2,U1,R1,U1,U1,L1: exhausted states 550 best 14 0.0s | cpu 32m42s wall 24m50s eta~6h04m best 91
  [1420/21324   6.7%] exit 1 L1,U1,U1,L1,U2,L1,U3: exhausted states 2 best 7 0.0s | cpu 32m42s wall 24m50s eta~6h04m best 91
  [1421/21324   6.7%] exit 1 U1,L2,L2,L1,U1,U3,U1: exhausted states 595 best 16 0.001s | cpu 32m42s wall 24m50s eta~6h04m best 91
  [1422/21324   6.7%] exit 1 U1,L2,L1,U2,U1,R1,U2: exhausted states 14,683 best 34 0.08s | cpu 32m42s wall 24m50s eta~6h03m best 91
  [1423/21324   6.7%] exit 1 U1,U1,U3,L3,L2,U2,R2: exhausted states 3 best 7 0.0s | cpu 32m42s wall 24m50s eta~6h03m best 91
  [1424/21324   6.7%] exit 1 U1,U1,L2,L1,L3,D2,R1: exhausted states 25 best 11 0.0s | cpu 32m42s wall 24m50s eta~6h03m best 91
  [1425/21324   6.7%] exit 1 U1,L3,U1,R3,U2,R3,U1: exhausted states 1,017 best 16 0.001s | cpu 32m42s wall 24m50s eta~6h02m best 91
  [1426/21324   6.7%] exit 1 U1,U1,U1,U3,L1,L1,L3: exhausted states 20,169 best 34 0.071s | cpu 32m42s wall 24m50s eta~6h02m best 91
  [1427/21324   6.7%] exit 1 L1,U1,U3,L3,U2,U1,R1: exhausted states 294 best 12 0.0s | cpu 32m42s wall 24m50s eta~6h02m best 91
  [1428/21324   6.7%] exit 1 U1,L2,L2,U3,L2,D2,D1: exhausted states 2 best 7 0.0s | cpu 32m42s wall 24m50s eta~6h02m best 91
  [1429/21324   6.7%] exit 1 L1,U1,U3,L3,U3,L2,U1: exhausted states 1,487 best 18 0.002s | cpu 32m42s wall 24m50s eta~6h01m best 91
  [1430/21324   6.7%] exit 1 U1,L2,U1,U1,R2,U1,L3: exhausted states 495 best 14 0.001s | cpu 32m42s wall 24m50s eta~6h01m best 91
  [1431/21324   6.7%] exit 1 U1,L3,U2,U1,L3,U2,R2: exhausted states 37 best 11 0.0s | cpu 32m42s wall 24m50s eta~6h01m best 91
  [1432/21324   6.7%] exit 1 U1,L1,U3,U1,R1,R3,U3: exhausted states 1,236 best 17 0.002s | cpu 32m42s wall 24m50s eta~6h00m best 91
  [1433/21324   6.7%] exit 1 U1,U1,U1,L2,L2,U3,R3: exhausted states 3 best 7 0.0s | cpu 32m42s wall 24m50s eta~6h00m best 91
  [1434/21324   6.7%] exit 1 U1,L2,L1,U3,U2,U2,R1: exhausted states 148,738 best 38 0.854s | cpu 32m43s wall 24m51s eta~6h00m best 91
  [1435/21324   6.7%] exit 1 U1,L1,U2,L2,U1,U3,R1: exhausted states 40 best 10 0.0s | cpu 32m43s wall 24m51s eta~6h00m best 91
  [1436/21324   6.7%] exit 1 U1,L2,U2,L1,U2,U1,R2: exhausted states 358 best 17 0.001s | cpu 32m43s wall 24m51s eta~6h00m best 91
  [1437/21324   6.7%] exit 1 U1,L2,U2,U1,L2,U1,R1: exhausted states 19,487 best 41 0.108s | cpu 32m43s wall 24m51s eta~5h59m best 91
  [1438/21324   6.7%] exit 1 U1,L2,U2,U2,U2,L2,L1: exhausted states 40 best 11 0.0s | cpu 32m43s wall 24m51s eta~5h59m best 91
  [1439/21324   6.7%] exit 1 U1,L2,U2,L3,U2,R1,R1: exhausted states 12,241 best 36 0.099s | cpu 32m43s wall 24m51s eta~5h59m best 91
  [1440/21324   6.8%] exit 1 U1,L1,U2,U2,L3,D3,L2: exhausted states 32 best 9 0.0s | cpu 32m43s wall 24m51s eta~5h59m best 91
  [1441/21324   6.8%] exit 1 L1,L1,U1,U1,U3,L2,D2: exhausted states 9 best 8 0.0s | cpu 32m43s wall 24m51s eta~5h58m best 91
  [1442/21324   6.8%] exit 1 L1,U1,U1,U3,R1,D1,R2: exhausted states 4,660,939 best 57 28.803s | cpu 33m12s wall 25m20s eta~6h05m best 91
  [1443/21324   6.8%] exit 1 U1,L2,U1,L2,U2,L3,D1: exhausted states 6 best 7 0.0s | cpu 33m12s wall 25m20s eta~6h05m best 91
  [1444/21324   6.8%] exit 1 U1,U1,U1,L1,L1,U1,L1: exhausted states 3 best 7 0.0s | cpu 33m12s wall 25m20s eta~6h04m best 91
  [1445/21324   6.8%] exit 1 L1,U1,L2,U3,L2,U1,U1: exhausted states 753 best 16 0.001s | cpu 33m12s wall 25m20s eta~6h04m best 91
  [1446/21324   6.8%] exit 1 U1,L3,U1,L2,U2,R3,U2: exhausted states 59 best 10 0.0s | cpu 33m12s wall 25m20s eta~6h04m best 91
  [1447/21324   6.8%] exit 1 U1,U1,L3,U3,L1,L1,U2: exhausted states 2 best 7 0.0s | cpu 33m12s wall 25m20s eta~6h04m best 91
  [1448/21324   6.8%] exit 1 U1,L2,U3,U1,L2,U1,L3: exhausted states 2 best 7 0.0s | cpu 33m12s wall 25m20s eta~6h03m best 91
  [1449/21324   6.8%] exit 1 U1,U1,L3,L1,U3,U1,L2: exhausted states 2 best 7 0.0s | cpu 33m12s wall 25m20s eta~6h03m best 91
  [1450/21324   6.8%] exit 1 U1,L3,L2,U3,L3,D1,D3: exhausted states 1 best 7 0.0s | cpu 33m12s wall 25m20s eta~6h03m best 91
  [1451/21324   6.8%] exit 1 U1,L1,L1,U2,U1,U1,R1: exhausted states 164 best 11 0.0s | cpu 33m12s wall 25m20s eta~6h02m best 91
  [1452/21324   6.8%] exit 1 U1,L3,U2,L2,U2,L2,D2: exhausted states 33 best 11 0.0s | cpu 33m12s wall 25m20s eta~6h02m best 91
  [1453/21324   6.8%] exit 1 L1,U1,L3,U2,U2,L3,D1: exhausted states 6 best 7 0.0s | cpu 33m12s wall 25m20s eta~6h02m best 91
  [1454/21324   6.8%] exit 1 L1,U1,L3,U2,L2,U2,U1: exhausted states 22,898 best 29 0.057s | cpu 33m12s wall 25m20s eta~6h02m best 91
  [1455/21324   6.8%] exit 1 U1,L2,U3,U2,R2,U2,R2: exhausted states 50 best 13 0.0s | cpu 33m12s wall 25m20s eta~6h01m best 91
  [1456/21324   6.8%] exit 1 U1,L2,L1,U3,L2,U3,R1: exhausted states 3,097 best 23 0.009s | cpu 33m12s wall 25m20s eta~6h01m best 91
  [1457/21324   6.8%] exit 1 U1,L3,U3,R3,U1,L2,U2: exhausted states 695 best 15 0.001s | cpu 33m12s wall 25m21s eta~6h01m best 91
  [1458/21324   6.8%] exit 1 U1,L3,U2,R1,U1,R1,U3: exhausted states 2 best 7 0.0s | cpu 33m12s wall 25m21s eta~6h01m best 91
  [1459/21324   6.8%] exit 1 R1,U1,U1,U3,L1,U3,L1: exhausted states 517,927 best 51 1.345s | cpu 33m13s wall 25m22s eta~6h01m best 91
  [1460/21324   6.8%] exit 1 L1,U1,U1,U3,L2,D1,D1: exhausted states 15 best 9 0.0s | cpu 33m13s wall 25m22s eta~6h00m best 91
  [1461/21324   6.9%] exit 1 U1,L3,L2,U2,U1,R3,U3: exhausted states 146 best 11 0.0s | cpu 33m13s wall 25m22s eta~6h00m best 91
  [1462/21324   6.9%] exit 1 U1,L1,U3,L1,U1,U1,R3: exhausted states 127 best 11 0.0s | cpu 33m13s wall 25m22s eta~6h00m best 91
  [1463/21324   6.9%] exit 1 U1,U1,U1,L2,L1,L1,D3: exhausted states 87 best 11 0.0s | cpu 33m13s wall 25m22s eta~5h59m best 91
  [1464/21324   6.9%] exit 1 U1,U1,R3,U2,U2,L1,D1: exhausted states 15,407 best 30 0.03s | cpu 33m13s wall 25m22s eta~5h59m best 91
  [1465/21324   6.9%] exit 1 U1,R3,U3,U1,L1,L3,L1: exhausted states 8,813 best 28 0.016s | cpu 33m13s wall 25m22s eta~5h59m best 91
  [1466/21324   6.9%] exit 1 U1,L1,U1,U3,L2,U2,R1: exhausted states 4,846 best 22 0.015s | cpu 33m13s wall 25m22s eta~5h59m best 91
  [1467/21324   6.9%] exit 1 U1,L3,U2,L2,L1,D2,D2: exhausted states 2 best 7 0.0s | cpu 33m13s wall 25m22s eta~5h58m best 91
  [1468/21324   6.9%] exit 1 U1,L1,U3,L1,D3,D2,L1: exhausted states 7 best 8 0.0s | cpu 33m13s wall 25m22s eta~5h58m best 91
  [1469/21324   6.9%] exit 1 U1,U1,U3,L1,D1,L2,L1: exhausted states 2,542,355 best 62 15.424s | cpu 33m29s wall 25m38s eta~6h01m best 91
  [1470/21324   6.9%] exit 1 L1,U1,U3,L1,D2,L2,U2: exhausted states 636,700 best 40 2.957s | cpu 33m32s wall 25m40s eta~6h02m best 91
  [1471/21324   6.9%] exit 1 U1,R3,U1,L1,L1,U1,L1: exhausted states 862 best 15 0.001s | cpu 33m32s wall 25m41s eta~6h02m best 91
  [1472/21324   6.9%] exit 1 U1,L3,U2,L2,D3,L2,U1: exhausted states 2,928 best 26 0.005s | cpu 33m32s wall 25m41s eta~6h01m best 91
  [1473/21324   6.9%] exit 1 U1,R1,U1,U3,L1,U2,L3: exhausted states 13,550 best 26 0.026s | cpu 33m32s wall 25m41s eta~6h01m best 91
  [1474/21324   6.9%] exit 1 U1,U1,L1,U3,L2,L2,U2: exhausted states 6 best 8 0.0s | cpu 33m32s wall 25m41s eta~6h01m best 91
  [1475/21324   6.9%] exit 1 U1,U1,L2,U3,L2,D3,D2: exhausted states 43 best 10 0.0s | cpu 33m32s wall 25m41s eta~6h01m best 91
  [1476/21324   6.9%] exit 1 U1,L1,U2,L1,U3,L3,U3: exhausted states 224 best 13 0.0s | cpu 33m32s wall 25m41s eta~6h00m best 91
  [1477/21324   6.9%] exit 1 U1,L2,L1,U2,U2,L2,D3: exhausted states 3 best 7 0.0s | cpu 33m32s wall 25m41s eta~6h00m best 91
  [1478/21324   6.9%] exit 1 U1,L1,L3,U1,R3,U2,L3: exhausted states 729 best 14 0.001s | cpu 33m32s wall 25m41s eta~6h00m best 91
  [1479/21324   6.9%] exit 1 U1,U1,L1,L3,U3,R2,U1: exhausted states 1,514 best 20 0.002s | cpu 33m32s wall 25m41s eta~5h59m best 91
  [1480/21324   6.9%] exit 1 L1,U1,U3,R3,U2,L2,L1: exhausted states 3,823 best 26 0.016s | cpu 33m32s wall 25m41s eta~5h59m best 91
  [1481/21324   6.9%] exit 1 U1,L2,U2,L2,D2,L1,D3: exhausted states 2 best 7 0.0s | cpu 33m32s wall 25m41s eta~5h59m best 91
  [1482/21324   6.9%] exit 1 U1,U1,U1,L1,L1,D1,D1: exhausted states 76 best 11 0.0s | cpu 33m32s wall 25m41s eta~5h59m best 91
  [1483/21324   7.0%] exit 1 U1,L3,U3,L3,U1,R2,R1: exhausted states 306 best 19 0.001s | cpu 33m32s wall 25m41s eta~5h58m best 91
  [1484/21324   7.0%] exit 1 U1,R3,U2,L1,U2,L2,D1: exhausted states 487 best 16 0.001s | cpu 33m32s wall 25m41s eta~5h58m best 91
  [1485/21324   7.0%] exit 1 L1,U1,L3,U1,L3,U1,R1: exhausted states 7,933 best 28 0.01s | cpu 33m32s wall 25m41s eta~5h58m best 91
  [1486/21324   7.0%] exit 1 U1,U1,L3,U3,R3,U2,L1: exhausted states 896 best 18 0.001s | cpu 33m32s wall 25m41s eta~5h58m best 91
  [1487/21324   7.0%] exit 1 U1,L3,U3,U2,L2,L1,D3: exhausted states 18 best 10 0.0s | cpu 33m32s wall 25m41s eta~5h57m best 91
  [1488/21324   7.0%] exit 1 L1,U1,U3,U2,L1,L1,D3: exhausted states 2,280 best 29 0.009s | cpu 33m32s wall 25m41s eta~5h57m best 91
  [1489/21324   7.0%] exit 1 U1,L3,U2,U2,U2,L2,L1: exhausted states 40 best 11 0.0s | cpu 33m32s wall 25m41s eta~5h57m best 91
  [1490/21324   7.0%] exit 1 U1,L3,U3,R3,U1,U1,R3: exhausted states 2 best 7 0.0s | cpu 33m32s wall 25m41s eta~5h57m best 91
  [1491/21324   7.0%] exit 1 L1,U1,L3,U1,R3,R1,R3: exhausted states 3,350 best 21 0.006s | cpu 33m32s wall 25m41s eta~5h56m best 91
  [1492/21324   7.0%] exit 1 U1,L1,L3,U1,R2,R2,U1: exhausted states 881 best 17 0.001s | cpu 33m32s wall 25m41s eta~5h56m best 91
  [1493/21324   7.0%] exit 1 U1,L3,U1,R3,U2,R3,U3: exhausted states 1,016 best 16 0.002s | cpu 33m32s wall 25m41s eta~5h56m best 91
  [1494/21324   7.0%] exit 1 U1,R3,U2,U2,U1,L1,L1: exhausted states 172,443 best 52 0.514s | cpu 33m32s wall 25m42s eta~5h56m best 91
  [1495/21324   7.0%] exit 1 U1,U1,L2,L2,U3,L3,D2: exhausted states 29 best 10 0.0s | cpu 33m32s wall 25m42s eta~5h55m best 91
  [1496/21324   7.0%] exit 1 U1,L3,U2,L1,U2,L1,U2: exhausted states 2 best 7 0.0s | cpu 33m32s wall 25m42s eta~5h55m best 91
  [1497/21324   7.0%] exit 1 U1,L2,U2,U2,L2,L1,D2: exhausted states 16 best 9 0.0s | cpu 33m32s wall 25m42s eta~5h55m best 91
  [1498/21324   7.0%] exit 1 U1,L2,U2,U1,L2,U2,R2: exhausted states 379 best 17 0.001s | cpu 33m32s wall 25m42s eta~5h55m best 91
  [1499/21324   7.0%] exit 1 U1,U1,U1,L3,L2,D3,D2: exhausted states 77 best 10 0.0s | cpu 33m32s wall 25m42s eta~5h54m best 91
  [1500/21324   7.0%] exit 1 U1,L3,L1,L3,U1,U1,U3: exhausted states 160,560 best 41 0.701s | cpu 33m33s wall 25m42s eta~5h54m best 91
  [1501/21324   7.0%] exit 1 U1,L1,U2,U1,L3,U2,R1: exhausted states 64 best 11 0.0s | cpu 33m33s wall 25m42s eta~5h54m best 91
  [1502/21324   7.0%] exit 1 U1,L1,U1,L2,L2,D3,D2: exhausted states 7 best 8 0.0s | cpu 33m33s wall 25m42s eta~5h54m best 91
  [1503/21324   7.0%] exit 1 U1,L2,L1,L3,U2,R1,U1: exhausted states 195,342 best 50 2.08s | cpu 33m35s wall 25m44s eta~5h54m best 91
  [1504/21324   7.1%] exit 1 R1,U1,U1,U1,U1,L1,L1: exhausted states 720,124 best 51 1.38s | cpu 33m37s wall 25m46s eta~5h54m best 91
  [1505/21324   7.1%] exit 1 U1,U1,L1,U2,L3,D3,L1: exhausted states 60 best 10 0.0s | cpu 33m37s wall 25m46s eta~5h54m best 91
  [1506/21324   7.1%] exit 1 L1,U1,L3,U2,U2,L1,U2: exhausted states 2 best 7 0.0s | cpu 33m37s wall 25m46s eta~5h53m best 91
  [1507/21324   7.1%] exit 1 U1,L3,U2,U1,R1,R3,U2: exhausted states 924 best 15 0.001s | cpu 33m37s wall 25m46s eta~5h53m best 91
  [1508/21324   7.1%] exit 1 U1,L2,L1,U2,L3,U2,U1: exhausted states 5,206 best 26 0.016s | cpu 33m37s wall 25m46s eta~5h53m best 91
  [1509/21324   7.1%] exit 1 U1,L2,U1,U3,L2,U2,L3: exhausted states 380 best 16 0.001s | cpu 33m37s wall 25m46s eta~5h53m best 91
  [1510/21324   7.1%] exit 1 L1,L1,U1,U1,R1,R3,R1: exhausted states 4,854 best 19 0.004s | cpu 33m37s wall 25m46s eta~5h52m best 91
  [1511/21324   7.1%] exit 1 U1,L2,U1,L2,U1,U3,R3: exhausted states 6,148 best 26 0.021s | cpu 33m37s wall 25m46s eta~5h52m best 91
  [1512/21324   7.1%] exit 1 L1,U1,U3,L3,L1,D3,D1: exhausted states 4 best 8 0.0s | cpu 33m37s wall 25m46s eta~5h52m best 91
  [1513/21324   7.1%] exit 1 L1,U1,L2,U2,U1,R2,U3: exhausted states 260 best 11 0.0s | cpu 33m37s wall 25m46s eta~5h52m best 91
  [1514/21324   7.1%] exit 1 U1,L3,U2,U1,L2,U3,L3: exhausted states 44 best 11 0.0s | cpu 33m37s wall 25m46s eta~5h51m best 91
  [1515/21324   7.1%] exit 1 L1,U1,U3,U2,L2,L1,D2: exhausted states 194 best 22 0.0s | cpu 33m37s wall 25m46s eta~5h51m best 91
  [1516/21324   7.1%] exit 1 L1,U1,L3,U3,R2,U2,U1: exhausted states 6,980 best 30 0.023s | cpu 33m37s wall 25m46s eta~5h51m best 91
  [1517/21324   7.1%] exit 1 U1,L3,U2,L2,U3,L3,D2: exhausted states 13 best 9 0.0s | cpu 33m37s wall 25m46s eta~5h51m best 91
  [1518/21324   7.1%] exit 1 L1,U1,U3,L3,U1,R1,R3: exhausted states 737 best 18 0.001s | cpu 33m37s wall 25m46s eta~5h50m best 91
  [1519/21324   7.1%] exit 1 L1,U1,U1,U1,R3,R2,D3: exhausted states 12 best 8 0.0s | cpu 33m37s wall 25m46s eta~5h50m best 91
  [1520/21324   7.1%] exit 1 U1,L2,U3,L2,L1,U2,U2: exhausted states 2,784 best 24 0.004s | cpu 33m37s wall 25m46s eta~5h50m best 91
  [1521/21324   7.1%] exit 1 U1,L1,U1,L2,U3,U2,R3: exhausted states 37 best 10 0.0s | cpu 33m37s wall 25m46s eta~5h50m best 91
  [1522/21324   7.1%] exit 1 U1,U1,U3,L2,L2,U1,R2: exhausted states 3 best 7 0.0s | cpu 33m37s wall 25m46s eta~5h49m best 91
  [1523/21324   7.1%] exit 1 U1,R2,U1,L1,U2,L2,L1: exhausted states 1,542 best 18 0.002s | cpu 33m37s wall 25m46s eta~5h49m best 91
  [1524/21324   7.1%] exit 1 R1,U1,U1,L1,U1,U1,R2: exhausted states 2 best 7 0.0s | cpu 33m37s wall 25m46s eta~5h49m best 91
  [1525/21324   7.2%] exit 1 U1,R1,U2,U1,L1,L1,D1: exhausted states 774 best 18 0.001s | cpu 33m37s wall 25m46s eta~5h49m best 91
  [1526/21324   7.2%] exit 1 U1,L2,L1,U3,U2,U1,L3: exhausted states 2 best 7 0.0s | cpu 33m37s wall 25m46s eta~5h48m best 91
  [1527/21324   7.2%] exit 1 U1,L1,U3,L3,U2,R1,R1: exhausted states 78 best 11 0.0s | cpu 33m37s wall 25m46s eta~5h48m best 91
  [1528/21324   7.2%] exit 1 U1,L1,L1,U3,U1,U3,L2: exhausted states 24 best 11 0.0s | cpu 33m37s wall 25m46s eta~5h48m best 91
  [1529/21324   7.2%] exit 1 U1,U1,U1,L3,U3,R2,R1: exhausted states 2 best 7 0.0s | cpu 33m37s wall 25m46s eta~5h48m best 91
  [1530/21324   7.2%] exit 1 U1,U1,U1,L1,L1,U2,L1: exhausted states 467 best 16 0.001s | cpu 33m37s wall 25m46s eta~5h47m best 91
  >> split exit 1 R1,U1,U1,U3,U1,L1,L1 after 900.019s into 43 depth+3 jobs (total jobs now 21367)
  [1532/21367   7.2%] exit 1 L1,U1,U1,U1,R1,R3,D3: exhausted states 12 best 8 0.0s | cpu 33m37s wall 38m14s eta~8h51m best 91
  [1533/21367   7.2%] exit 1 L1,U1,L3,U2,R3,U2,L1: exhausted states 750 best 17 0.001s | cpu 33m37s wall 38m14s eta~8h51m best 91
  [1534/21367   7.2%] exit 1 U1,L3,L2,U3,L2,D1,D1: exhausted states 2 best 7 0.0s | cpu 33m37s wall 38m14s eta~8h51m best 91
  [1535/21367   7.2%] exit 1 U1,R3,U1,U1,L1,L1,D3: exhausted states 2,845 best 24 0.004s | cpu 33m37s wall 38m14s eta~8h50m best 91
  [1536/21367   7.2%] exit 1 L1,U1,L1,U1,U1,L1,U3: exhausted states 2 best 7 0.0s | cpu 33m37s wall 38m14s eta~8h50m best 91
  [1537/21367   7.2%] exit 1 L1,U1,L2,U3,U2,U2,L2: exhausted states 6 best 8 0.0s | cpu 33m37s wall 38m14s eta~8h49m best 91
  [1538/21367   7.2%] exit 1 U1,U1,L2,L2,U2,U2,L2: exhausted states 6 best 8 0.0s | cpu 33m37s wall 38m14s eta~8h49m best 91
  [1539/21367   7.2%] exit 1 U1,U1,L2,U3,R1,U1,R1: exhausted states 3 best 7 0.0s | cpu 33m37s wall 38m14s eta~8h49m best 91
  [1540/21367   7.2%] exit 1 U1,L2,U1,R3,R1,U3,U2: exhausted states 2,826 best 16 0.004s | cpu 33m37s wall 38m14s eta~8h48m best 91
  [1541/21367   7.2%] exit 1 U1,U1,L3,U3,L3,D2,D1: exhausted states 690 best 19 0.001s | cpu 33m37s wall 38m14s eta~8h48m best 91
  [1542/21367   7.2%] exit 1 U1,L1,U3,L3,U1,R1,R3: exhausted states 593 best 17 0.001s | cpu 33m37s wall 38m14s eta~8h47m best 91
  [1543/21367   7.2%] exit 1 U1,U1,L1,L3,D3,L1,U2: exhausted states 2,525 best 18 0.004s | cpu 33m37s wall 38m14s eta~8h47m best 91
  [1544/21367   7.2%] exit 1 U1,L2,U2,U2,L3,U2,L3: exhausted states 82 best 13 0.0s | cpu 33m37s wall 38m14s eta~8h47m best 91
  [1545/21367   7.2%] exit 1 U1,L2,L2,U1,L2,U2,U2: exhausted states 2,351 best 21 0.005s | cpu 33m37s wall 38m14s eta~8h46m best 91
  [1546/21367   7.2%] exit 1 L1,U1,L1,U1,L2,U1,U3: exhausted states 608 best 14 0.001s | cpu 33m37s wall 38m14s eta~8h46m best 91
  [1547/21367   7.2%] exit 1 U1,L3,U3,L3,U3,U2,L2: exhausted states 6 best 8 0.0s | cpu 33m37s wall 38m14s eta~8h46m best 91
  [1548/21367   7.2%] exit 1 U1,L2,U1,U1,L1,U1,L1: exhausted states 3 best 7 0.0s | cpu 33m37s wall 38m14s eta~8h45m best 91
  [1549/21367   7.2%] exit 1 U1,R2,U3,L1,L1,U1,L1: exhausted states 580 best 14 0.001s | cpu 33m37s wall 38m14s eta~8h45m best 91
  [1550/21367   7.3%] exit 1 U1,L3,U2,L2,D1,L2,D3: exhausted states 2 best 7 0.0s | cpu 33m37s wall 38m14s eta~8h44m best 91
  [1551/21367   7.3%] exit 1 U1,L3,U3,L1,U3,L3,D2: exhausted states 13 best 10 0.0s | cpu 33m37s wall 38m14s eta~8h44m best 91
  [1552/21367   7.3%] exit 1 U1,L3,U1,R3,U1,R2,U3: exhausted states 2,354 best 16 0.004s | cpu 33m37s wall 38m14s eta~8h44m best 91
  [1553/21367   7.3%] exit 1 U1,L2,U2,R1,U1,U1,L3: exhausted states 477 best 13 0.001s | cpu 33m37s wall 38m14s eta~8h43m best 91
  [1554/21367   7.3%] exit 1 U1,L1,U3,L3,L1,U1,U3: exhausted states 546 best 16 0.001s | cpu 33m37s wall 38m14s eta~8h43m best 91
  [1555/21367   7.3%] exit 1 U1,L2,U1,U1,R2,U2,L2: exhausted states 643 best 14 0.001s | cpu 33m37s wall 38m14s eta~8h42m best 91
  [1556/21367   7.3%] exit 1 U1,U1,L3,U2,L1,L1,D1: exhausted states 37 best 10 0.0s | cpu 33m37s wall 38m14s eta~8h42m best 91
  [1557/21367   7.3%] exit 1 U1,U1,U3,L3,D3,L1,U2: exhausted states 429 best 13 0.001s | cpu 33m37s wall 38m14s eta~8h42m best 91
  [1558/21367   7.3%] exit 1 U1,L3,L2,U3,U1,U1,R1: exhausted states 108 best 11 0.0s | cpu 33m37s wall 38m14s eta~8h41m best 91
  [1559/21367   7.3%] exit 1 U1,L1,U3,U2,L3,L1,D1: exhausted states 21 best 10 0.0s | cpu 33m37s wall 38m14s eta~8h41m best 91
  [1560/21367   7.3%] exit 1 U1,L1,L1,U1,U3,R2,R2: exhausted states 104 best 10 0.0s | cpu 33m37s wall 38m14s eta~8h41m best 91
  [1561/21367   7.3%] exit 1 U1,U1,U1,L1,L1,D1,D3: exhausted states 531 best 16 0.001s | cpu 33m37s wall 38m14s eta~8h40m best 91
  [1562/21367   7.3%] exit 1 L1,U1,U3,U1,U3,R2,R2: exhausted states 86 best 12 0.0s | cpu 33m37s wall 38m14s eta~8h40m best 91
  [1563/21367   7.3%] exit 1 U1,L2,U2,U2,L3,L1,U2: exhausted states 2 best 7 0.0s | cpu 33m37s wall 38m14s eta~8h39m best 91
  [1564/21367   7.3%] exit 1 U1,L2,L1,U3,U2,U2,L2: exhausted states 6 best 8 0.0s | cpu 33m37s wall 38m14s eta~8h39m best 91
  [1565/21367   7.3%] exit 1 U1,L2,U3,U2,L2,D2,L2: exhausted states 2,825 best 16 0.003s | cpu 33m37s wall 38m14s eta~8h39m best 91
  [1566/21367   7.3%] exit 1 U1,L2,U1,L1,L3,D3,D1: exhausted states 8 best 8 0.0s | cpu 33m37s wall 38m14s eta~8h38m best 91
  [1567/21367   7.3%] exit 1 U1,L1,U3,U2,R2,U2,L3: exhausted states 1,217 best 24 0.002s | cpu 33m37s wall 38m14s eta~8h38m best 91
  [1568/21367   7.3%] exit 1 U1,U1,L2,L1,D2,L2,U1: exhausted states 1,858 best 15 0.002s | cpu 33m37s wall 38m14s eta~8h37m best 91
  [1569/21367   7.3%] exit 1 U1,L2,L2,U3,U2,R3,U3: exhausted states 119 best 11 0.0s | cpu 33m37s wall 38m14s eta~8h37m best 91
  [1570/21367   7.3%] exit 1 U1,U1,U1,L1,L3,U1,R3: exhausted states 29 best 10 0.0s | cpu 33m37s wall 38m15s eta~8h37m best 91
  [1571/21367   7.4%] exit 1 U1,U1,L3,L1,D3,L2,U1: exhausted states 344 best 15 0.0s | cpu 33m37s wall 38m15s eta~8h36m best 91
  [1572/21367   7.4%] exit 1 U1,L2,U3,L2,U3,R2,U1: exhausted states 5,118 best 28 0.009s | cpu 33m37s wall 38m15s eta~8h36m best 91
  [1573/21367   7.4%] exit 1 U1,L3,U1,L2,L2,U2,R1: exhausted states 221 best 12 0.0s | cpu 33m37s wall 38m15s eta~8h36m best 91
  [1574/21367   7.4%] exit 1 L1,U1,L3,U1,R3,U1,R2: exhausted states 1,058 best 18 0.001s | cpu 33m37s wall 38m15s eta~8h35m best 91
  [1575/21367   7.4%] exit 1 L1,U1,U1,L1,U2,U2,L1: exhausted states 7 best 8 0.0s | cpu 33m37s wall 38m15s eta~8h35m best 91
  [1576/21367   7.4%] exit 1 L1,U1,L3,U2,U1,U3,L2: exhausted states 24 best 10 0.0s | cpu 33m37s wall 38m15s eta~8h34m best 91
  [1577/21367   7.4%] exit 1 U1,L1,U2,L3,U3,R3,R2: exhausted states 65 best 10 0.0s | cpu 33m37s wall 38m15s eta~8h34m best 91
  [1578/21367   7.4%] exit 1 U1,U1,L3,L1,D2,L2,U2: exhausted states 731 best 15 0.001s | cpu 33m37s wall 38m15s eta~8h34m best 91
  [1579/21367   7.4%] exit 1 U1,L2,U3,L3,U1,R2,U2: exhausted states 793 best 18 0.001s | cpu 33m37s wall 38m15s eta~8h33m best 91
  [1580/21367   7.4%] exit 1 U1,U1,L1,L3,L2,D2,D1: exhausted states 8 best 8 0.0s | cpu 33m37s wall 38m15s eta~8h33m best 91
  [1581/21367   7.4%] exit 1 U1,L1,L3,U1,L2,U3,R1: exhausted states 140,270 best 41 1.081s | cpu 33m38s wall 38m16s eta~8h33m best 91
  [1582/21367   7.4%] exit 1 L1,U1,L2,U2,L3,U1,U1: exhausted states 645 best 16 0.001s | cpu 33m38s wall 38m16s eta~8h33m best 91
  [1583/21367   7.4%] exit 1 U1,U1,L3,L2,U2,U2,R3: exhausted states 21 best 10 0.0s | cpu 33m38s wall 38m16s eta~8h32m best 91
  [1584/21367   7.4%] exit 1 U1,U1,L3,L2,L1,D2,D1: exhausted states 8 best 8 0.0s | cpu 33m38s wall 38m16s eta~8h32m best 91
  [1585/21367   7.4%] exit 1 U1,L2,U2,U2,R1,R1,D2: exhausted states 5,057 best 29 0.021s | cpu 33m38s wall 38m16s eta~8h31m best 91
  [1586/21367   7.4%] exit 1 U1,L3,U1,R2,U2,U1,L2: exhausted states 1,824 best 23 0.007s | cpu 33m38s wall 38m16s eta~8h31m best 91
  [1587/21367   7.4%] exit 1 U1,L3,L2,U2,U2,R2,D1: exhausted states 5 best 7 0.0s | cpu 33m38s wall 38m16s eta~8h31m best 91
  [1588/21367   7.4%] exit 1 U1,L1,L1,U1,U3,L1,D1: exhausted states 32 best 10 0.0s | cpu 33m38s wall 38m16s eta~8h30m best 91
  [1589/21367   7.4%] exit 1 U1,L3,L2,U3,R2,U2,L3: exhausted states 1,135 best 19 0.003s | cpu 33m38s wall 38m16s eta~8h30m best 91
  [1590/21367   7.4%] exit 1 U1,L2,U3,U1,R3,U1,L2: exhausted states 341 best 15 0.001s | cpu 33m38s wall 38m16s eta~8h30m best 91
  [1591/21367   7.4%] exit 1 U1,L1,U2,U2,L3,U2,R3: exhausted states 61 best 11 0.0s | cpu 33m38s wall 38m16s eta~8h29m best 91
  [1592/21367   7.5%] exit 1 U1,U1,L1,U1,L1,L1,D3: exhausted states 75 best 11 0.0s | cpu 33m38s wall 38m16s eta~8h29m best 91
  [1593/21367   7.5%] exit 1 U1,U1,L3,L1,U1,L2,U1: exhausted states 7 best 8 0.0s | cpu 33m38s wall 38m16s eta~8h28m best 91
  [1594/21367   7.5%] exit 1 U1,U1,U1,L3,L2,L1,D2: exhausted states 87 best 11 0.0s | cpu 33m38s wall 38m16s eta~8h28m best 91
  [1595/21367   7.5%] exit 1 U1,L2,U3,L1,D2,L2,U2: exhausted states 3,579 best 16 0.007s | cpu 33m38s wall 38m16s eta~8h28m best 91
  [1596/21367   7.5%] exit 1 L1,U1,U1,R3,R1,U1,U1: exhausted states 1,243 best 16 0.001s | cpu 33m38s wall 38m16s eta~8h27m best 91
  [1597/21367   7.5%] exit 1 U1,L1,L1,U2,L3,D3,D1: exhausted states 7 best 8 0.0s | cpu 33m38s wall 38m16s eta~8h27m best 91
  [1598/21367   7.5%] exit 1 L1,U1,U1,L2,U1,L1,U2: exhausted states 2 best 7 0.0s | cpu 33m38s wall 38m16s eta~8h27m best 91
  [1599/21367   7.5%] exit 1 L1,U1,L2,U3,R3,U1,R1: exhausted states 212 best 15 0.0s | cpu 33m38s wall 38m16s eta~8h26m best 91
  [1600/21367   7.5%] exit 1 U1,U1,L2,U3,L2,L1,D3: exhausted states 75 best 11 0.0s | cpu 33m38s wall 38m16s eta~8h26m best 91
  [1601/21367   7.5%] exit 1 U1,L3,U2,L2,U3,U2,L3: exhausted states 6 best 8 0.0s | cpu 33m38s wall 38m16s eta~8h26m best 91
  [1602/21367   7.5%] exit 1 U1,L2,U3,U1,R2,U3,R3: exhausted states 23 best 10 0.0s | cpu 33m38s wall 38m16s eta~8h25m best 91
  [1603/21367   7.5%] exit 1 U1,L2,U1,U3,R2,D1,R2: exhausted states 4,672,912 best 62 34.513s | cpu 34m12s wall 38m51s eta~8h32m best 91
  [1604/21367   7.5%] exit 1 U1,L3,U3,U2,U2,L3,L1: exhausted states 44 best 12 0.0s | cpu 34m12s wall 38m51s eta~8h32m best 91
  [1605/21367   7.5%] exit 1 U1,L2,U3,R1,R3,U3,U1: exhausted states 13,563 best 30 0.024s | cpu 34m12s wall 38m51s eta~8h32m best 91
  [1606/21367   7.5%] exit 1 U1,U1,U3,L1,D2,L2,U3: exhausted states 117,711 best 46 1.19s | cpu 34m13s wall 38m52s eta~8h32m best 91
  [1607/21367   7.5%] exit 1 U1,U1,U1,L3,U1,L2,L2: exhausted states 408 best 16 0.0s | cpu 34m13s wall 38m52s eta~8h31m best 91
  [1608/21367   7.5%] exit 1 U1,U1,R2,U1,L1,L1,U1: exhausted states 1,096 best 15 0.001s | cpu 34m13s wall 38m52s eta~8h31m best 91
  [1609/21367   7.5%] exit 1 L1,U1,U1,U3,R1,U2,R1: exhausted states 310,525 best 41 0.803s | cpu 34m14s wall 38m53s eta~8h31m best 91
  [1610/21367   7.5%] exit 1 U1,L1,U1,U3,L3,D2,L2: exhausted states 1,123 best 17 0.001s | cpu 34m14s wall 38m53s eta~8h30m best 91
  [1611/21367   7.5%] exit 1 U1,U1,L1,U1,U3,L1,L3: exhausted states 1,298 best 19 0.001s | cpu 34m14s wall 38m53s eta~8h30m best 91
  [1612/21367   7.5%] exit 1 U1,L3,L1,L3,U2,R1,U2: exhausted states 1,911,515 best 68 35.441s | cpu 34m50s wall 39m28s eta~8h37m best 91
  [1613/21367   7.5%] exit 1 U1,L2,U3,U1,R2,R1,D3: exhausted states 10 best 8 0.0s | cpu 34m50s wall 39m28s eta~8h37m best 91
  [1614/21367   7.6%] exit 1 U1,L1,U2,U1,U3,R2,R2: exhausted states 31 best 11 0.0s | cpu 34m50s wall 39m28s eta~8h37m best 91
  [1615/21367   7.6%] exit 1 U1,L1,U2,U2,L3,U1,R3: exhausted states 61 best 11 0.0s | cpu 34m50s wall 39m28s eta~8h36m best 91
  [1616/21367   7.6%] exit 1 L1,U1,U1,U1,U3,R2,R1: exhausted states 43 best 10 0.0s | cpu 34m50s wall 39m28s eta~8h36m best 91
  [1617/21367   7.6%] exit 1 L1,U1,U1,R3,U2,R1,D2: exhausted states 3 best 7 0.0s | cpu 34m50s wall 39m28s eta~8h36m best 91
  [1618/21367   7.6%] exit 1 U1,L3,U1,U3,U2,R1,R1: exhausted states 132,112 best 45 0.427s | cpu 34m50s wall 39m29s eta~8h35m best 91
  [1619/21367   7.6%] exit 1 L1,U1,U3,U2,U1,L2,L1: exhausted states 1,027,629 best 64 12.996s | cpu 35m03s wall 39m42s eta~8h38m best 91
  [1620/21367   7.6%] exit 1 U1,U1,U3,L1,D2,L1,U2: exhausted states 3,299 best 28 0.005s | cpu 35m03s wall 39m42s eta~8h37m best 91
  [1621/21367   7.6%] exit 1 L1,U1,L1,U3,U2,L1,D2: exhausted states 3 best 7 0.0s | cpu 35m03s wall 39m42s eta~8h37m best 91
  [1622/21367   7.6%] exit 1 U1,L1,U2,L3,D2,L1,D3: exhausted states 2 best 7 0.0s | cpu 35m03s wall 39m42s eta~8h37m best 91
  [1623/21367   7.6%] exit 1 U1,L1,U1,U1,L2,U3,R2: exhausted states 135 best 11 0.0s | cpu 35m03s wall 39m42s eta~8h36m best 91
  [1624/21367   7.6%] exit 1 U1,L2,L2,U2,U1,R3,U3: exhausted states 119 best 11 0.0s | cpu 35m03s wall 39m42s eta~8h36m best 91
  [1625/21367   7.6%] exit 1 U1,R2,U3,L1,U2,U1,R3: exhausted states 2 best 7 0.0s | cpu 35m03s wall 39m42s eta~8h36m best 91
  [1626/21367   7.6%] exit 1 R1,U1,U3,L1,U2,U2,R3: exhausted states 2 best 7 0.0s | cpu 35m03s wall 39m42s eta~8h35m best 91
  [1627/21367   7.6%] exit 1 L1,U1,U1,L2,U3,U1,L2: exhausted states 2 best 7 0.0s | cpu 35m03s wall 39m42s eta~8h35m best 91
  [1628/21367   7.6%] exit 1 U1,L3,U1,L1,U2,U1,R2: exhausted states 87 best 11 0.0s | cpu 35m03s wall 39m42s eta~8h34m best 91
  [1629/21367   7.6%] exit 1 U1,L3,U1,R2,U2,R1,D2: exhausted states 1 best 7 0.0s | cpu 35m03s wall 39m42s eta~8h34m best 91
  [1630/21367   7.6%] exit 1 L1,U1,L1,U3,U2,R3,U1: exhausted states 318 best 12 0.0s | cpu 35m03s wall 39m42s eta~8h34m best 91
  [1631/21367   7.6%] exit 1 U1,L3,U2,L3,U2,R1,U2: exhausted states 75 best 11 0.0s | cpu 35m03s wall 39m42s eta~8h33m best 91
  [1632/21367   7.6%] exit 1 U1,U1,L3,U3,L1,D1,L2: exhausted states 75 best 11 0.0s | cpu 35m03s wall 39m42s eta~8h33m best 91
  [1633/21367   7.6%] exit 1 U1,L2,U2,U2,R1,D1,R1: exhausted states 30,455 best 35 0.104s | cpu 35m03s wall 39m42s eta~8h33m best 91
  [1634/21367   7.6%] exit 1 U1,L3,U2,U2,R3,R1,U3: exhausted states 2 best 7 0.0s | cpu 35m03s wall 39m42s eta~8h32m best 91
  [1635/21367   7.7%] exit 1 U1,U1,L1,L3,D3,L2,D1: exhausted states 7 best 8 0.0s | cpu 35m03s wall 39m42s eta~8h32m best 91
  [1636/21367   7.7%] exit 1 U1,L1,U2,L1,U1,U3,L3: exhausted states 44 best 11 0.0s | cpu 35m03s wall 39m42s eta~8h32m best 91
  [1637/21367   7.7%] exit 1 U1,U1,U3,L1,D1,L1,D3: exhausted states 233 best 12 0.0s | cpu 35m03s wall 39m42s eta~8h31m best 91
  [1638/21367   7.7%] exit 1 U1,L3,U1,R3,U1,L1,L3: exhausted states 1,133 best 20 0.001s | cpu 35m03s wall 39m42s eta~8h31m best 91
  [1639/21367   7.7%] exit 1 U1,U1,L2,U2,L1,D3,L1: exhausted states 60 best 10 0.0s | cpu 35m03s wall 39m42s eta~8h31m best 91
  [1640/21367   7.7%] exit 1 U1,U1,U3,L3,D2,L1,D2: exhausted states 3,265 best 23 0.005s | cpu 35m03s wall 39m42s eta~8h30m best 91
  [1641/21367   7.7%] exit 1 U1,L2,U2,U2,R3,U1,R1: exhausted states 3 best 7 0.0s | cpu 35m03s wall 39m42s eta~8h30m best 91
  [1642/21367   7.7%] exit 1 L1,L1,U1,U3,U1,U3,L2: exhausted states 24 best 11 0.0s | cpu 35m03s wall 39m42s eta~8h30m best 91
  [1643/21367   7.7%] exit 1 U1,U1,L3,U2,R1,U1,R2: exhausted states 2 best 7 0.0s | cpu 35m03s wall 39m42s eta~8h29m best 91
  [1644/21367   7.7%] exit 1 L1,U1,U1,L3,U2,U2,R1: exhausted states 549 best 13 0.0s | cpu 35m03s wall 39m42s eta~8h29m best 91
  [1645/21367   7.7%] exit 1 L1,U1,U3,L1,D2,L1,U1: exhausted states 3,036 best 16 0.002s | cpu 35m03s wall 39m42s eta~8h28m best 91
  [1646/21367   7.7%] exit 1 U1,U1,L2,U1,R3,R2,D1: exhausted states 17,231 best 36 0.039s | cpu 35m03s wall 39m42s eta~8h28m best 91
  [1647/21367   7.7%] exit 1 U1,L3,U2,R1,U1,U1,L3: exhausted states 477 best 13 0.0s | cpu 35m03s wall 39m42s eta~8h28m best 91
  [1648/21367   7.7%] exit 1 U1,R1,U3,U1,L1,U1,L1: exhausted states 17,508 best 31 0.017s | cpu 35m03s wall 39m43s eta~8h27m best 91
  [1649/21367   7.7%] exit 1 U1,L3,U1,L3,U2,U1,R1: exhausted states 78 best 11 0.0s | cpu 35m03s wall 39m43s eta~8h27m best 91
  [1650/21367   7.7%] exit 1 U1,L1,U2,L1,U2,U1,R1: exhausted states 130 best 11 0.0s | cpu 35m03s wall 39m43s eta~8h27m best 91
  [1651/21367   7.7%] exit 1 U1,L1,U3,L1,U1,L3,U3: exhausted states 224 best 13 0.0s | cpu 35m03s wall 39m43s eta~8h26m best 91
  [1652/21367   7.7%] exit 1 L1,U1,U3,L2,D3,L1,U3: exhausted states 14,667 best 26 0.025s | cpu 35m03s wall 39m43s eta~8h26m best 91
  [1653/21367   7.7%] exit 1 U1,L2,U1,U3,L1,D3,D2: exhausted states 43 best 10 0.0s | cpu 35m03s wall 39m43s eta~8h26m best 91
  [1654/21367   7.7%] exit 1 L1,U1,U1,L3,U1,L3,U1: exhausted states 401 best 14 0.0s | cpu 35m03s wall 39m43s eta~8h25m best 91
  [1655/21367   7.7%] exit 1 U1,U1,L1,U3,L2,D3,D2: exhausted states 43 best 10 0.0s | cpu 35m03s wall 39m43s eta~8h25m best 91
  [1656/21367   7.8%] exit 1 U1,U1,L2,L1,U3,U2,L1: exhausted states 7 best 8 0.0s | cpu 35m03s wall 39m43s eta~8h25m best 91
  [1657/21367   7.8%] exit 1 L1,U1,U3,L3,U2,L2,U3: exhausted states 1,468 best 16 0.002s | cpu 35m03s wall 39m43s eta~8h24m best 91
  [1658/21367   7.8%] exit 1 U1,L2,L1,U3,U1,L3,U1: exhausted states 2,486 best 26 0.006s | cpu 35m03s wall 39m43s eta~8h24m best 91
  [1659/21367   7.8%] exit 1 U1,L1,L3,U3,L2,D1,D1: exhausted states 2 best 7 0.0s | cpu 35m03s wall 39m43s eta~8h24m best 91
  [1660/21367   7.8%] exit 1 U1,L1,L3,U2,L1,U1,U1: exhausted states 2,191 best 24 0.004s | cpu 35m03s wall 39m43s eta~8h23m best 91
  [1661/21367   7.8%] exit 1 U1,L3,U2,U2,R1,D3,R1: exhausted states 7 best 9 0.0s | cpu 35m03s wall 39m43s eta~8h23m best 91
  [1662/21367   7.8%] exit 1 U1,L2,L2,U1,L3,U3,R1: exhausted states 1,787 best 20 0.003s | cpu 35m03s wall 39m43s eta~8h23m best 91
  [1663/21367   7.8%] exit 1 U1,L2,U2,R2,U2,R3,U2: exhausted states 5,986 best 27 0.018s | cpu 35m03s wall 39m43s eta~8h22m best 91
  [1664/21367   7.8%] exit 1 U1,L2,L2,U1,U3,R3,D3: exhausted states 3 best 7 0.0s | cpu 35m03s wall 39m43s eta~8h22m best 91
  [1665/21367   7.8%] exit 1 U1,R3,U2,L1,L3,L2,D3: exhausted states 36,041 best 40 0.211s | cpu 35m04s wall 39m43s eta~8h22m best 91
  [1666/21367   7.8%] exit 1 U1,L3,U2,U1,R3,U1,L3: exhausted states 261 best 13 0.0s | cpu 35m04s wall 39m43s eta~8h21m best 91
  [1667/21367   7.8%] exit 1 U1,L1,U2,U2,U2,R3,R1: exhausted states 16 best 9 0.0s | cpu 35m04s wall 39m43s eta~8h21m best 91
  [1668/21367   7.8%] exit 1 U1,L3,L1,L3,U2,R1,U1: exhausted states 9,975 best 29 0.018s | cpu 35m04s wall 39m43s eta~8h21m best 91
  [1669/21367   7.8%] exit 1 U1,L1,U3,U1,R3,R2,D1: exhausted states 7 best 7 0.0s | cpu 35m04s wall 39m43s eta~8h20m best 91
  [1670/21367   7.8%] exit 1 U1,L1,L1,U1,U3,L3,U3: exhausted states 224 best 13 0.0s | cpu 35m04s wall 39m43s eta~8h20m best 91
  [1671/21367   7.8%] exit 1 U1,L2,U3,U2,L3,U2,L2: exhausted states 90 best 14 0.0s | cpu 35m04s wall 39m43s eta~8h19m best 91
  [1672/21367   7.8%] exit 1 U1,L1,U2,L3,U2,L1,D2: exhausted states 21 best 9 0.0s | cpu 35m04s wall 39m43s eta~8h19m best 91
  [1673/21367   7.8%] exit 1 U1,R3,U3,L1,U2,U1,L1: exhausted states 9,156 best 26 0.012s | cpu 35m04s wall 39m43s eta~8h19m best 91
  [1674/21367   7.8%] exit 1 U1,L2,U3,U1,U3,L3,L1: exhausted states 185 best 16 0.0s | cpu 35m04s wall 39m43s eta~8h18m best 91
  [1675/21367   7.8%] exit 1 U1,L2,L1,U1,U1,U3,L1: exhausted states 13 best 9 0.0s | cpu 35m04s wall 39m43s eta~8h18m best 91
  [1676/21367   7.8%] exit 1 L1,U1,L3,U1,U3,U2,R2: exhausted states 310,558 best 43 1.42s | cpu 35m05s wall 39m45s eta~8h18m best 91
  [1677/21367   7.8%] exit 1 L1,U1,U3,L2,U2,R3,R1: exhausted states 1,053 best 19 0.002s | cpu 35m05s wall 39m45s eta~8h18m best 91
  [1678/21367   7.9%] exit 1 L1,L1,U1,U3,R1,R3,U1: exhausted states 36,772 best 35 0.122s | cpu 35m05s wall 39m45s eta~8h17m best 91
  [1679/21367   7.9%] exit 1 L1,U1,L3,U1,R2,R1,R3: exhausted states 20,518 best 26 0.042s | cpu 35m05s wall 39m45s eta~8h17m best 91
  [1680/21367   7.9%] exit 1 L1,U1,L3,U3,L2,D3,D1: exhausted states 2 best 7 0.0s | cpu 35m05s wall 39m45s eta~8h17m best 91
  [1681/21367   7.9%] exit 1 U1,L1,U2,U2,L2,U1,R3: exhausted states 135 best 12 0.0s | cpu 35m05s wall 39m45s eta~8h16m best 91
  [1682/21367   7.9%] exit 1 U1,U1,U3,L1,D1,L2,D3: exhausted states 346,523 best 58 2.204s | cpu 35m07s wall 39m47s eta~8h17m best 91
  [1683/21367   7.9%] exit 1 U1,U1,L3,L1,L1,U2,U2: exhausted states 89 best 13 0.0s | cpu 35m07s wall 39m47s eta~8h16m best 91
  [1684/21367   7.9%] exit 1 U1,L3,L2,U1,U1,L3,U2: exhausted states 144 best 13 0.0s | cpu 35m07s wall 39m47s eta~8h16m best 91
  [1685/21367   7.9%] exit 1 U1,R1,U2,U2,L1,L1,U2: exhausted states 18,202 best 28 0.022s | cpu 35m07s wall 39m47s eta~8h16m best 91
  [1686/21367   7.9%] exit 1 U1,L3,L2,U3,L3,U1,R1: exhausted states 2,032 best 21 0.003s | cpu 35m07s wall 39m47s eta~8h15m best 91
  [1687/21367   7.9%] exit 1 U1,L3,L2,U2,U2,L1,D2: exhausted states 3 best 7 0.0s | cpu 35m07s wall 39m47s eta~8h15m best 91
  [1688/21367   7.9%] exit 1 U1,U1,U1,L1,L1,L1,D3: exhausted states 87 best 11 0.0s | cpu 35m07s wall 39m47s eta~8h15m best 91
  [1689/21367   7.9%] exit 1 U1,L1,U3,L2,D2,L1,U1: exhausted states 2,900 best 23 0.004s | cpu 35m07s wall 39m47s eta~8h14m best 91
  [1690/21367   7.9%] exit 1 U1,L2,U1,U3,R3,R1,U1: exhausted states 3 best 7 0.0s | cpu 35m07s wall 39m47s eta~8h14m best 91
  [1691/21367   7.9%] exit 1 U1,L2,U3,L3,D1,L2,D3: exhausted states 2 best 8 0.0s | cpu 35m07s wall 39m47s eta~8h14m best 91
  [1692/21367   7.9%] exit 1 U1,L3,U2,L2,L2,D1,D1: exhausted states 3 best 7 0.0s | cpu 35m07s wall 39m47s eta~8h13m best 91
  [1693/21367   7.9%] exit 1 U1,L1,U3,U1,U1,L3,L1: exhausted states 90 best 13 0.0s | cpu 35m07s wall 39m47s eta~8h13m best 91
  [1694/21367   7.9%] exit 1 U1,L2,U2,L1,D2,L1,D1: exhausted states 3 best 7 0.0s | cpu 35m07s wall 39m47s eta~8h13m best 91
  [1695/21367   7.9%] exit 1 U1,L2,U2,U2,R2,R1,U3: exhausted states 2 best 7 0.0s | cpu 35m07s wall 39m47s eta~8h12m best 91
  [1696/21367   7.9%] exit 1 U1,L1,L3,U2,R1,U2,R1: exhausted states 942,111 best 44 11.875s | cpu 35m19s wall 39m59s eta~8h14m best 91
  [1697/21367   7.9%] exit 1 U1,L2,L1,U2,U2,U2,L3: exhausted states 6 best 8 0.0s | cpu 35m19s wall 39m59s eta~8h14m best 91
  [1698/21367   7.9%] exit 1 U1,L3,U2,U2,U1,R3,R1: exhausted states 15 best 10 0.0s | cpu 35m19s wall 39m59s eta~8h14m best 91
  [1699/21367   8.0%] exit 1 U1,L2,U3,U2,L3,D2,L2: exhausted states 1,409 best 16 0.001s | cpu 35m19s wall 39m59s eta~8h13m best 91
  [1700/21367   8.0%] exit 1 U1,U1,L3,U2,U1,L1,L3: exhausted states 88 best 12 0.0s | cpu 35m19s wall 39m59s eta~8h13m best 91
  [1701/21367   8.0%] exit 1 U1,L1,L1,U2,U1,L3,U1: exhausted states 225 best 13 0.0s | cpu 35m19s wall 39m59s eta~8h13m best 91
  [1702/21367   8.0%] exit 1 L1,U1,L3,U2,R3,R2,U1: exhausted states 951 best 18 0.001s | cpu 35m19s wall 39m59s eta~8h12m best 91
  [1703/21367   8.0%] exit 1 U1,L3,L2,U1,U3,L3,U2: exhausted states 144 best 13 0.0s | cpu 35m19s wall 39m59s eta~8h12m best 91
  [1704/21367   8.0%] exit 1 L1,U1,L2,U1,U3,R1,R3: exhausted states 3,542 best 19 0.004s | cpu 35m19s wall 39m59s eta~8h12m best 91
  [1705/21367   8.0%] exit 1 U1,L2,U1,U1,L3,U3,L2: exhausted states 72 best 12 0.0s | cpu 35m19s wall 39m59s eta~8h11m best 91
  [1706/21367   8.0%] exit 1 U1,L2,U3,U2,L2,L1,U3: exhausted states 2 best 7 0.0s | cpu 35m19s wall 39m59s eta~8h11m best 91
  [1707/21367   8.0%] exit 1 U1,L2,L1,U1,U3,L3,D3: exhausted states 29 best 10 0.0s | cpu 35m19s wall 39m59s eta~8h11m best 91
  [1708/21367   8.0%] exit 1 U1,L1,L1,U2,U2,R2,U2: exhausted states 867 best 17 0.001s | cpu 35m19s wall 40m00s eta~8h10m best 91
  [1709/21367   8.0%] exit 1 R1,U1,U1,U1,L1,L1,U3: exhausted states 11,742 best 26 0.01s | cpu 35m19s wall 40m00s eta~8h10m best 91
  [1710/21367   8.0%] exit 1 U1,L1,L1,U1,L2,U2,U2: exhausted states 320 best 13 0.0s | cpu 35m19s wall 40m00s eta~8h10m best 91
  [1711/21367   8.0%] exit 1 U1,L1,U3,L2,U2,R1,U2: exhausted states 51 best 10 0.0s | cpu 35m19s wall 40m00s eta~8h09m best 91
  [1712/21367   8.0%] exit 1 L1,U1,U1,U3,U1,R1,R1: exhausted states 379,665 best 43 0.981s | cpu 35m20s wall 40m01s eta~8h09m best 91
  [1713/21367   8.0%] exit 1 U1,U1,U1,L1,L1,U1,L2: exhausted states 2 best 7 0.0s | cpu 35m20s wall 40m01s eta~8h09m best 91
  [1714/21367   8.0%] exit 1 U1,L3,U3,L3,U3,R3,R2: exhausted states 49 best 10 0.0s | cpu 35m20s wall 40m01s eta~8h09m best 91
  [1715/21367   8.0%] exit 1 U1,L2,U2,R2,U1,R3,U1: exhausted states 9,213 best 27 0.016s | cpu 35m20s wall 40m01s eta~8h08m best 91
  [1716/21367   8.0%] exit 1 U1,L2,L2,U1,U1,U3,R1: exhausted states 4,653 best 26 0.007s | cpu 35m20s wall 40m01s eta~8h08m best 91
  [1717/21367   8.0%] exit 1 U1,L2,L2,U1,U1,L1,U2: exhausted states 2 best 7 0.0s | cpu 35m20s wall 40m01s eta~8h08m best 91
  [1718/21367   8.0%] exit 1 U1,L3,U3,L3,L1,U2,U1: exhausted states 299 best 16 0.0s | cpu 35m20s wall 40m01s eta~8h07m best 91
  [1719/21367   8.0%] exit 1 U1,L1,U2,U2,L1,D1,L2: exhausted states 24 best 9 0.0s | cpu 35m20s wall 40m01s eta~8h07m best 91
  [1720/21367   8.0%] exit 1 U1,L1,U1,L3,U2,L2,U2: exhausted states 668 best 16 0.001s | cpu 35m20s wall 40m01s eta~8h07m best 91
  [1721/21367   8.1%] exit 1 U1,R3,U2,L1,U1,U1,R1: exhausted states 3 best 7 0.0s | cpu 35m20s wall 40m01s eta~8h06m best 91
  [1722/21367   8.1%] exit 1 U1,L2,U2,U2,U2,L3,L1: exhausted states 40 best 11 0.0s | cpu 35m20s wall 40m01s eta~8h06m best 91
  [1723/21367   8.1%] exit 1 U1,R3,U3,L1,U1,L3,U3: exhausted states 6,368 best 22 0.008s | cpu 35m20s wall 40m01s eta~8h06m best 91
  [1724/21367   8.1%] exit 1 L1,U1,U3,L2,U1,L1,U1: exhausted states 3 best 7 0.0s | cpu 35m20s wall 40m01s eta~8h05m best 91
  [1725/21367   8.1%] exit 1 U1,L2,U1,L3,U3,L1,D2: exhausted states 29 best 10 0.0s | cpu 35m20s wall 40m01s eta~8h05m best 91
  [1726/21367   8.1%] exit 1 U1,L3,U1,R1,U2,U2,L1: exhausted states 698 best 14 0.001s | cpu 35m20s wall 40m01s eta~8h05m best 91
  [1727/21367   8.1%] exit 1 L1,U1,L3,U2,U2,L2,U2: exhausted states 14,126 best 29 0.026s | cpu 35m20s wall 40m01s eta~8h04m best 91
  [1728/21367   8.1%] exit 1 U1,L1,U2,U1,R1,U1,R1: exhausted states 3 best 7 0.0s | cpu 35m20s wall 40m01s eta~8h04m best 91
  [1729/21367   8.1%] exit 1 U1,L3,U3,L1,U1,U1,L1: exhausted states 3 best 7 0.0s | cpu 35m20s wall 40m01s eta~8h04m best 91
  [1730/21367   8.1%] exit 1 U1,L3,U3,R2,U1,R1,U2: exhausted states 2 best 7 0.0s | cpu 35m20s wall 40m01s eta~8h03m best 91
  [1731/21367   8.1%] exit 1 U1,R3,U2,U2,L1,L3,L1: exhausted states 8,923 best 28 0.016s | cpu 35m20s wall 40m01s eta~8h03m best 91
  [1732/21367   8.1%] exit 1 L1,U1,U1,U1,R2,U1,R2: exhausted states 2 best 7 0.0s | cpu 35m20s wall 40m01s eta~8h03m best 91
  [1733/21367   8.1%] exit 1 U1,L3,U1,L3,U2,L2,U1: exhausted states 415 best 16 0.001s | cpu 35m20s wall 40m01s eta~8h02m best 91
  [1734/21367   8.1%] exit 1 U1,U1,R2,U2,L1,L1,D2: exhausted states 16,160 best 26 0.031s | cpu 35m20s wall 40m01s eta~8h02m best 91
  [1735/21367   8.1%] exit 1 U1,L3,U3,L3,U1,R3,U1: exhausted states 60 best 11 0.0s | cpu 35m20s wall 40m01s eta~8h02m best 91
  [1736/21367   8.1%] exit 1 U1,U1,U3,L3,U2,L2,L2: exhausted states 17,902 best 31 0.491s | cpu 35m21s wall 40m02s eta~8h02m best 91
  [1737/21367   8.1%] exit 1 L1,U1,L3,U3,R1,U1,R1: exhausted states 379 best 14 0.0s | cpu 35m21s wall 40m02s eta~8h01m best 91
  [1738/21367   8.1%] exit 1 U1,L3,U3,R3,U2,L2,U1: exhausted states 2,154 best 23 0.003s | cpu 35m21s wall 40m02s eta~8h01m best 91
  [1739/21367   8.1%] exit 1 L1,U1,U3,U1,R3,R2,D1: exhausted states 15 best 8 0.0s | cpu 35m21s wall 40m02s eta~8h01m best 91
  [1740/21367   8.1%] exit 1 U1,R3,U3,U2,L1,D1,L1: exhausted states 9,982 best 25 0.013s | cpu 35m21s wall 40m02s eta~8h00m best 91
  [1741/21367   8.1%] exit 1 U1,R2,U3,L1,L3,U3,U1: exhausted states 1,866 best 18 0.002s | cpu 35m21s wall 40m02s eta~8h00m best 91
  [1742/21367   8.2%] exit 1 U1,L3,U2,U1,R2,U2,R3: exhausted states 6 best 8 0.0s | cpu 35m21s wall 40m02s eta~8h00m best 91
  [1743/21367   8.2%] exit 1 U1,R2,U1,L1,U1,L2,L2: exhausted states 6,690 best 22 0.007s | cpu 35m21s wall 40m02s eta~7h59m best 91
  [1744/21367   8.2%] exit 1 U1,L3,U2,U2,R1,D2,R1: exhausted states 25 best 14 0.0s | cpu 35m21s wall 40m02s eta~7h59m best 91
  [1745/21367   8.2%] exit 1 U1,U1,U3,L2,D3,L2,D1: exhausted states 154 best 15 0.0s | cpu 35m21s wall 40m02s eta~7h59m best 91
  [1746/21367   8.2%] exit 1 L1,U1,U3,L3,L1,D2,D1: exhausted states 4 best 8 0.0s | cpu 35m21s wall 40m02s eta~7h59m best 91
  [1747/21367   8.2%] exit 1 U1,L2,U1,L1,U2,U2,L2: exhausted states 6 best 8 0.0s | cpu 35m21s wall 40m02s eta~7h58m best 91
  [1748/21367   8.2%] exit 1 U1,L2,U3,U2,L3,L1,U1: exhausted states 3 best 7 0.0s | cpu 35m21s wall 40m02s eta~7h58m best 91
  [1749/21367   8.2%] exit 1 U1,L1,L3,U2,L3,D2,D1: exhausted states 9 best 10 0.0s | cpu 35m21s wall 40m02s eta~7h58m best 91
  [1750/21367   8.2%] exit 1 U1,L1,U3,L3,U2,L3,D2: exhausted states 39 best 12 0.0s | cpu 35m21s wall 40m02s eta~7h57m best 91
  [1751/21367   8.2%] exit 1 U1,L3,U2,L3,U1,U1,R3: exhausted states 75 best 11 0.0s | cpu 35m21s wall 40m02s eta~7h57m best 91
  [1752/21367   8.2%] exit 1 U1,L2,U2,L1,U2,U2,L2: exhausted states 6 best 8 0.0s | cpu 35m21s wall 40m02s eta~7h57m best 91
  [1753/21367   8.2%] exit 1 U1,L3,U2,L3,D3,L1,D2: exhausted states 2 best 7 0.0s | cpu 35m21s wall 40m02s eta~7h56m best 91
  [1754/21367   8.2%] exit 1 U1,L1,L1,U1,U3,L2,D1: exhausted states 32 best 10 0.0s | cpu 35m21s wall 40m02s eta~7h56m best 91
  [1755/21367   8.2%] exit 1 U1,L1,U1,L2,U2,U1,L1: exhausted states 3 best 7 0.0s | cpu 35m21s wall 40m02s eta~7h56m best 91
  [1756/21367   8.2%] exit 1 U1,R2,U1,L1,L3,U3,L1: exhausted states 10,396 best 34 0.025s | cpu 35m21s wall 40m02s eta~7h55m best 91
  [1757/21367   8.2%] exit 1 U1,L1,L3,U2,U2,L3,D2: exhausted states 3 best 7 0.0s | cpu 35m21s wall 40m02s eta~7h55m best 91
  [1758/21367   8.2%] exit 1 R1,U1,U3,L1,U2,L3,U3: exhausted states 8,531 best 26 0.012s | cpu 35m21s wall 40m02s eta~7h55m best 91
  [1759/21367   8.2%] exit 1 U1,L3,L2,U2,U2,R3,D1: exhausted states 5 best 7 0.0s | cpu 35m21s wall 40m02s eta~7h54m best 91
  [1760/21367   8.2%] exit 1 U1,L1,L3,U3,R1,U1,U1: exhausted states 216 best 12 0.0s | cpu 35m21s wall 40m02s eta~7h54m best 91
  [1761/21367   8.2%] exit 1 U1,U1,L1,U3,L2,U1,R3: exhausted states 3 best 7 0.0s | cpu 35m21s wall 40m02s eta~7h54m best 91
  [1762/21367   8.2%] exit 1 U1,U1,U1,L2,L1,D1,L2: exhausted states 93 best 11 0.0s | cpu 35m21s wall 40m02s eta~7h54m best 91
  [1763/21367   8.3%] exit 1 U1,U1,L3,U1,L3,L1,U3: exhausted states 2 best 7 0.0s | cpu 35m21s wall 40m02s eta~7h53m best 91
  [1764/21367   8.3%] exit 1 U1,L1,L1,L1,U2,U1,U3: exhausted states 4,734 best 25 0.006s | cpu 35m21s wall 40m02s eta~7h53m best 91
  >> split exit 1 L1,U1,U3,U2,R1,D1,R2 after 900.018s into 21 depth+3 jobs (total jobs now 21388)
  [1766/21388   8.3%] exit 1 U1,L1,L1,U3,U2,L2,U3: exhausted states 858 best 16 0.001s | cpu 35m21s wall 40m46s eta~8h08m best 91
  [1767/21388   8.3%] exit 1 U1,L3,U3,U1,R3,U2,L3: exhausted states 341 best 15 0.0s | cpu 35m21s wall 40m46s eta~8h07m best 91
  [1768/21388   8.3%] exit 1 U1,L1,U3,L1,L3,U2,R1: exhausted states 3,096 best 21 0.003s | cpu 35m21s wall 40m46s eta~8h07m best 91
  [1769/21388   8.3%] exit 1 U1,L2,L2,U1,U1,L3,U1: exhausted states 121 best 13 0.0s | cpu 35m21s wall 40m46s eta~8h07m best 91
  [1770/21388   8.3%] exit 1 U1,U1,U3,L2,U2,L1,L1: exhausted states 221,058 best 51 2.73s | cpu 35m24s wall 40m49s eta~8h07m best 91
  [1771/21388   8.3%] exit 1 U1,L2,L1,U1,L3,U1,R1: exhausted states 33,876 best 32 0.088s | cpu 35m24s wall 40m49s eta~8h07m best 91
  [1772/21388   8.3%] exit 1 U1,L3,U3,U1,U3,L1,L1: exhausted states 185 best 16 0.0s | cpu 35m24s wall 40m49s eta~8h06m best 91
  [1773/21388   8.3%] exit 1 U1,L3,U3,R2,U1,L3,U2: exhausted states 59 best 10 0.0s | cpu 35m24s wall 40m49s eta~8h06m best 91
  [1774/21388   8.3%] exit 1 U1,R2,U1,U1,L1,U3,L2: exhausted states 90,858 best 34 0.178s | cpu 35m24s wall 40m49s eta~8h06m best 91
  [1775/21388   8.3%] exit 1 U1,L2,L1,U2,U2,U1,L1: exhausted states 3 best 7 0.0s | cpu 35m24s wall 40m50s eta~8h05m best 91
  [1776/21388   8.3%] exit 1 L1,U1,L2,U2,U1,L2,U1: exhausted states 797 best 16 0.001s | cpu 35m24s wall 40m50s eta~8h05m best 91
  [1777/21388   8.3%] exit 1 U1,L3,U3,L2,U3,R1,R1: exhausted states 7,100 best 26 0.019s | cpu 35m24s wall 40m50s eta~8h05m best 91
  [1778/21388   8.3%] exit 1 U1,L3,U2,U2,R3,R2,U3: exhausted states 6 best 8 0.0s | cpu 35m24s wall 40m50s eta~8h05m best 91
  [1779/21388   8.3%] exit 1 U1,L1,L1,U2,L2,U2,U1: exhausted states 318 best 13 0.0s | cpu 35m24s wall 40m50s eta~8h04m best 91
  [1780/21388   8.3%] exit 1 L1,U1,L3,U1,U3,L1,U2: exhausted states 2 best 7 0.0s | cpu 35m24s wall 40m50s eta~8h04m best 91
  [1781/21388   8.3%] exit 1 U1,L2,U3,U2,R2,U1,R3: exhausted states 2 best 7 0.0s | cpu 35m24s wall 40m50s eta~8h04m best 91
  [1782/21388   8.3%] exit 1 L1,L1,U1,U1,U1,R2,U3: exhausted states 788 best 16 0.001s | cpu 35m24s wall 40m50s eta~8h03m best 91
  [1783/21388   8.3%] exit 1 L1,U1,U1,U3,L3,L2,D3: exhausted states 56 best 11 0.0s | cpu 35m24s wall 40m50s eta~8h03m best 91
  [1784/21388   8.3%] exit 1 U1,L3,U3,L3,L1,U1,U1: exhausted states 299 best 16 0.0s | cpu 35m24s wall 40m50s eta~8h03m best 91
  [1785/21388   8.3%] exit 1 U1,L2,L2,U3,U2,R2,R2: exhausted states 77 best 10 0.0s | cpu 35m24s wall 40m50s eta~8h02m best 91
  [1786/21388   8.4%] exit 1 U1,L3,U3,R3,U1,U1,L2: exhausted states 491 best 15 0.001s | cpu 35m24s wall 40m50s eta~8h02m best 91
  [1787/21388   8.4%] exit 1 U1,L2,U1,U3,R3,R2,D1: exhausted states 121,605 best 40 0.456s | cpu 35m24s wall 40m50s eta~8h02m best 91
  [1788/21388   8.4%] exit 1 U1,U1,L1,L1,U3,U2,L1: exhausted states 7 best 8 0.0s | cpu 35m24s wall 40m50s eta~8h01m best 91
  [1789/21388   8.4%] exit 1 U1,L1,L1,U3,U2,L3,D2: exhausted states 3 best 7 0.0s | cpu 35m24s wall 40m50s eta~8h01m best 91
  [1790/21388   8.4%] exit 1 U1,L2,U2,R2,U2,U2,R3: exhausted states 6 best 8 0.0s | cpu 35m24s wall 40m50s eta~8h01m best 91
  [1791/21388   8.4%] exit 1 U1,L3,U1,U3,R1,R3,D3: exhausted states 3 best 9 0.0s | cpu 35m24s wall 40m50s eta~8h01m best 91
  [1792/21388   8.4%] exit 1 U1,L3,U2,U2,L3,L2,D2: exhausted states 19 best 9 0.0s | cpu 35m24s wall 40m50s eta~8h00m best 91
  [1793/21388   8.4%] exit 1 U1,U1,L3,L2,D1,L1,D3: exhausted states 2 best 7 0.0s | cpu 35m24s wall 40m50s eta~8h00m best 91
  [1794/21388   8.4%] exit 1 U1,L3,L1,U3,U2,L2,U3: exhausted states 1,266 best 24 0.002s | cpu 35m24s wall 40m50s eta~8h00m best 91
  [1795/21388   8.4%] exit 1 U1,L2,U1,U1,R2,R2,U3: exhausted states 6 best 8 0.0s | cpu 35m24s wall 40m50s eta~7h59m best 91
  [1796/21388   8.4%] exit 1 U1,L1,L1,U3,U2,R1,R3: exhausted states 1,172 best 17 0.002s | cpu 35m24s wall 40m50s eta~7h59m best 91
  [1797/21388   8.4%] exit 1 U1,R2,U3,U2,L1,U1,L1: exhausted states 35,147 best 33 0.048s | cpu 35m25s wall 40m50s eta~7h59m best 91
  [1798/21388   8.4%] exit 1 L1,U1,U1,R3,U2,R1,U3: exhausted states 2 best 7 0.0s | cpu 35m25s wall 40m50s eta~7h58m best 91
  [1799/21388   8.4%] exit 1 U1,U1,L3,U2,L3,U1,R3: exhausted states 13 best 10 0.0s | cpu 35m25s wall 40m50s eta~7h58m best 91
  [1800/21388   8.4%] exit 1 U1,L3,U1,L1,U2,L3,U3: exhausted states 144 best 13 0.0s | cpu 35m25s wall 40m50s eta~7h58m best 91
  [1801/21388   8.4%] exit 1 U1,U1,L3,U2,L2,U3,R2: exhausted states 39 best 12 0.0s | cpu 35m25s wall 40m50s eta~7h57m best 91
  [1802/21388   8.4%] exit 1 U1,L3,U3,L2,U1,L2,U2: exhausted states 1,501 best 24 0.003s | cpu 35m25s wall 40m50s eta~7h57m best 91
  [1803/21388   8.4%] exit 1 U1,U1,U3,L3,L2,U3,L3: exhausted states 228 best 15 0.0s | cpu 35m25s wall 40m50s eta~7h57m best 91
  [1804/21388   8.4%] exit 1 U1,R3,U1,L1,L1,U1,L3: exhausted states 883 best 15 0.001s | cpu 35m25s wall 40m50s eta~7h57m best 91
  [1805/21388   8.4%] exit 1 U1,L3,U2,R1,R3,U1,L1: exhausted states 36,320 best 30 0.053s | cpu 35m25s wall 40m51s eta~7h56m best 91
  [1806/21388   8.4%] exit 1 U1,U1,L3,L1,U3,L3,D2: exhausted states 29 best 10 0.0s | cpu 35m25s wall 40m51s eta~7h56m best 91
  [1807/21388   8.4%] exit 1 U1,L2,U2,R2,U2,U2,R2: exhausted states 6 best 8 0.0s | cpu 35m25s wall 40m51s eta~7h56m best 91
  [1808/21388   8.5%] exit 1 U1,U1,L1,L1,U2,L2,D1: exhausted states 188 best 14 0.0s | cpu 35m25s wall 40m51s eta~7h55m best 91
  [1809/21388   8.5%] exit 1 L1,L1,U1,U1,L3,U1,U1: exhausted states 2,487 best 24 0.002s | cpu 35m25s wall 40m51s eta~7h55m best 91
  [1810/21388   8.5%] exit 1 L1,U1,U3,L2,D3,L2,U1: exhausted states 15,738 best 26 0.031s | cpu 35m25s wall 40m51s eta~7h55m best 91
  [1811/21388   8.5%] exit 1 U1,L1,U2,L2,U2,L2,D3: exhausted states 21 best 9 0.0s | cpu 35m25s wall 40m51s eta~7h54m best 91
  [1812/21388   8.5%] exit 1 L1,L1,U1,U3,R3,U2,R1: exhausted states 810 best 16 0.001s | cpu 35m25s wall 40m51s eta~7h54m best 91
  [1813/21388   8.5%] exit 1 L1,L1,L3,U1,U1,R1,U3: exhausted states 43,213 best 29 0.057s | cpu 35m25s wall 40m51s eta~7h54m best 91
  [1814/21388   8.5%] exit 1 U1,L3,U3,U1,L3,U1,L3: exhausted states 2 best 7 0.0s | cpu 35m25s wall 40m51s eta~7h54m best 91
  [1815/21388   8.5%] exit 1 U1,U1,L2,L1,L1,D3,D1: exhausted states 8 best 8 0.0s | cpu 35m25s wall 40m51s eta~7h53m best 91
  [1816/21388   8.5%] exit 1 U1,L3,L1,U2,U1,R3,U2: exhausted states 143 best 11 0.0s | cpu 35m25s wall 40m51s eta~7h53m best 91
  [1817/21388   8.5%] exit 1 U1,L2,L1,U3,U2,R3,U1: exhausted states 441 best 19 0.001s | cpu 35m25s wall 40m51s eta~7h53m best 91
  [1818/21388   8.5%] exit 1 L1,U1,L3,U3,U2,U2,R2: exhausted states 1,167 best 16 0.001s | cpu 35m25s wall 40m51s eta~7h52m best 91
  [1819/21388   8.5%] exit 1 U1,L3,U3,L1,U2,L3,U1: exhausted states 145 best 13 0.0s | cpu 35m25s wall 40m51s eta~7h52m best 91
  [1820/21388   8.5%] exit 1 L1,U1,L1,U2,U1,U1,R2: exhausted states 634 best 16 0.001s | cpu 35m25s wall 40m51s eta~7h52m best 91
  [1821/21388   8.5%] exit 1 U1,L3,U2,L1,D1,L1,D2: exhausted states 2 best 7 0.0s | cpu 35m25s wall 40m51s eta~7h51m best 91
  [1822/21388   8.5%] exit 1 U1,L3,U3,U1,R2,R2,U1: exhausted states 7 best 8 0.0s | cpu 35m25s wall 40m51s eta~7h51m best 91
  [1823/21388   8.5%] exit 1 U1,L1,L1,U3,U1,U1,L1: exhausted states 3 best 7 0.0s | cpu 35m25s wall 40m51s eta~7h51m best 91
  [1824/21388   8.5%] exit 1 U1,L3,U3,L3,U1,U1,L1: exhausted states 3 best 7 0.0s | cpu 35m25s wall 40m51s eta~7h51m best 91
  [1825/21388   8.5%] exit 1 U1,L2,U2,U1,R2,U2,R1: exhausted states 7 best 8 0.0s | cpu 35m25s wall 40m51s eta~7h50m best 91
  [1826/21388   8.5%] exit 1 L1,U1,U1,U1,U3,R3,R2: exhausted states 86 best 12 0.0s | cpu 35m25s wall 40m51s eta~7h50m best 91
  [1827/21388   8.5%] exit 1 L1,U1,U3,U1,R3,R1,D1: exhausted states 15 best 8 0.0s | cpu 35m25s wall 40m51s eta~7h50m best 91
  [1828/21388   8.5%] exit 1 U1,L2,U3,R2,U2,L1,L1: exhausted states 61,065 best 34 0.254s | cpu 35m25s wall 40m51s eta~7h49m best 91
  [1829/21388   8.6%] exit 1 U1,U1,L2,U3,U2,L1,D1: exhausted states 431 best 13 0.001s | cpu 35m25s wall 40m51s eta~7h49m best 91
  [1830/21388   8.6%] exit 1 U1,U1,L1,U3,L1,D1,D3: exhausted states 407 best 16 0.001s | cpu 35m25s wall 40m51s eta~7h49m best 91
  [1831/21388   8.6%] exit 1 U1,L2,U1,U1,L1,L3,U1: exhausted states 649 best 21 0.001s | cpu 35m25s wall 40m51s eta~7h48m best 91
  [1832/21388   8.6%] exit 1 U1,L3,L2,U3,R2,U1,R1: exhausted states 1,140 best 21 0.002s | cpu 35m25s wall 40m51s eta~7h48m best 91
  [1833/21388   8.6%] exit 1 U1,L3,U2,L3,D2,L1,D1: exhausted states 3 best 7 0.0s | cpu 35m25s wall 40m51s eta~7h48m best 91
  [1834/21388   8.6%] exit 1 U1,L1,U2,L3,U3,U2,R2: exhausted states 237 best 12 0.0s | cpu 35m25s wall 40m51s eta~7h48m best 91
  [1835/21388   8.6%] exit 1 U1,L1,U1,L3,U2,U2,R2: exhausted states 237 best 12 0.0s | cpu 35m25s wall 40m51s eta~7h47m best 91
  [1836/21388   8.6%] exit 1 L1,U1,U1,L2,U3,U1,R2: exhausted states 669 best 16 0.001s | cpu 35m25s wall 40m51s eta~7h47m best 91
  [1837/21388   8.6%] exit 1 U1,L1,L3,U3,U1,L3,U1: exhausted states 1,219 best 24 0.002s | cpu 35m25s wall 40m51s eta~7h47m best 91
  [1838/21388   8.6%] exit 1 U1,L2,U3,U2,R1,U1,R3: exhausted states 2 best 7 0.0s | cpu 35m25s wall 40m51s eta~7h46m best 91
  [1839/21388   8.6%] exit 1 U1,L2,U1,L2,U3,U2,L1: exhausted states 7 best 8 0.0s | cpu 35m25s wall 40m51s eta~7h46m best 91
  [1840/21388   8.6%] exit 1 U1,L2,L1,U2,L3,D1,D3: exhausted states 6 best 8 0.0s | cpu 35m25s wall 40m51s eta~7h46m best 91
  [1841/21388   8.6%] exit 1 U1,L1,U3,U2,L1,U2,L1: exhausted states 121 best 14 0.0s | cpu 35m25s wall 40m51s eta~7h46m best 91
  [1842/21388   8.6%] exit 1 U1,U1,U1,L1,L1,L3,D2: exhausted states 685 best 20 0.001s | cpu 35m25s wall 40m51s eta~7h45m best 91
  [1843/21388   8.6%] exit 1 U1,U1,L1,U2,L3,L1,D3: exhausted states 34 best 10 0.0s | cpu 35m25s wall 40m52s eta~7h45m best 91
  [1844/21388   8.6%] exit 1 U1,L2,U3,U1,R3,U3,L2: exhausted states 341 best 15 0.001s | cpu 35m25s wall 40m52s eta~7h45m best 91
  [1845/21388   8.6%] exit 1 U1,L1,L3,U3,L1,D1,D3: exhausted states 1 best 7 0.0s | cpu 35m25s wall 40m52s eta~7h44m best 91
  [1846/21388   8.6%] exit 1 L1,U1,U1,R3,U2,U2,L2: exhausted states 693 best 13 0.001s | cpu 35m25s wall 40m52s eta~7h44m best 91
  [1847/21388   8.6%] exit 1 U1,R3,U2,L1,L1,L3,D3: exhausted states 1,531 best 18 0.003s | cpu 35m25s wall 40m52s eta~7h44m best 91
  [1848/21388   8.6%] exit 1 L1,U1,U1,L3,U3,L1,D1: exhausted states 16 best 9 0.0s | cpu 35m25s wall 40m52s eta~7h44m best 91
  [1849/21388   8.6%] exit 1 L1,U1,L1,U1,U3,U2,R2: exhausted states 26,446 best 36 0.057s | cpu 35m25s wall 40m52s eta~7h43m best 91
  [1850/21388   8.6%] exit 1 L1,U1,L2,U3,U1,U1,L2: exhausted states 2 best 7 0.0s | cpu 35m25s wall 40m52s eta~7h43m best 91
  [1851/21388   8.7%] exit 1 L1,U1,U3,L2,U2,R3,U1: exhausted states 282 best 12 0.0s | cpu 35m25s wall 40m52s eta~7h43m best 91
  [1852/21388   8.7%] exit 1 L1,L1,U1,U3,R3,U2,U1: exhausted states 294 best 12 0.0s | cpu 35m25s wall 40m52s eta~7h42m best 91
  [1853/21388   8.7%] exit 1 U1,R3,U3,L1,U1,L1,U2: exhausted states 1,554 best 15 0.002s | cpu 35m25s wall 40m52s eta~7h42m best 91
  [1854/21388   8.7%] exit 1 U1,L2,U2,R3,U2,L2,U1: exhausted states 1,986 best 21 0.003s | cpu 35m25s wall 40m52s eta~7h42m best 91
  [1855/21388   8.7%] exit 1 U1,L2,U3,U2,R1,R3,D1: exhausted states 13 best 8 0.0s | cpu 35m25s wall 40m52s eta~7h41m best 91
  [1856/21388   8.7%] exit 1 U1,L2,U2,U2,U1,L2,L1: exhausted states 53 best 11 0.0s | cpu 35m25s wall 40m52s eta~7h41m best 91
  [1857/21388   8.7%] exit 1 U1,U1,L2,L1,D2,L2,D3: exhausted states 6 best 8 0.0s | cpu 35m25s wall 40m52s eta~7h41m best 91
  [1858/21388   8.7%] exit 1 U1,L3,U3,U2,R2,U3,R2: exhausted states 6 best 9 0.0s | cpu 35m25s wall 40m52s eta~7h41m best 91
  [1859/21388   8.7%] exit 1 U1,L2,L2,U3,L2,D3,D2: exhausted states 1 best 7 0.0s | cpu 35m25s wall 40m52s eta~7h40m best 91
  [1860/21388   8.7%] exit 1 U1,U1,U3,L2,U3,L1,L1: exhausted states 385 best 16 0.001s | cpu 35m25s wall 40m52s eta~7h40m best 91
  [1861/21388   8.7%] exit 1 U1,L2,U1,L2,U2,L1,D3: exhausted states 3 best 7 0.0s | cpu 35m25s wall 40m52s eta~7h40m best 91
  [1862/21388   8.7%] exit 1 U1,L1,U3,U2,R2,R1,D3: exhausted states 4 best 7 0.0s | cpu 35m25s wall 40m52s eta~7h39m best 91
  [1863/21388   8.7%] exit 1 L1,U1,U3,U1,U1,L2,L2: exhausted states 146 best 15 0.0s | cpu 35m25s wall 40m52s eta~7h39m best 91
  [1864/21388   8.7%] exit 1 U1,L2,U3,U1,L3,U3,L1: exhausted states 49 best 13 0.0s | cpu 35m25s wall 40m52s eta~7h39m best 91
  [1865/21388   8.7%] exit 1 U1,U1,L2,U1,R2,U2,R2: exhausted states 2 best 7 0.0s | cpu 35m25s wall 40m52s eta~7h39m best 91
  [1866/21388   8.7%] exit 1 U1,L2,U3,L1,D1,L2,D2: exhausted states 2 best 8 0.0s | cpu 35m25s wall 40m52s eta~7h38m best 91
  [1867/21388   8.7%] exit 1 U1,L2,L1,U3,U1,R1,R1: exhausted states 150,996 best 66 1.626s | cpu 35m27s wall 40m54s eta~7h38m best 91
  [1868/21388   8.7%] exit 1 U1,L1,L3,U1,L1,U1,U3: exhausted states 2,472 best 24 0.003s | cpu 35m27s wall 40m54s eta~7h38m best 91
  [1869/21388   8.7%] exit 1 U1,L1,U2,L3,U2,L2,U3: exhausted states 668 best 16 0.001s | cpu 35m27s wall 40m54s eta~7h38m best 91
  [1870/21388   8.7%] exit 1 U1,L2,L2,U2,U2,U1,L2: exhausted states 2 best 7 0.0s | cpu 35m27s wall 40m54s eta~7h38m best 91
  [1871/21388   8.7%] exit 1 U1,L3,U1,U3,L2,U2,R1: exhausted states 130,929 best 41 1.211s | cpu 35m28s wall 40m55s eta~7h37m best 91
  [1872/21388   8.8%] exit 1 U1,L1,U3,U1,U3,L1,L1: exhausted states 185 best 16 0.0s | cpu 35m28s wall 40m55s eta~7h37m best 91
  [1873/21388   8.8%] exit 1 U1,L2,U1,U3,R1,R3,D2: exhausted states 21 best 11 0.0s | cpu 35m28s wall 40m55s eta~7h37m best 91
  [1874/21388   8.8%] exit 1 U1,L1,U1,U1,R2,R2,U2: exhausted states 6 best 8 0.0s | cpu 35m28s wall 40m55s eta~7h37m best 91
  [1875/21388   8.8%] exit 1 U1,L2,L2,U3,R3,U2,U2: exhausted states 146 best 11 0.0s | cpu 35m28s wall 40m55s eta~7h36m best 91
  [1876/21388   8.8%] exit 1 U1,L3,U3,L1,D3,L2,D1: exhausted states 3 best 8 0.0s | cpu 35m28s wall 40m55s eta~7h36m best 91
  [1877/21388   8.8%] exit 1 L1,U1,U3,L3,L1,U1,U3: exhausted states 1,154 best 16 0.001s | cpu 35m28s wall 40m55s eta~7h36m best 91
  [1878/21388   8.8%] exit 1 U1,L2,U3,L1,U1,U3,R2: exhausted states 255 best 12 0.0s | cpu 35m28s wall 40m55s eta~7h35m best 91
  [1879/21388   8.8%] exit 1 U1,L2,L1,U1,U1,R2,R1: exhausted states 258,120 best 38 0.968s | cpu 35m29s wall 40m56s eta~7h35m best 91
  [1880/21388   8.8%] exit 1 U1,L1,U3,U2,R3,R1,D1: exhausted states 7 best 7 0.0s | cpu 35m29s wall 40m56s eta~7h35m best 91
  [1881/21388   8.8%] exit 1 L1,U1,U3,L3,U1,R2,U2: exhausted states 947 best 18 0.001s | cpu 35m29s wall 40m56s eta~7h35m best 91
  [1882/21388   8.8%] exit 1 U1,L1,U3,U2,L2,U3,R2: exhausted states 163 best 12 0.0s | cpu 35m29s wall 40m56s eta~7h35m best 91
  [1883/21388   8.8%] exit 1 R1,U1,U3,L1,L3,L2,D3: exhausted states 89,326 best 40 0.373s | cpu 35m29s wall 40m56s eta~7h34m best 91
  [1884/21388   8.8%] exit 1 U1,R2,U1,U3,L1,L3,D3: exhausted states 58,848 best 44 0.526s | cpu 35m30s wall 40m57s eta~7h34m best 91
  [1885/21388   8.8%] exit 1 U1,L2,L2,U1,U3,L3,U1: exhausted states 121 best 13 0.0s | cpu 35m30s wall 40m57s eta~7h34m best 91
  [1886/21388   8.8%] exit 1 R1,U1,U3,L1,L1,U2,U1: exhausted states 9,969 best 25 0.011s | cpu 35m30s wall 40m57s eta~7h34m best 91
  [1887/21388   8.8%] exit 1 U1,L1,U2,L2,U3,U1,R1: exhausted states 37 best 10 0.0s | cpu 35m30s wall 40m57s eta~7h33m best 91
  [1888/21388   8.8%] exit 1 U1,L1,L1,U3,L1,U1,U1: exhausted states 601 best 16 0.0s | cpu 35m30s wall 40m57s eta~7h33m best 91
  [1889/21388   8.8%] exit 1 U1,L3,U1,L1,U1,L2,U3: exhausted states 6 best 8 0.0s | cpu 35m30s wall 40m57s eta~7h33m best 91
  [1890/21388   8.8%] exit 1 U1,L3,L2,U3,R1,U2,R2: exhausted states 82 best 10 0.0s | cpu 35m30s wall 40m57s eta~7h32m best 91
  [1891/21388   8.8%] exit 1 U1,L2,U1,U3,L1,D1,L2: exhausted states 5,529,436 best 57 59.781s | cpu 36m29s wall 41m02s eta~7h33m best 91
  [1892/21388   8.8%] exit 1 U1,L2,L1,U1,U1,L1,U2: exhausted states 2 best 7 0.0s | cpu 36m29s wall 41m02s eta~7h33m best 91
  [1893/21388   8.9%] exit 1 L1,U1,U1,U1,R1,R3,U1: exhausted states 561 best 15 0.0s | cpu 36m29s wall 41m02s eta~7h33m best 91
  [1894/21388   8.9%] exit 1 U1,L3,U3,R2,U2,R1,U1: exhausted states 3 best 7 0.0s | cpu 36m29s wall 41m02s eta~7h32m best 91
  [1895/21388   8.9%] exit 1 U1,L2,U3,U2,U2,L2,D1: exhausted states 125 best 12 0.0s | cpu 36m29s wall 41m02s eta~7h32m best 91
  [1896/21388   8.9%] exit 1 L1,U1,U3,R3,U2,R1,D1: exhausted states 6 best 7 0.0s | cpu 36m29s wall 41m02s eta~7h32m best 91
  [1897/21388   8.9%] exit 1 U1,L2,U3,L3,U3,L3,U3: exhausted states 332 best 14 0.0s | cpu 36m29s wall 41m02s eta~7h31m best 91
  [1898/21388   8.9%] exit 1 U1,L3,U2,U1,R3,U2,R2: exhausted states 6 best 8 0.0s | cpu 36m29s wall 41m02s eta~7h31m best 91
  [1899/21388   8.9%] exit 1 R1,U1,U3,U1,U3,L1,L1: exhausted states 2,978,261 best 58 17.011s | cpu 36m47s wall 41m14s eta~7h33m best 91
  [1900/21388   8.9%] exit 1 U1,L1,L3,L2,U1,U3,U1: exhausted states 580,107 best 57 2.468s | cpu 36m49s wall 41m17s eta~7h33m best 91
  [1901/21388   8.9%] exit 1 U1,L2,U3,U2,R1,D3,R1: exhausted states 21 best 9 0.0s | cpu 36m49s wall 41m17s eta~7h33m best 91
  [1902/21388   8.9%] exit 1 L1,U1,U3,L2,L2,U2,U1: exhausted states 76 best 12 0.0s | cpu 36m49s wall 41m17s eta~7h33m best 91
  [1903/21388   8.9%] exit 1 U1,L2,U1,L3,U2,U2,L2: exhausted states 6 best 8 0.0s | cpu 36m49s wall 41m17s eta~7h32m best 91
  [1904/21388   8.9%] exit 1 U1,L2,U2,U1,R1,U2,R2: exhausted states 6 best 8 0.0s | cpu 36m49s wall 41m17s eta~7h32m best 91
  [1905/21388   8.9%] exit 1 U1,L2,U1,L1,U3,L3,U2: exhausted states 640 best 21 0.001s | cpu 36m49s wall 41m17s eta~7h32m best 91
  [1906/21388   8.9%] exit 1 U1,L2,U3,R3,U2,L3,L2: exhausted states 173 best 13 0.0s | cpu 36m49s wall 41m17s eta~7h32m best 91
  [1907/21388   8.9%] exit 1 U1,L1,U1,U3,R2,U1,R1: exhausted states 3 best 7 0.0s | cpu 36m49s wall 41m17s eta~7h31m best 91
  [1908/21388   8.9%] exit 1 U1,U1,U3,L3,L2,L1,D1: exhausted states 172 best 13 0.0s | cpu 36m49s wall 41m17s eta~7h31m best 91
  [1909/21388   8.9%] exit 1 U1,R1,U1,U3,L1,L3,U3: exhausted states 8,459 best 26 0.012s | cpu 36m49s wall 41m17s eta~7h31m best 91
  [1910/21388   8.9%] exit 1 U1,R3,U2,L1,U1,U3,L2: exhausted states 61,038 best 38 0.289s | cpu 36m49s wall 41m17s eta~7h31m best 91
  [1911/21388   8.9%] exit 1 U1,U1,U1,L2,L2,U2,L3: exhausted states 482 best 16 0.001s | cpu 36m49s wall 41m17s eta~7h30m best 91
  [1912/21388   8.9%] exit 1 U1,U1,L3,U2,L1,L1,U2: exhausted states 2 best 7 0.0s | cpu 36m49s wall 41m17s eta~7h30m best 91
  [1913/21388   8.9%] exit 1 U1,L2,U1,R1,U2,R1,U1: exhausted states 3 best 7 0.0s | cpu 36m49s wall 41m17s eta~7h30m best 91
  [1914/21388   8.9%] exit 1 U1,L3,U3,L1,U3,L3,D1: exhausted states 16 best 10 0.0s | cpu 36m49s wall 41m17s eta~7h30m best 91
  [1915/21388   9.0%] exit 1 L1,U1,L1,L3,U1,U1,U1: exhausted states 22,170 best 29 0.03s | cpu 36m49s wall 41m17s eta~7h29m best 91
  >> split exit 1 R1,U1,U3,U2,L1,D2,L2 after 900.018s into 195 depth+3 jobs (total jobs now 21583)
  [1917/21583   8.9%] exit 1 L1,U1,U3,L2,U2,L1,D3: exhausted states 37 best 12 0.0s | cpu 36m49s wall 56m02s eta~11h30m best 91
  [1918/21583   8.9%] exit 1 U1,L3,U1,U3,R2,R1,D1: exhausted states 3 best 7 0.0s | cpu 36m49s wall 56m02s eta~11h30m best 91
  [1919/21583   8.9%] exit 1 U1,L2,U2,L2,D1,L2,D1: exhausted states 3 best 7 0.0s | cpu 36m49s wall 56m02s eta~11h30m best 91
  [1920/21583   8.9%] exit 1 U1,L2,U2,L2,L2,U1,U1: exhausted states 76 best 12 0.0s | cpu 36m49s wall 56m02s eta~11h29m best 91
  [1921/21583   8.9%] exit 1 U1,L2,U1,L2,U3,R1,U2: exhausted states 51 best 10 0.0s | cpu 36m49s wall 56m02s eta~11h29m best 91
  [1922/21583   8.9%] exit 1 U1,L2,U3,L1,U2,U1,L2: exhausted states 2 best 7 0.0s | cpu 36m49s wall 56m02s eta~11h28m best 91
  [1923/21583   8.9%] exit 1 U1,L2,L2,U2,R1,U2,R3: exhausted states 233 best 12 0.0s | cpu 36m49s wall 56m02s eta~11h28m best 91
  [1924/21583   8.9%] exit 1 U1,L2,U3,L3,D1,L2,D1: exhausted states 3 best 8 0.0s | cpu 36m49s wall 56m02s eta~11h27m best 91
  [1925/21583   8.9%] exit 1 U1,L1,U2,U2,R3,R1,D3: exhausted states 4 best 7 0.0s | cpu 36m49s wall 56m02s eta~11h27m best 91
  [1926/21583   8.9%] exit 1 L1,U1,L2,U1,L1,U1,U1: exhausted states 601 best 16 0.0s | cpu 36m49s wall 56m02s eta~11h26m best 91
  [1927/21583   8.9%] exit 1 U1,L3,U1,U3,L2,D1,D3: exhausted states 116,475 best 63 0.936s | cpu 36m50s wall 56m03s eta~11h26m best 91
  [1928/21583   8.9%] exit 1 R1,U1,U3,L1,U1,L3,L1: exhausted states 10,980 best 28 0.013s | cpu 36m50s wall 56m03s eta~11h26m best 91
  [1929/21583   8.9%] exit 1 L1,U1,L2,U2,L3,U2,U2: exhausted states 1,109 best 17 0.001s | cpu 36m50s wall 56m03s eta~11h25m best 91
  [1930/21583   8.9%] exit 1 U1,L3,U3,L2,U3,L2,D1: exhausted states 16 best 10 0.0s | cpu 36m50s wall 56m03s eta~11h25m best 91
  [1931/21583   8.9%] exit 1 U1,L3,L2,U3,R1,U2,R1: exhausted states 196 best 14 0.0s | cpu 36m50s wall 56m03s eta~11h24m best 91
  [1932/21583   9.0%] exit 1 U1,U1,L1,L1,U2,L3,U2: exhausted states 72 best 12 0.0s | cpu 36m50s wall 56m03s eta~11h24m best 91
  >> split exit 1 L1,L1,L3,U1,U3,U2,R1 after 900.017s into 195 depth+3 jobs (total jobs now 21778)
  [1934/21778   8.9%] exit 1 U1,L1,L3,U1,R2,U1,L2: exhausted states 24,742 best 34 0.08s | cpu 36m50s wall 56m17s eta~13h08m best 91
  [1935/21778   8.9%] exit 1 L1,U1,U1,L2,U2,U1,L3: exhausted states 2 best 7 0.0s | cpu 36m50s wall 56m17s eta~13h07m best 91
  [1936/21778   8.9%] exit 1 U1,L3,U1,R2,U1,L3,L1: exhausted states 1,325 best 19 0.002s | cpu 36m50s wall 56m17s eta~13h07m best 91
  [1937/21778   8.9%] exit 1 U1,R3,U1,L1,U2,L1,L3: exhausted states 22,980 best 31 0.037s | cpu 36m50s wall 56m17s eta~13h06m best 91
  [1938/21778   8.9%] exit 1 U1,R3,U3,L1,U2,L1,D1: exhausted states 487 best 16 0.001s | cpu 36m50s wall 56m17s eta~13h06m best 91
  [1939/21778   8.9%] exit 1 U1,L2,U1,U1,U3,R3,R2: exhausted states 83 best 15 0.0s | cpu 36m50s wall 56m17s eta~13h05m best 91
  [1940/21778   8.9%] exit 1 L1,U1,U3,L1,D3,L1,U2: exhausted states 1,941 best 16 0.003s | cpu 36m50s wall 56m17s eta~13h04m best 91
  [1941/21778   8.9%] exit 1 L1,U1,L3,U1,R3,U2,R2: exhausted states 2,000 best 18 0.003s | cpu 36m50s wall 56m17s eta~13h04m best 91
  [1942/21778   8.9%] exit 1 U1,L2,L2,U2,U1,R3,R2: exhausted states 77 best 10 0.0s | cpu 36m50s wall 56m17s eta~13h03m best 91
  [1943/21778   8.9%] exit 1 U1,L2,U3,U1,R1,U3,R1: exhausted states 24 best 10 0.0s | cpu 36m50s wall 56m17s eta~13h03m best 91
  [1944/21778   8.9%] exit 1 U1,L1,U3,U1,R2,U1,R3: exhausted states 2 best 7 0.0s | cpu 36m50s wall 56m18s eta~13h02m best 91
  [1945/21778   8.9%] exit 1 U1,U1,L2,L2,D3,D2,L1: exhausted states 7 best 8 0.0s | cpu 36m50s wall 56m18s eta~13h01m best 91
  [1946/21778   8.9%] exit 1 L1,U1,L3,U3,U2,R2,U2: exhausted states 6,445 best 29 0.011s | cpu 36m50s wall 56m18s eta~13h01m best 91
  [1947/21778   8.9%] exit 1 L1,U1,U3,R1,U2,U1,L3: exhausted states 1,629 best 19 0.003s | cpu 36m50s wall 56m18s eta~13h00m best 91
  [1948/21778   8.9%] exit 1 U1,L1,L3,U3,R2,U1,R3: exhausted states 926 best 16 0.001s | cpu 36m50s wall 56m18s eta~13h00m best 91
  [1949/21778   8.9%] exit 1 U1,R2,U2,U2,L1,L3,D2: exhausted states 101,044 best 32 0.253s | cpu 36m51s wall 56m18s eta~12h59m best 91
  [1950/21778   9.0%] exit 1 U1,L1,U2,U2,U2,R2,R1: exhausted states 16 best 9 0.0s | cpu 36m51s wall 56m18s eta~12h59m best 91
  [1951/21778   9.0%] exit 1 U1,L3,U2,L1,U2,U1,L2: exhausted states 2 best 7 0.0s | cpu 36m51s wall 56m18s eta~12h58m best 91
  [1952/21778   9.0%] exit 1 U1,L3,U3,L3,U2,L3,D2: exhausted states 39 best 12 0.0s | cpu 36m51s wall 56m18s eta~12h57m best 91
  [1953/21778   9.0%] exit 1 U1,L1,U1,L3,L2,U2,U2: exhausted states 264 best 13 0.0s | cpu 36m51s wall 56m18s eta~12h57m best 91
  [1954/21778   9.0%] exit 1 U1,R3,U3,L1,U2,U2,L1: exhausted states 12,344 best 32 0.012s | cpu 36m51s wall 56m18s eta~12h56m best 91
  [1955/21778   9.0%] exit 1 U1,L2,U1,L3,U1,L1,U3: exhausted states 2 best 7 0.0s | cpu 36m51s wall 56m18s eta~12h56m best 91
  [1956/21778   9.0%] exit 1 U1,L1,U1,L1,U1,L1,U1: exhausted states 3 best 7 0.0s | cpu 36m51s wall 56m18s eta~12h55m best 91
  [1957/21778   9.0%] exit 1 U1,L1,L3,U1,U3,R2,U1: exhausted states 39,690 best 36 0.097s | cpu 36m51s wall 56m18s eta~12h55m best 91
  [1958/21778   9.0%] exit 1 U1,U1,L3,L2,U3,U2,L2: exhausted states 6 best 8 0.0s | cpu 36m51s wall 56m18s eta~12h54m best 91
  [1959/21778   9.0%] exit 1 U1,L1,U3,L3,U2,L2,D2: exhausted states 39 best 12 0.0s | cpu 36m51s wall 56m18s eta~12h53m best 91
  [1960/21778   9.0%] exit 1 U1,L3,U2,R2,U1,U3,L1: exhausted states 308,849 best 45 1.97s | cpu 36m53s wall 56m20s eta~12h53m best 91
  [1961/21778   9.0%] exit 1 U1,L2,U1,R2,U1,U3,L1: exhausted states 30,611 best 34 0.092s | cpu 36m53s wall 56m20s eta~12h53m best 91
  [1962/21778   9.0%] exit 1 L1,U1,L1,U3,L1,U2,U1: exhausted states 2,651 best 24 0.002s | cpu 36m53s wall 56m20s eta~12h52m best 91
  [1963/21778   9.0%] exit 1 L1,U1,U1,R1,U1,R3,U3: exhausted states 560 best 15 0.001s | cpu 36m53s wall 56m20s eta~12h52m best 91
  [1964/21778   9.0%] exit 1 U1,L3,U1,U3,R2,R2,U2: exhausted states 6 best 8 0.0s | cpu 36m53s wall 56m20s eta~12h51m best 91
  [1965/21778   9.0%] exit 1 U1,L3,U2,U2,L2,L1,U3: exhausted states 2 best 7 0.0s | cpu 36m53s wall 56m20s eta~12h50m best 91
  [1966/21778   9.0%] exit 1 U1,L1,U3,U2,L1,L3,U3: exhausted states 224 best 13 0.0s | cpu 36m53s wall 56m20s eta~12h50m best 91
  [1967/21778   9.0%] exit 1 U1,U1,L2,U2,L3,U2,L1: exhausted states 941 best 22 0.002s | cpu 36m53s wall 56m20s eta~12h49m best 91
  [1968/21778   9.0%] exit 1 U1,L1,U2,U1,R1,R1,D3: exhausted states 4 best 7 0.0s | cpu 36m53s wall 56m20s eta~12h49m best 91
  [1969/21778   9.0%] exit 1 U1,L3,U3,L2,U3,U2,R1: exhausted states 4,287 best 29 0.013s | cpu 36m53s wall 56m20s eta~12h48m best 91
  [1970/21778   9.0%] exit 1 L1,U1,U3,L2,U2,U2,R2: exhausted states 4,823 best 28 0.032s | cpu 36m53s wall 56m20s eta~12h48m best 91
  [1971/21778   9.1%] exit 1 U1,L3,U1,L3,U1,L3,U2: exhausted states 96 best 13 0.0s | cpu 36m53s wall 56m20s eta~12h47m best 91
  [1972/21778   9.1%] exit 1 U1,U1,L2,L2,U3,U1,R3: exhausted states 16 best 9 0.0s | cpu 36m53s wall 56m20s eta~12h47m best 91
  [1973/21778   9.1%] exit 1 U1,L3,U2,R2,U1,U1,L2: exhausted states 34,577 best 35 0.121s | cpu 36m53s wall 56m21s eta~12h46m best 91
  [1974/21778   9.1%] exit 1 U1,L1,U3,L3,L1,U2,U2: exhausted states 546 best 16 0.001s | cpu 36m53s wall 56m21s eta~12h45m best 91
  [1975/21778   9.1%] exit 1 U1,L1,U2,L1,U1,U3,L1: exhausted states 45 best 11 0.0s | cpu 36m53s wall 56m21s eta~12h45m best 91
  [1976/21778   9.1%] exit 1 U1,U1,U3,L2,L2,D2,R3: exhausted states 65 best 12 0.0s | cpu 36m53s wall 56m21s eta~12h44m best 91
  [1977/21778   9.1%] exit 1 L1,U1,U1,L2,U2,U2,R3: exhausted states 1,478 best 20 0.002s | cpu 36m53s wall 56m21s eta~12h44m best 91
  [1978/21778   9.1%] exit 1 U1,L3,L2,U1,U1,U1,L1: exhausted states 3 best 7 0.0s | cpu 36m53s wall 56m21s eta~12h43m best 91
  [1979/21778   9.1%] exit 1 L1,U1,U3,L2,U2,L1,D1: exhausted states 257,340 best 45 0.736s | cpu 36m54s wall 56m21s eta~12h43m best 91
  [1980/21778   9.1%] exit 1 U1,L3,L1,U3,U2,L1,U3: exhausted states 2 best 7 0.0s | cpu 36m54s wall 56m21s eta~12h42m best 91
  [1981/21778   9.1%] exit 1 U1,U1,L1,L3,U2,L2,D3: exhausted states 101 best 12 0.0s | cpu 36m54s wall 56m21s eta~12h42m best 91
  [1982/21778   9.1%] exit 1 U1,L1,L1,U3,L2,D1,D1: exhausted states 2 best 7 0.0s | cpu 36m54s wall 56m21s eta~12h41m best 91
  [1983/21778   9.1%] exit 1 U1,U1,L3,U2,U1,L1,L1: exhausted states 89 best 12 0.0s | cpu 36m54s wall 56m21s eta~12h41m best 91
  [1984/21778   9.1%] exit 1 L1,U1,U1,L1,U1,L2,U2: exhausted states 6 best 8 0.0s | cpu 36m54s wall 56m21s eta~12h40m best 91
  [1985/21778   9.1%] exit 1 U1,U1,L3,U3,L3,D1,D3: exhausted states 1,551 best 20 0.003s | cpu 36m54s wall 56m22s eta~12h39m best 91
  [1986/21778   9.1%] exit 1 L1,U1,L1,U2,U2,L2,U2: exhausted states 3,490 best 24 0.004s | cpu 36m54s wall 56m22s eta~12h39m best 91
  [1987/21778   9.1%] exit 1 U1,L2,U3,L2,U2,L1,D1: exhausted states 126,714 best 42 0.275s | cpu 36m54s wall 56m22s eta~12h38m best 91
  [1988/21778   9.1%] exit 1 U1,L3,U2,L2,U3,U1,R2: exhausted states 432 best 23 0.001s | cpu 36m54s wall 56m22s eta~12h38m best 91
  [1989/21778   9.1%] exit 1 U1,L1,U2,L3,L1,U3,U2: exhausted states 546 best 16 0.001s | cpu 36m54s wall 56m22s eta~12h37m best 91
  [1990/21778   9.1%] exit 1 U1,U1,U3,L1,D1,L1,D2: exhausted states 77 best 10 0.0s | cpu 36m54s wall 56m22s eta~12h37m best 91
  [1991/21778   9.1%] exit 1 L1,U1,U1,U3,U2,R3,R1: exhausted states 12,503 best 27 0.023s | cpu 36m54s wall 56m22s eta~12h36m best 91
  [1992/21778   9.1%] exit 1 U1,U1,U3,U2,R3,D1,D1: exhausted states 359,296 best 44 2.275s | cpu 36m56s wall 56m24s eta~12h36m best 91
  [1993/21778   9.2%] exit 1 U1,L2,L2,L1,U1,U3,R1: exhausted states 3,216 best 22 0.004s | cpu 36m56s wall 56m24s eta~12h36m best 91
  [1994/21778   9.2%] exit 1 U1,U1,U3,L3,D2,L2,D1: exhausted states 1,146 best 21 0.002s | cpu 36m56s wall 56m24s eta~12h35m best 91
  [1995/21778   9.2%] exit 1 U1,L3,L1,U3,L1,D2,D1: exhausted states 2 best 7 0.0s | cpu 36m56s wall 56m24s eta~12h35m best 91
  [1996/21778   9.2%] exit 1 U1,L3,U3,L1,U2,L1,D1: exhausted states 4,426 best 19 0.005s | cpu 36m56s wall 56m24s eta~12h34m best 91
  [1997/21778   9.2%] exit 1 L1,L1,U1,U3,L1,U2,U2: exhausted states 3,009 best 24 0.002s | cpu 36m56s wall 56m24s eta~12h33m best 91
  [1998/21778   9.2%] exit 1 U1,L1,L3,U3,U1,R2,U3: exhausted states 597 best 16 0.001s | cpu 36m56s wall 56m24s eta~12h33m best 91
  [1999/21778   9.2%] exit 1 U1,U1,L3,L2,U2,L1,U1: exhausted states 3 best 7 0.0s | cpu 36m56s wall 56m24s eta~12h32m best 91
  [2000/21778   9.2%] exit 1 L1,U1,U1,L3,L1,U3,U2: exhausted states 1,154 best 16 0.001s | cpu 36m56s wall 56m24s eta~12h32m best 91
  [2001/21778   9.2%] exit 1 U1,L1,U3,L1,L3,U3,R1: exhausted states 3,096 best 21 0.003s | cpu 36m56s wall 56m24s eta~12h31m best 91
  [2002/21778   9.2%] exit 1 U1,R1,U2,U2,U2,L1,L3: exhausted states 387,368 best 53 0.785s | cpu 36m57s wall 56m25s eta~12h31m best 91
  [2003/21778   9.2%] exit 1 L1,U1,L2,U3,R2,U1,R2: exhausted states 3,816 best 21 0.007s | cpu 36m57s wall 56m25s eta~12h30m best 91
  [2004/21778   9.2%] exit 1 U1,U1,L3,U1,U1,R1,R1: exhausted states 4 best 8 0.0s | cpu 36m57s wall 56m25s eta~12h30m best 91
  [2005/21778   9.2%] exit 1 R1,U1,U3,U1,L1,L1,D3: exhausted states 6,680 best 24 0.007s | cpu 36m57s wall 56m25s eta~12h29m best 91
  [2006/21778   9.2%] exit 1 U1,L2,U2,L2,U3,L2,D3: exhausted states 13 best 9 0.0s | cpu 36m57s wall 56m25s eta~12h29m best 91
  [2007/21778   9.2%] exit 1 U1,U1,L3,U2,L2,U3,L1: exhausted states 73 best 12 0.0s | cpu 36m57s wall 56m25s eta~12h28m best 91
  [2008/21778   9.2%] exit 1 L1,U1,L1,L3,U3,R1,U2: exhausted states 1,562,657 best 63 11.813s | cpu 37m09s wall 56m37s eta~12h30m best 91
  [2009/21778   9.2%] exit 1 U1,L3,U1,L2,L1,U1,U3: exhausted states 1,803 best 24 0.003s | cpu 37m09s wall 56m37s eta~12h30m best 91
  [2010/21778   9.2%] exit 1 U1,L3,L1,U1,U3,L2,D3: exhausted states 29 best 10 0.0s | cpu 37m09s wall 56m37s eta~12h29m best 91
  [2011/21778   9.2%] exit 1 U1,L1,U3,U1,L2,U1,L1: exhausted states 3 best 7 0.0s | cpu 37m09s wall 56m37s eta~12h29m best 91
  [2012/21778   9.2%] exit 1 U1,L2,L2,U1,U1,R3,R1: exhausted states 100 best 13 0.0s | cpu 37m09s wall 56m37s eta~12h28m best 91
  [2013/21778   9.2%] exit 1 U1,L2,U2,L1,U1,U1,L3: exhausted states 2 best 7 0.0s | cpu 37m09s wall 56m37s eta~12h28m best 91
  [2014/21778   9.2%] exit 1 L1,U1,U3,U2,L2,L1,U1: exhausted states 3 best 7 0.0s | cpu 37m09s wall 56m37s eta~12h27m best 91
  [2015/21778   9.3%] exit 1 L1,U1,L3,U2,R2,U2,L1: exhausted states 18,882 best 32 0.041s | cpu 37m09s wall 56m37s eta~12h27m best 91
  [2016/21778   9.3%] exit 1 U1,L2,U3,L1,D2,D2,L1: exhausted states 7 best 8 0.0s | cpu 37m09s wall 56m37s eta~12h26m best 91
  [2017/21778   9.3%] exit 1 U1,U1,L3,L1,D3,L2,U3: exhausted states 341 best 15 0.001s | cpu 37m09s wall 56m37s eta~12h26m best 91
  [2018/21778   9.3%] exit 1 U1,L2,U2,U2,L2,D2,L2: exhausted states 5,266 best 27 0.009s | cpu 37m09s wall 56m37s eta~12h25m best 91
  [2019/21778   9.3%] exit 1 U1,L1,U2,U1,U3,R2,D1: exhausted states 48 best 11 0.0s | cpu 37m09s wall 56m37s eta~12h24m best 91
  [2020/21778   9.3%] exit 1 U1,L3,U2,U2,L1,U2,L1: exhausted states 113 best 14 0.0s | cpu 37m09s wall 56m37s eta~12h24m best 91
  [2021/21778   9.3%] exit 1 U1,L1,L3,U3,U1,U1,L3: exhausted states 2 best 7 0.0s | cpu 37m09s wall 56m37s eta~12h23m best 91
  [2022/21778   9.3%] exit 1 U1,L1,L3,U2,U2,R1,U3: exhausted states 559 best 16 0.001s | cpu 37m09s wall 56m37s eta~12h23m best 91
  [2023/21778   9.3%] exit 1 U1,L2,L2,U2,R2,U1,L2: exhausted states 14,125 best 28 0.045s | cpu 37m09s wall 56m37s eta~12h22m best 91
  [2024/21778   9.3%] exit 1 U1,U1,U3,L1,D3,L1,D3: exhausted states 137 best 12 0.0s | cpu 37m09s wall 56m37s eta~12h22m best 91
  [2025/21778   9.3%] exit 1 U1,L1,U2,L2,D2,L1,D1: exhausted states 3 best 7 0.0s | cpu 37m09s wall 56m37s eta~12h21m best 91
  [2026/21778   9.3%] exit 1 U1,U1,L2,U1,L2,U3,L1: exhausted states 121 best 13 0.0s | cpu 37m09s wall 56m37s eta~12h21m best 91
  [2027/21778   9.3%] exit 1 U1,L1,U2,U1,L3,L1,D3: exhausted states 29 best 9 0.0s | cpu 37m09s wall 56m37s eta~12h20m best 91
  [2028/21778   9.3%] exit 1 U1,U1,L2,U3,L2,L2,U2: exhausted states 6 best 8 0.0s | cpu 37m09s wall 56m38s eta~12h20m best 91
  [2029/21778   9.3%] exit 1 U1,L3,U3,L3,U2,L1,U1: exhausted states 3 best 7 0.0s | cpu 37m09s wall 56m38s eta~12h19m best 91
  [2030/21778   9.3%] exit 1 U1,L2,U1,R2,U1,R2,U2: exhausted states 5,501 best 26 0.015s | cpu 37m09s wall 56m38s eta~12h19m best 91
  [2031/21778   9.3%] exit 1 U1,L3,U2,U1,L2,L2,U1: exhausted states 7 best 8 0.0s | cpu 37m09s wall 56m38s eta~12h18m best 91
  [2032/21778   9.3%] exit 1 L1,U1,L2,U3,L2,U1,R1: exhausted states 3,272 best 19 0.007s | cpu 37m09s wall 56m38s eta~12h18m best 91
  [2033/21778   9.3%] exit 1 L1,U1,U1,R3,R2,U2,U1: exhausted states 694 best 15 0.001s | cpu 37m09s wall 56m38s eta~12h17m best 91
  [2034/21778   9.3%] exit 1 U1,L3,U3,R3,U2,U2,L3: exhausted states 921 best 15 0.002s | cpu 37m09s wall 56m38s eta~12h17m best 91
  [2035/21778   9.3%] exit 1 U1,U1,L2,L2,L2,D1,D3: exhausted states 10 best 9 0.0s | cpu 37m09s wall 56m38s eta~12h16m best 91
  [2036/21778   9.3%] exit 1 U1,L1,U1,U3,R1,R1,D2: exhausted states 4 best 7 0.0s | cpu 37m09s wall 56m38s eta~12h16m best 91
  [2037/21778   9.4%] exit 1 U1,L3,U1,R2,U1,U3,L1: exhausted states 15,093 best 30 0.047s | cpu 37m09s wall 56m38s eta~12h15m best 91
  [2038/21778   9.4%] exit 1 U1,U1,L2,U2,L2,L1,U3: exhausted states 2 best 7 0.0s | cpu 37m09s wall 56m38s eta~12h15m best 91
  [2039/21778   9.4%] exit 1 U1,L1,U3,U2,U1,L1,L1: exhausted states 57 best 12 0.0s | cpu 37m09s wall 56m38s eta~12h14m best 91
  [2040/21778   9.4%] exit 1 U1,L2,U2,U1,U3,L2,D1: exhausted states 651 best 17 0.001s | cpu 37m09s wall 56m38s eta~12h14m best 91
  [2041/21778   9.4%] exit 1 U1,R2,U2,L1,L3,U1,R2: exhausted states 208,126 best 36 0.822s | cpu 37m10s wall 56m39s eta~12h13m best 91
  [2042/21778   9.4%] exit 1 U1,U1,L2,U1,L3,L2,D3: exhausted states 87 best 11 0.0s | cpu 37m10s wall 56m39s eta~12h13m best 91
  [2043/21778   9.4%] exit 1 U1,R2,U1,L1,L1,L1,U2: exhausted states 295 best 13 0.0s | cpu 37m10s wall 56m39s eta~12h12m best 91
  [2044/21778   9.4%] exit 1 U1,L2,L1,U3,U2,R2,U2: exhausted states 5,436 best 25 0.022s | cpu 37m10s wall 56m39s eta~12h12m best 91
  [2045/21778   9.4%] exit 1 U1,R2,U2,U2,L1,L3,L1: exhausted states 17,026 best 28 0.039s | cpu 37m10s wall 56m39s eta~12h11m best 91
  [2046/21778   9.4%] exit 1 L1,U1,U1,R2,U1,L2,L2: exhausted states 12,941 best 28 0.021s | cpu 37m10s wall 56m39s eta~12h11m best 91
  [2047/21778   9.4%] exit 1 U1,L2,L2,U1,U3,R2,D1: exhausted states 5 best 7 0.0s | cpu 37m10s wall 56m39s eta~12h10m best 91
  [2048/21778   9.4%] exit 1 U1,L2,U3,R3,U1,U1,L2: exhausted states 491 best 15 0.001s | cpu 37m10s wall 56m39s eta~12h10m best 91
  [2049/21778   9.4%] exit 1 U1,L2,L2,D3,L1,U1,U3: exhausted states 18,991 best 36 0.054s | cpu 37m10s wall 56m39s eta~12h09m best 91
  [2050/21778   9.4%] exit 1 U1,L3,U1,L3,U1,R2,R1: exhausted states 306 best 19 0.001s | cpu 37m10s wall 56m39s eta~12h09m best 91
  [2051/21778   9.4%] exit 1 U1,L2,U1,U3,L1,D1,D3: exhausted states 407 best 16 0.001s | cpu 37m10s wall 56m39s eta~12h08m best 91
  [2052/21778   9.4%] exit 1 L1,U1,U3,R1,U2,U2,R1: exhausted states 7 best 8 0.0s | cpu 37m10s wall 56m39s eta~12h08m best 91
  [2053/21778   9.4%] exit 1 U1,U1,L3,U3,U2,L1,D1: exhausted states 431 best 13 0.0s | cpu 37m10s wall 56m39s eta~12h07m best 91
  [2054/21778   9.4%] exit 1 U1,L3,U2,R3,U1,L2,L2: exhausted states 161 best 11 0.0s | cpu 37m10s wall 56m39s eta~12h07m best 91
  [2055/21778   9.4%] exit 1 U1,U1,L3,L2,U1,L1,U3: exhausted states 2 best 7 0.0s | cpu 37m10s wall 56m39s eta~12h06m best 91
  [2056/21778   9.4%] exit 1 U1,L2,U1,U1,U3,L3,L2: exhausted states 174 best 14 0.0s | cpu 37m10s wall 56m39s eta~12h06m best 91
  [2057/21778   9.4%] exit 1 U1,L3,U2,U2,R3,U1,L1: exhausted states 176 best 13 0.0s | cpu 37m10s wall 56m39s eta~12h05m best 91
  [2058/21778   9.4%] exit 1 U1,L3,U3,L3,U2,R1,U2: exhausted states 75 best 11 0.0s | cpu 37m10s wall 56m39s eta~12h05m best 91
  [2059/21778   9.5%] exit 1 U1,U1,L1,U3,L1,L1,D2: exhausted states 75 best 11 0.0s | cpu 37m10s wall 56m39s eta~12h04m best 91
  [2060/21778   9.5%] exit 1 U1,L2,U3,R2,U2,R2,U1: exhausted states 35,453 best 38 0.134s | cpu 37m10s wall 56m39s eta~12h04m best 91
  [2061/21778   9.5%] exit 1 U1,L2,L1,U3,U2,R2,U1: exhausted states 12,087 best 30 0.027s | cpu 37m10s wall 56m39s eta~12h03m best 91
  [2062/21778   9.5%] exit 1 U1,L3,U1,L2,U2,L2,D1: exhausted states 6 best 7 0.0s | cpu 37m10s wall 56m39s eta~12h03m best 91
  [2063/21778   9.5%] exit 1 U1,L3,U2,U1,R3,U1,R1: exhausted states 3 best 7 0.0s | cpu 37m10s wall 56m39s eta~12h02m best 91
  [2064/21778   9.5%] exit 1 U1,L2,U1,U3,L2,U3,R1: exhausted states 42,933 best 33 0.143s | cpu 37m10s wall 56m39s eta~12h02m best 91
  [2065/21778   9.5%] exit 1 U1,L1,L1,U2,U2,R1,U1: exhausted states 100 best 11 0.0s | cpu 37m10s wall 56m39s eta~12h01m best 91
  [2066/21778   9.5%] exit 1 U1,L3,L2,U1,L1,U3,U2: exhausted states 476 best 16 0.001s | cpu 37m10s wall 56m39s eta~12h01m best 91
  [2067/21778   9.5%] exit 1 U1,R3,U3,U2,L1,L3,D1: exhausted states 1,549 best 18 0.002s | cpu 37m10s wall 56m39s eta~12h00m best 91
  [2068/21778   9.5%] exit 1 U1,R2,U2,L1,L1,U1,L3: exhausted states 601 best 14 0.001s | cpu 37m10s wall 56m39s eta~12h00m best 91
  [2069/21778   9.5%] exit 1 U1,L3,U3,L2,U3,L2,D3: exhausted states 13 best 10 0.0s | cpu 37m10s wall 56m40s eta~11h59m best 91
  [2070/21778   9.5%] exit 1 L1,U1,L1,U1,U3,L2,D2: exhausted states 13 best 9 0.0s | cpu 37m10s wall 56m40s eta~11h59m best 91
  [2071/21778   9.5%] exit 1 U1,L2,U1,L2,L1,D2,D2: exhausted states 7 best 8 0.0s | cpu 37m10s wall 56m40s eta~11h58m best 91
  [2072/21778   9.5%] exit 1 U1,L3,U1,L2,U2,R3,U1: exhausted states 102 best 12 0.0s | cpu 37m10s wall 56m40s eta~11h58m best 91
  [2073/21778   9.5%] exit 1 U1,L2,U3,R3,U1,R1,U3: exhausted states 2 best 7 0.0s | cpu 37m10s wall 56m40s eta~11h57m best 91
  [2074/21778   9.5%] exit 1 U1,L2,U1,L2,U1,U3,R2: exhausted states 8,860 best 26 0.036s | cpu 37m10s wall 56m40s eta~11h57m best 91
  [2075/21778   9.5%] exit 1 U1,L1,U2,L1,L1,U3,U1: exhausted states 318 best 13 0.0s | cpu 37m10s wall 56m40s eta~11h56m best 91
  [2076/21778   9.5%] exit 1 U1,U1,U1,L1,L3,U3,L2: exhausted states 120 best 13 0.0s | cpu 37m10s wall 56m40s eta~11h56m best 91
  [2077/21778   9.5%] exit 1 U1,L3,L2,U1,U3,U1,L1: exhausted states 3 best 7 0.0s | cpu 37m10s wall 56m40s eta~11h55m best 91
  [2078/21778   9.5%] exit 1 U1,L2,U3,R3,U1,R3,U1: exhausted states 681 best 17 0.001s | cpu 37m10s wall 56m40s eta~11h55m best 91
  [2079/21778   9.5%] exit 1 U1,L1,U2,L2,D1,L1,D2: exhausted states 2 best 7 0.0s | cpu 37m10s wall 56m40s eta~11h54m best 91
  [2080/21778   9.6%] exit 1 L1,U1,U3,U2,L3,D3,D2: exhausted states 310 best 19 0.001s | cpu 37m10s wall 56m40s eta~11h54m best 91
  [2081/21778   9.6%] exit 1 U1,L2,U3,U2,R1,U3,R2: exhausted states 23 best 10 0.0s | cpu 37m10s wall 56m40s eta~11h53m best 91
  [2082/21778   9.6%] exit 1 U1,R1,U2,U1,L1,U2,L2: exhausted states 11,398 best 26 0.014s | cpu 37m10s wall 56m40s eta~11h53m best 91
  [2083/21778   9.6%] exit 1 U1,L3,U3,U1,L3,U2,R1: exhausted states 40 best 11 0.0s | cpu 37m10s wall 56m40s eta~11h52m best 91
  [2084/21778   9.6%] exit 1 U1,L3,U2,L3,L2,U2,R1: exhausted states 431 best 13 0.001s | cpu 37m10s wall 56m40s eta~11h52m best 91
  [2085/21778   9.6%] exit 1 U1,L1,U3,L2,U1,L3,U3: exhausted states 72 best 12 0.0s | cpu 37m10s wall 56m40s eta~11h51m best 91
  [2086/21778   9.6%] exit 1 U1,L3,U1,L3,L1,U1,U3: exhausted states 338 best 16 0.001s | cpu 37m10s wall 56m40s eta~11h51m best 91
  [2087/21778   9.6%] exit 1 U1,L3,U3,R1,U2,R2,D2: exhausted states 1 best 7 0.0s | cpu 37m10s wall 56m40s eta~11h50m best 91
  [2088/21778   9.6%] exit 1 U1,L1,U1,L2,U3,L3,D2: exhausted states 29 best 10 0.0s | cpu 37m10s wall 56m40s eta~11h50m best 91
  [2089/21778   9.6%] exit 1 U1,U1,L2,L2,U1,R3,U2: exhausted states 32 best 9 0.0s | cpu 37m10s wall 56m40s eta~11h49m best 91
  [2090/21778   9.6%] exit 1 L1,U1,L3,U1,R3,R2,R2: exhausted states 473 best 14 0.001s | cpu 37m10s wall 56m40s eta~11h49m best 91
  [2091/21778   9.6%] exit 1 U1,L1,U1,L1,U3,L2,D2: exhausted states 29 best 10 0.0s | cpu 37m10s wall 56m40s eta~11h48m best 91
  [2092/21778   9.6%] exit 1 L1,U1,U3,U2,R3,R2,U2: exhausted states 6 best 8 0.0s | cpu 37m10s wall 56m40s eta~11h48m best 91
  [2093/21778   9.6%] exit 1 U1,L1,U1,U1,L2,U2,R2: exhausted states 163 best 12 0.001s | cpu 37m10s wall 56m40s eta~11h47m best 91
  [2094/21778   9.6%] exit 1 U1,U1,L1,U2,U1,L3,L2: exhausted states 88 best 12 0.0s | cpu 37m10s wall 56m40s eta~11h47m best 91
  [2095/21778   9.6%] exit 1 U1,U1,L2,U1,L1,L3,U3: exhausted states 270 best 19 0.001s | cpu 37m10s wall 56m40s eta~11h46m best 91
  [2096/21778   9.6%] exit 1 U1,L1,U1,L1,U1,L2,U2: exhausted states 6 best 8 0.0s | cpu 37m10s wall 56m40s eta~11h46m best 91
  [2097/21778   9.6%] exit 1 U1,R3,U2,U1,L1,L1,U3: exhausted states 6,779 best 26 0.016s | cpu 37m10s wall 56m40s eta~11h45m best 91
  [2098/21778   9.6%] exit 1 L1,U1,L2,L2,U1,U3,U1: exhausted states 685 best 16 0.001s | cpu 37m10s wall 56m40s eta~11h45m best 91
  [2099/21778   9.6%] exit 1 U1,L1,U2,U1,U1,L3,L1: exhausted states 66 best 11 0.0s | cpu 37m10s wall 56m40s eta~11h45m best 91
  [2100/21778   9.6%] exit 1 U1,U1,R2,U2,U2,L1,L1: exhausted states 150,159 best 51 0.426s | cpu 37m11s wall 56m41s eta~11h44m best 91
  [2101/21778   9.6%] exit 1 U1,L2,U2,L3,U2,U1,R2: exhausted states 362 best 17 0.001s | cpu 37m11s wall 56m41s eta~11h44m best 91
  [2102/21778   9.7%] exit 1 L1,U1,L2,U3,U2,R1,D1: exhausted states 5 best 7 0.0s | cpu 37m11s wall 56m41s eta~11h43m best 91
  [2103/21778   9.7%] exit 1 U1,L2,U1,U1,L3,L2,U2: exhausted states 6 best 8 0.0s | cpu 37m11s wall 56m41s eta~11h43m best 91
  [2104/21778   9.7%] exit 1 U1,R1,U1,U3,L1,L1,D1: exhausted states 1,259 best 18 0.002s | cpu 37m11s wall 56m41s eta~11h42m best 91
  [2105/21778   9.7%] exit 1 U1,L2,U3,L1,U3,U2,L2: exhausted states 6 best 8 0.0s | cpu 37m11s wall 56m41s eta~11h42m best 91
  [2106/21778   9.7%] exit 1 U1,R2,U2,L1,L3,D1,L1: exhausted states 30,210 best 28 0.053s | cpu 37m11s wall 56m41s eta~11h41m best 91
  [2107/21778   9.7%] exit 1 U1,L2,U1,L3,U2,U2,L3: exhausted states 6 best 8 0.0s | cpu 37m11s wall 56m41s eta~11h41m best 91
  [2108/21778   9.7%] exit 1 U1,L1,L1,U2,U2,U2,R1: exhausted states 318 best 13 0.0s | cpu 37m11s wall 56m41s eta~11h40m best 91
  [2109/21778   9.7%] exit 1 U1,L3,U1,U3,L1,U3,L1: exhausted states 97 best 13 0.0s | cpu 37m11s wall 56m41s eta~11h40m best 91
  [2110/21778   9.7%] exit 1 U1,R3,U1,U3,L1,U2,L1: exhausted states 2,822,612 best 77 40.986s | cpu 37m52s wall 57m22s eta~11h48m best 91
  [2111/21778   9.7%] exit 1 U1,U1,L3,L2,U1,U1,R3: exhausted states 18 best 10 0.0s | cpu 37m52s wall 57m22s eta~11h47m best 91
  [2112/21778   9.7%] exit 1 U1,L3,U3,L1,U1,L3,U1: exhausted states 145 best 13 0.0s | cpu 37m52s wall 57m22s eta~11h47m best 91
  [2113/21778   9.7%] exit 1 U1,L2,U2,R3,U1,U3,R2: exhausted states 28 best 13 0.0s | cpu 37m52s wall 57m22s eta~11h46m best 91
  [2114/21778   9.7%] exit 1 L1,U1,U3,U1,L2,U2,L1: exhausted states 7 best 8 0.0s | cpu 37m52s wall 57m22s eta~11h46m best 91
  [2115/21778   9.7%] exit 1 U1,L2,U2,L2,U2,L1,U3: exhausted states 2 best 7 0.0s | cpu 37m52s wall 57m22s eta~11h45m best 91
  [2116/21778   9.7%] exit 1 U1,U1,L2,L2,U3,L3,D3: exhausted states 29 best 10 0.0s | cpu 37m52s wall 57m22s eta~11h45m best 91
  [2117/21778   9.7%] exit 1 L1,U1,L1,U2,U1,R2,R1: exhausted states 777 best 19 0.001s | cpu 37m52s wall 57m22s eta~11h45m best 91
  [2118/21778   9.7%] exit 1 U1,U1,L2,L2,U2,U1,R1: exhausted states 19 best 9 0.0s | cpu 37m52s wall 57m22s eta~11h44m best 91
  [2119/21778   9.7%] exit 1 U1,L2,L1,U3,L1,U3,U2: exhausted states 7,108 best 26 0.019s | cpu 37m52s wall 57m22s eta~11h44m best 91
  [2120/21778   9.7%] exit 1 U1,L2,L1,U3,L3,U3,U1: exhausted states 5,206 best 26 0.015s | cpu 37m52s wall 57m22s eta~11h43m best 91
  [2121/21778   9.7%] exit 1 L1,L1,U1,U3,U1,R2,U1: exhausted states 3,086 best 28 0.004s | cpu 37m52s wall 57m22s eta~11h43m best 91
  [2122/21778   9.7%] exit 1 U1,U1,L1,U1,L3,L1,D2: exhausted states 75 best 11 0.0s | cpu 37m52s wall 57m22s eta~11h42m best 91
  [2123/21778   9.7%] exit 1 L1,U1,U3,L3,U3,R3,R1: exhausted states 162 best 13 0.0s | cpu 37m52s wall 57m22s eta~11h42m best 91
  [2124/21778   9.8%] exit 1 U1,L3,U1,U3,L2,L2,U3: exhausted states 6 best 8 0.0s | cpu 37m52s wall 57m22s eta~11h41m best 91
  [2125/21778   9.8%] exit 1 U1,L2,U3,L2,L2,D1,R1: exhausted states 7 best 8 0.0s | cpu 37m52s wall 57m22s eta~11h41m best 91
  [2126/21778   9.8%] exit 1 U1,L3,L2,U1,R2,U1,U3: exhausted states 4,291 best 25 0.007s | cpu 37m52s wall 57m22s eta~11h40m best 91
  [2127/21778   9.8%] exit 1 U1,L2,L1,U2,L3,U3,R1: exhausted states 20,356 best 32 0.066s | cpu 37m52s wall 57m22s eta~11h40m best 91
  [2128/21778   9.8%] exit 1 U1,L1,U1,L3,U3,L2,D1: exhausted states 32 best 10 0.0s | cpu 37m52s wall 57m22s eta~11h39m best 91
  [2129/21778   9.8%] exit 1 U1,U1,U3,L2,D1,L2,U1: exhausted states 6,744,276 best 62 126.827s | cpu 39m59s wall 59m29s eta~12h05m best 91
  [2130/21778   9.8%] exit 1 U1,L1,U2,U1,R2,R1,U3: exhausted states 2 best 7 0.0s | cpu 39m59s wall 59m29s eta~12h04m best 91
  [2131/21778   9.8%] exit 1 L1,U1,U1,L3,U3,R1,R1: exhausted states 126 best 11 0.0s | cpu 39m59s wall 59m29s eta~12h04m best 91
  [2132/21778   9.8%] exit 1 U1,U1,L1,U1,L1,L3,D2: exhausted states 87 best 11 0.0s | cpu 39m59s wall 59m29s eta~12h03m best 91
  [2133/21778   9.8%] exit 1 U1,L2,U1,U1,R1,U2,R2: exhausted states 6 best 8 0.0s | cpu 39m59s wall 59m29s eta~12h03m best 91
  [2134/21778   9.8%] exit 1 U1,L2,U2,L1,D3,L2,U3: exhausted states 3,433 best 25 0.006s | cpu 39m59s wall 59m29s eta~12h02m best 91
  [2135/21778   9.8%] exit 1 R1,U1,U3,U2,U2,L1,L1: exhausted states 12,068,986 best 69 157.342s | cpu 42m36s wall 1h02m eta~12h34m best 91
  [2136/21778   9.8%] exit 1 U1,L2,U3,R1,U2,U2,L3: exhausted states 809 best 15 0.001s | cpu 42m36s wall 1h02m eta~12h33m best 91
  [2137/21778   9.8%] exit 1 U1,L3,U1,L1,U3,L3,D3: exhausted states 29 best 10 0.0s | cpu 42m36s wall 1h02m eta~12h33m best 91
  [2138/21778   9.8%] exit 1 L1,U1,U3,R3,U1,L2,U1: exhausted states 4,904 best 26 0.011s | cpu 42m36s wall 1h02m eta~12h32m best 91
  [2139/21778   9.8%] exit 1 U1,U1,L1,L1,D3,L1,D3: exhausted states 2 best 7 0.0s | cpu 42m36s wall 1h02m eta~12h32m best 91
  [2140/21778   9.8%] exit 1 U1,L1,U3,U1,U3,L3,L1: exhausted states 185 best 16 0.0s | cpu 42m36s wall 1h02m eta~12h31m best 91
  [2141/21778   9.8%] exit 1 U1,L1,U1,U3,L3,U1,L3: exhausted states 2 best 7 0.0s | cpu 42m36s wall 1h02m eta~12h31m best 91
  [2142/21778   9.8%] exit 1 U1,L2,U1,U3,L2,D2,D1: exhausted states 86,274 best 39 0.698s | cpu 42m37s wall 1h02m eta~12h30m best 91
  [2143/21778   9.8%] exit 1 U1,U1,L3,L2,U1,L1,U1: exhausted states 3 best 7 0.0s | cpu 42m37s wall 1h02m eta~12h30m best 91
  [2144/21778   9.8%] exit 1 L1,U1,U1,L3,U2,R1,U1: exhausted states 184 best 12 0.0s | cpu 42m37s wall 1h02m eta~12h29m best 91
  [2145/21778   9.8%] exit 1 U1,U1,U3,L1,D3,L2,D1: exhausted states 154 best 15 0.0s | cpu 42m37s wall 1h02m eta~12h29m best 91
  [2146/21778   9.9%] exit 1 L1,U1,U1,U1,R3,U2,L2: exhausted states 157 best 13 0.0s | cpu 42m37s wall 1h02m eta~12h28m best 91
  [2147/21778   9.9%] exit 1 U1,L2,U3,U2,U2,L1,L3: exhausted states 46 best 12 0.0s | cpu 42m37s wall 1h02m eta~12h28m best 91
  [2148/21778   9.9%] exit 1 U1,L2,U2,L3,U3,U2,R3: exhausted states 666 best 19 0.001s | cpu 42m37s wall 1h02m eta~12h27m best 91
  [2149/21778   9.9%] exit 1 L1,L1,U1,U1,R1,U1,U3: exhausted states 1,136 best 16 0.001s | cpu 42m37s wall 1h02m eta~12h27m best 91
  [2150/21778   9.9%] exit 1 U1,U1,L2,L1,U1,U3,R3: exhausted states 200 best 15 0.0s | cpu 42m37s wall 1h02m eta~12h26m best 91
  [2151/21778   9.9%] exit 1 U1,U1,U1,L3,U2,R2,R2: exhausted states 1 best 7 0.0s | cpu 42m37s wall 1h02m eta~12h26m best 91
  [2152/21778   9.9%] exit 1 U1,U1,U1,L3,U3,L2,D1: exhausted states 1,799 best 20 0.002s | cpu 42m37s wall 1h02m eta~12h25m best 91
  [2153/21778   9.9%] exit 1 U1,L3,U2,L1,U1,U1,R3: exhausted states 87 best 11 0.0s | cpu 42m37s wall 1h02m eta~12h25m best 91
  [2154/21778   9.9%] exit 1 U1,L2,L1,U1,U3,U1,R2: exhausted states 2,374 best 24 0.005s | cpu 42m37s wall 1h02m eta~12h24m best 91
  [2155/21778   9.9%] exit 1 L1,U1,U1,U3,L1,L1,U2: exhausted states 2 best 7 0.0s | cpu 42m37s wall 1h02m eta~12h24m best 91
  [2156/21778   9.9%] exit 1 U1,L2,U2,L3,D3,L2,U3: exhausted states 4,479 best 23 0.014s | cpu 42m37s wall 1h02m eta~12h23m best 91
  [2157/21778   9.9%] exit 1 L1,L1,U1,U3,U2,L1,U1: exhausted states 3 best 7 0.0s | cpu 42m37s wall 1h02m eta~12h23m best 91
  [2158/21778   9.9%] exit 1 U1,L2,U2,L1,L1,U3,U2: exhausted states 945 best 21 0.001s | cpu 42m37s wall 1h02m eta~12h22m best 91
  [2159/21778   9.9%] exit 1 U1,L2,L1,L1,U1,U1,U3: exhausted states 44,303 best 38 0.114s | cpu 42m37s wall 1h02m eta~12h22m best 91
  [2160/21778   9.9%] exit 1 U1,U1,R3,U3,L1,L1,U1: exhausted states 2,032 best 18 0.002s | cpu 42m37s wall 1h02m eta~12h21m best 91
  [2161/21778   9.9%] exit 1 U1,L2,U2,U2,L2,L1,D3: exhausted states 16 best 9 0.0s | cpu 42m37s wall 1h02m eta~12h21m best 91
  [2162/21778   9.9%] exit 1 U1,U1,L2,L2,U1,U3,R3: exhausted states 19 best 9 0.0s | cpu 42m37s wall 1h02m eta~12h20m best 91
  [2163/21778   9.9%] exit 1 U1,L3,U3,U1,R2,R2,D2: exhausted states 2 best 7 0.0s | cpu 42m37s wall 1h02m eta~12h20m best 91
  [2164/21778   9.9%] exit 1 U1,L3,L1,U1,U1,L1,U2: exhausted states 2 best 7 0.0s | cpu 42m37s wall 1h02m eta~12h20m best 91
  [2165/21778   9.9%] exit 1 U1,R3,U2,L1,U1,U3,L3: exhausted states 47,548 best 37 0.172s | cpu 42m37s wall 1h02m eta~12h19m best 91
  [2166/21778   9.9%] exit 1 U1,L1,U3,U1,R3,U2,L1: exhausted states 344 best 15 0.0s | cpu 42m37s wall 1h02m eta~12h19m best 91
  [2167/21778  10.0%] exit 1 L1,L1,U1,U3,L2,U3,U2: exhausted states 46,693 best 33 0.12s | cpu 42m37s wall 1h02m eta~12h18m best 91
  [2168/21778  10.0%] exit 1 U1,L2,L1,U1,U3,U1,L3: exhausted states 2 best 7 0.0s | cpu 42m37s wall 1h02m eta~12h18m best 91
  [2169/21778  10.0%] exit 1 U1,U1,L1,L3,U1,L3,U3: exhausted states 176 best 13 0.0s | cpu 42m37s wall 1h02m eta~12h17m best 91
  [2170/21778  10.0%] exit 1 U1,L1,U2,U2,R2,U2,L1: exhausted states 1,158 best 21 0.002s | cpu 42m37s wall 1h02m eta~12h17m best 91
  [2171/21778  10.0%] exit 1 U1,L1,U3,L3,D3,L1,U2: exhausted states 1,565 best 18 0.002s | cpu 42m37s wall 1h02m eta~12h16m best 91
  [2172/21778  10.0%] exit 1 U1,L2,U2,U2,R2,U1,L2: exhausted states 12,801 best 34 0.028s | cpu 42m37s wall 1h02m eta~12h16m best 91
  [2173/21778  10.0%] exit 1 U1,L3,U3,L1,D1,D1,L1: exhausted states 3 best 7 0.0s | cpu 42m37s wall 1h02m eta~12h15m best 91
  [2174/21778  10.0%] exit 1 U1,L3,U2,R2,U2,U2,L1: exhausted states 14,881 best 32 0.038s | cpu 42m37s wall 1h02m eta~12h15m best 91
  [2175/21778  10.0%] exit 1 L1,U1,L2,U3,L2,D3,D1: exhausted states 2 best 7 0.0s | cpu 42m37s wall 1h02m eta~12h14m best 91
  [2176/21778  10.0%] exit 1 L1,U1,U1,R3,R2,U2,L1: exhausted states 1,859 best 15 0.002s | cpu 42m37s wall 1h02m eta~12h14m best 91
  [2177/21778  10.0%] exit 1 U1,L3,U1,U3,U2,R2,R2: exhausted states 147,095 best 36 0.87s | cpu 42m38s wall 1h02m eta~12h14m best 91
  [2178/21778  10.0%] exit 1 U1,L3,L2,U3,R2,U1,U1: exhausted states 1,576 best 22 0.002s | cpu 42m38s wall 1h02m eta~12h13m best 91
  [2179/21778  10.0%] exit 1 U1,L3,L2,U3,L2,D2,D2: exhausted states 1 best 7 0.0s | cpu 42m38s wall 1h02m eta~12h13m best 91
  [2180/21778  10.0%] exit 1 U1,U1,U1,L2,U3,R1,R1: exhausted states 7 best 8 0.0s | cpu 42m38s wall 1h02m eta~12h12m best 91
  [2181/21778  10.0%] exit 1 U1,L2,L2,U3,U2,R2,D2: exhausted states 3 best 7 0.0s | cpu 42m38s wall 1h02m eta~12h12m best 91
  [2182/21778  10.0%] exit 1 U1,L2,U3,U1,L2,U2,R2: exhausted states 251 best 12 0.0s | cpu 42m38s wall 1h02m eta~12h11m best 91
  [2183/21778  10.0%] exit 1 U1,L1,L3,U3,U2,L2,U1: exhausted states 471,726 best 59 5.397s | cpu 42m44s wall 1h02m eta~12h12m best 91
  [2184/21778  10.0%] exit 1 U1,U1,L1,L1,L3,D2,D1: exhausted states 8 best 8 0.0s | cpu 42m44s wall 1h02m eta~12h11m best 91
  [2185/21778  10.0%] exit 1 U1,L3,U3,L2,U2,L1,U2: exhausted states 2 best 7 0.0s | cpu 42m44s wall 1h02m eta~12h11m best 91
  [2186/21778  10.0%] exit 1 U1,L3,U2,L3,U3,R1,R1: exhausted states 62 best 11 0.0s | cpu 42m44s wall 1h02m eta~12h10m best 91
  [2187/21778  10.0%] exit 1 U1,R1,U3,U1,L1,L3,D3: exhausted states 2,245 best 24 0.003s | cpu 42m44s wall 1h02m eta~12h10m best 91
  [2188/21778  10.0%] exit 1 L1,U1,U3,L1,L3,U3,U2: exhausted states 9,483 best 39 0.017s | cpu 42m44s wall 1h02m eta~12h09m best 91
  [2189/21778  10.1%] exit 1 U1,L1,L3,L1,U2,U2,U2: exhausted states 958,033 best 50 13.694s | cpu 42m57s wall 1h02m eta~12h12m best 91
  [2190/21778  10.1%] exit 1 U1,U1,L3,U1,R3,U1,R1: exhausted states 3 best 7 0.0s | cpu 42m57s wall 1h02m eta~12h11m best 91
  [2191/21778  10.1%] exit 1 U1,L2,U1,U1,U3,L1,L3: exhausted states 255 best 16 0.001s | cpu 42m57s wall 1h02m eta~12h11m best 91
  [2192/21778  10.1%] exit 1 U1,L1,U1,U3,R3,U2,L3: exhausted states 1,357 best 18 0.004s | cpu 42m57s wall 1h02m eta~12h10m best 91
  [2193/21778  10.1%] exit 1 U1,L1,U3,L3,U2,R2,R1: exhausted states 3,842 best 25 0.012s | cpu 42m57s wall 1h02m eta~12h10m best 91
  [2194/21778  10.1%] exit 1 U1,U1,L3,U3,L2,L1,D2: exhausted states 75 best 11 0.0s | cpu 42m57s wall 1h02m eta~12h09m best 91
  [2195/21778  10.1%] exit 1 U1,L1,U3,U2,L3,U1,L3: exhausted states 2 best 7 0.0s | cpu 42m57s wall 1h02m eta~12h09m best 91
  [2196/21778  10.1%] exit 1 L1,U1,L2,U2,U2,R1,D1: exhausted states 5 best 7 0.0s | cpu 42m57s wall 1h02m eta~12h08m best 91
  [2197/21778  10.1%] exit 1 L1,U1,L3,U1,U3,R1,D3: exhausted states 251 best 14 0.0s | cpu 42m57s wall 1h02m eta~12h08m best 91
  [2198/21778  10.1%] exit 1 U1,U1,L3,U3,L3,L1,D1: exhausted states 78 best 11 0.0s | cpu 42m57s wall 1h02m eta~12h07m best 91
  [2199/21778  10.1%] exit 1 U1,L3,U1,U3,L2,U3,L2: exhausted states 96 best 13 0.0s | cpu 42m57s wall 1h02m eta~12h07m best 91
  [2200/21778  10.1%] exit 1 U1,R3,U1,L1,U1,L2,U1: exhausted states 2,094 best 18 0.003s | cpu 42m57s wall 1h02m eta~12h06m best 91
  [2201/21778  10.1%] exit 1 U1,L2,L2,U2,L3,U1,U1: exhausted states 361 best 16 0.001s | cpu 42m57s wall 1h02m eta~12h06m best 91
  [2202/21778  10.1%] exit 1 L1,U1,U3,R1,U1,R1,U1: exhausted states 3 best 7 0.0s | cpu 42m57s wall 1h02m eta~12h05m best 91
  [2203/21778  10.1%] exit 1 U1,L1,L3,U1,R3,U1,R3: exhausted states 254 best 12 0.0s | cpu 42m57s wall 1h02m eta~12h05m best 91
  [2204/21778  10.1%] exit 1 U1,L3,U3,L3,L2,D2,D2: exhausted states 4 best 9 0.0s | cpu 42m57s wall 1h02m eta~12h05m best 91
  [2205/21778  10.1%] exit 1 L1,U1,L3,U3,L3,D3,D2: exhausted states 1 best 7 0.0s | cpu 42m57s wall 1h02m eta~12h04m best 91
  [2206/21778  10.1%] exit 1 U1,L3,U2,L1,L3,D1,D1: exhausted states 3 best 7 0.0s | cpu 42m57s wall 1h02m eta~12h04m best 91
  [2207/21778  10.1%] exit 1 U1,L3,U1,R2,U1,U3,R1: exhausted states 7 best 9 0.0s | cpu 42m57s wall 1h02m eta~12h03m best 91
  [2208/21778  10.1%] exit 1 U1,L2,U2,L2,U3,L1,U3: exhausted states 2 best 7 0.0s | cpu 42m57s wall 1h02m eta~12h03m best 91
  [2209/21778  10.1%] exit 1 U1,L1,U2,L2,U2,L2,U2: exhausted states 154 best 14 0.0s | cpu 42m57s wall 1h02m eta~12h02m best 91
  [2210/21778  10.1%] exit 1 U1,R3,U2,L1,L1,L1,U3: exhausted states 529 best 13 0.001s | cpu 42m57s wall 1h02m eta~12h02m best 91
  [2211/21778  10.2%] exit 1 U1,L2,U3,R1,U2,U1,R1: exhausted states 3 best 7 0.0s | cpu 42m57s wall 1h02m eta~12h01m best 91
  [2212/21778  10.2%] exit 1 U1,L1,U1,L3,U2,R1,U1: exhausted states 88 best 11 0.0s | cpu 42m57s wall 1h02m eta~12h01m best 91
  [2213/21778  10.2%] exit 1 U1,L1,U3,U2,L3,L2,D1: exhausted states 24 best 10 0.0s | cpu 42m57s wall 1h02m eta~12h00m best 91
  [2214/21778  10.2%] exit 1 U1,U1,L2,L1,U3,L3,U2: exhausted states 270 best 19 0.001s | cpu 42m57s wall 1h02m eta~12h00m best 91
  [2215/21778  10.2%] exit 1 U1,U1,L3,U3,L2,D3,D1: exhausted states 74 best 13 0.0s | cpu 42m57s wall 1h02m eta~11h59m best 91
  [2216/21778  10.2%] exit 1 U1,U1,U3,L2,L1,D1,L2: exhausted states 93 best 11 0.0s | cpu 42m57s wall 1h02m eta~11h59m best 91
  [2217/21778  10.2%] exit 1 U1,L2,U2,R3,U1,L3,U2: exhausted states 611 best 13 0.001s | cpu 42m57s wall 1h02m eta~11h59m best 91
  [2218/21778  10.2%] exit 1 U1,L3,L1,U2,U2,R3,U2: exhausted states 143 best 11 0.0s | cpu 42m57s wall 1h02m eta~11h58m best 91
  [2219/21778  10.2%] exit 1 U1,L2,U3,U2,L2,U2,L3: exhausted states 90 best 14 0.0s | cpu 42m57s wall 1h02m eta~11h58m best 91
  [2220/21778  10.2%] exit 1 U1,L3,U2,U2,L2,L2,U2: exhausted states 6 best 8 0.0s | cpu 42m57s wall 1h02m eta~11h57m best 91
  [2221/21778  10.2%] exit 1 U1,U1,U1,L2,L2,L1,U3: exhausted states 2 best 7 0.0s | cpu 42m57s wall 1h02m eta~11h57m best 91
  [2222/21778  10.2%] exit 1 R1,U1,U1,L1,L1,L1,L3: exhausted states 5,566 best 29 0.008s | cpu 42m57s wall 1h02m eta~11h56m best 91
  [2223/21778  10.2%] exit 1 U1,L2,U3,L3,L2,U3,R1: exhausted states 1,241 best 14 0.002s | cpu 42m57s wall 1h02m eta~11h56m best 91
  [2224/21778  10.2%] exit 1 L1,U1,U3,R1,U1,U3,L1: exhausted states 8,876 best 24 0.014s | cpu 42m57s wall 1h02m eta~11h55m best 91
  [2225/21778  10.2%] exit 1 U1,L3,U3,L1,D2,L2,D3: exhausted states 2 best 8 0.0s | cpu 42m57s wall 1h02m eta~11h55m best 91
  [2226/21778  10.2%] exit 1 L1,U1,L3,U3,R2,U1,R2: exhausted states 8,728 best 31 0.025s | cpu 42m57s wall 1h02m eta~11h55m best 91
  [2227/21778  10.2%] exit 1 U1,L3,U3,U1,L3,U3,L2: exhausted states 48 best 13 0.0s | cpu 42m57s wall 1h02m eta~11h54m best 91
  [2228/21778  10.2%] exit 1 U1,L2,U2,R1,U1,U3,L2: exhausted states 605 best 13 0.001s | cpu 42m57s wall 1h02m eta~11h54m best 91
  [2229/21778  10.2%] exit 1 L1,L1,U1,U1,R3,U2,R3: exhausted states 1,361 best 20 0.002s | cpu 42m57s wall 1h02m eta~11h53m best 91
  [2230/21778  10.2%] exit 1 U1,L1,L3,U3,R1,U2,L1: exhausted states 804,047 best 62 8.727s | cpu 43m06s wall 1h02m eta~11h54m best 91
  [2231/21778  10.2%] exit 1 U1,L3,U3,U2,L1,U3,L3: exhausted states 40 best 12 0.0s | cpu 43m06s wall 1h02m eta~11h54m best 91
  [2232/21778  10.2%] exit 1 U1,L3,U1,L2,U1,L1,U3: exhausted states 2 best 7 0.0s | cpu 43m06s wall 1h02m eta~11h53m best 91
  [2233/21778  10.3%] exit 1 U1,U1,L2,U1,R3,R1,D3: exhausted states 3 best 7 0.0s | cpu 43m06s wall 1h02m eta~11h53m best 91
  [2234/21778  10.3%] exit 1 U1,U1,L1,L3,U3,L1,D2: exhausted states 29 best 10 0.0s | cpu 43m06s wall 1h02m eta~11h53m best 91
  [2235/21778  10.3%] exit 1 U1,L2,L2,U3,U2,L2,D1: exhausted states 6 best 7 0.0s | cpu 43m06s wall 1h02m eta~11h52m best 91
  [2236/21778  10.3%] exit 1 U1,R1,U2,U1,L1,L1,D2: exhausted states 10,996 best 26 0.013s | cpu 43m06s wall 1h02m eta~11h52m best 91
  [2237/21778  10.3%] exit 1 L1,U1,U3,L1,U3,U1,R3: exhausted states 239 best 12 0.0s | cpu 43m06s wall 1h02m eta~11h51m best 91
  [2238/21778  10.3%] exit 1 U1,L3,U1,U1,R3,U1,R1: exhausted states 3 best 7 0.0s | cpu 43m06s wall 1h02m eta~11h51m best 91
  [2239/21778  10.3%] exit 1 U1,U1,L1,U3,U2,L3,D1: exhausted states 431 best 13 0.001s | cpu 43m06s wall 1h02m eta~11h50m best 91
  [2240/21778  10.3%] exit 1 U1,L1,L3,U3,R1,U2,R1: exhausted states 423,225 best 44 5.727s | cpu 43m12s wall 1h02m eta~11h51m best 91
  [2241/21778  10.3%] exit 1 U1,R2,U1,L1,U1,U3,L2: exhausted states 286,756 best 39 1.545s | cpu 43m14s wall 1h02m eta~11h51m best 91
  [2242/21778  10.3%] exit 1 U1,L2,U2,U1,R3,R1,D3: exhausted states 11 best 9 0.0s | cpu 43m14s wall 1h02m eta~11h50m best 91
  [2243/21778  10.3%] exit 1 U1,L3,U3,L1,U2,L1,D3: exhausted states 37 best 12 0.0s | cpu 43m14s wall 1h02m eta~11h50m best 91
  [2244/21778  10.3%] exit 1 U1,L3,U1,U3,R3,U1,R3: exhausted states 2 best 7 0.0s | cpu 43m14s wall 1h02m eta~11h49m best 91
  [2245/21778  10.3%] exit 1 U1,U1,L3,U1,L1,L3,U3: exhausted states 48 best 13 0.0s | cpu 43m14s wall 1h02m eta~11h49m best 91
  [2246/21778  10.3%] exit 1 U1,L1,U1,U1,L3,U1,L3: exhausted states 2 best 7 0.0s | cpu 43m14s wall 1h02m eta~11h49m best 91
  [2247/21778  10.3%] exit 1 L1,U1,U3,U1,R2,U3,R1: exhausted states 29 best 10 0.0s | cpu 43m14s wall 1h02m eta~11h48m best 91
  [2248/21778  10.3%] exit 1 U1,L2,L2,U3,R3,U2,R2: exhausted states 587 best 17 0.001s | cpu 43m14s wall 1h02m eta~11h48m best 91
  [2249/21778  10.3%] exit 1 U1,L3,L2,U1,L3,U1,R1: exhausted states 2,032 best 21 0.002s | cpu 43m14s wall 1h02m eta~11h47m best 91
  [2250/21778  10.3%] exit 1 L1,L1,U1,U1,R1,R3,U2: exhausted states 9,808 best 22 0.015s | cpu 43m14s wall 1h02m eta~11h47m best 91
  [2251/21778  10.3%] exit 1 L1,U1,L2,U3,L2,U2,U2: exhausted states 1,231 best 17 0.001s | cpu 43m14s wall 1h02m eta~11h46m best 91
  [2252/21778  10.3%] exit 1 U1,L2,L2,U2,U2,U2,R1: exhausted states 176 best 13 0.0s | cpu 43m14s wall 1h02m eta~11h46m best 91
  [2253/21778  10.3%] exit 1 U1,L3,U1,L1,U3,L2,D3: exhausted states 29 best 10 0.0s | cpu 43m14s wall 1h02m eta~11h46m best 91
  [2254/21778  10.3%] exit 1 U1,R2,U1,L1,L3,U1,L3: exhausted states 601 best 14 0.001s | cpu 43m14s wall 1h02m eta~11h45m best 91
  [2255/21778  10.4%] exit 1 U1,L3,U2,L3,U1,L2,U3: exhausted states 258 best 16 0.001s | cpu 43m14s wall 1h02m eta~11h45m best 91
  [2256/21778  10.4%] exit 1 U1,U1,L1,U3,U1,L3,L2: exhausted states 330 best 16 0.0s | cpu 43m14s wall 1h02m eta~11h44m best 91
  [2257/21778  10.4%] exit 1 U1,L3,U1,L2,U1,R1,R3: exhausted states 3,151 best 20 0.005s | cpu 43m14s wall 1h02m eta~11h44m best 91
  [2258/21778  10.4%] exit 1 U1,L1,L1,U2,U2,L2,D2: exhausted states 3 best 7 0.0s | cpu 43m14s wall 1h02m eta~11h43m best 91
  [2259/21778  10.4%] exit 1 L1,U1,U1,R3,U2,U1,L3: exhausted states 371 best 13 0.001s | cpu 43m14s wall 1h02m eta~11h43m best 91
  [2260/21778  10.4%] exit 1 L1,U1,U3,L1,U2,U1,L1: exhausted states 3 best 7 0.0s | cpu 43m14s wall 1h02m eta~11h42m best 91
  [2261/21778  10.4%] exit 1 U1,L1,U3,U1,U3,L2,L2: exhausted states 494 best 17 0.001s | cpu 43m14s wall 1h02m eta~11h42m best 91
  [2262/21778  10.4%] exit 1 L1,L1,U1,U1,U1,U3,L1: exhausted states 13 best 9 0.0s | cpu 43m14s wall 1h02m eta~11h42m best 91
  [2263/21778  10.4%] exit 1 L1,U1,U1,R1,U1,R2,U2: exhausted states 6 best 8 0.0s | cpu 43m14s wall 1h02m eta~11h41m best 91
  [2264/21778  10.4%] exit 1 U1,U1,L2,L2,U3,L2,D2: exhausted states 29 best 10 0.0s | cpu 43m14s wall 1h02m eta~11h41m best 91
  [2265/21778  10.4%] exit 1 U1,L1,U1,L3,U2,L2,U1: exhausted states 663 best 16 0.002s | cpu 43m14s wall 1h02m eta~11h40m best 91
  [2266/21778  10.4%] exit 1 L1,L1,U1,U1,R3,U2,U1: exhausted states 294 best 12 0.001s | cpu 43m14s wall 1h02m eta~11h40m best 91
  [2267/21778  10.4%] exit 1 U1,L1,U1,U3,L3,U3,L1: exhausted states 97 best 13 0.0s | cpu 43m14s wall 1h02m eta~11h39m best 91
  [2268/21778  10.4%] exit 1 L1,U1,U3,L2,D1,L2,D3: exhausted states 2 best 8 0.0s | cpu 43m14s wall 1h02m eta~11h39m best 91
  [2269/21778  10.4%] exit 1 U1,L3,U2,R2,U1,U1,L3: exhausted states 18,393 best 31 0.069s | cpu 43m14s wall 1h02m eta~11h39m best 91
  [2270/21778  10.4%] exit 1 U1,L3,U3,U2,R3,D1,R1: exhausted states 3 best 7 0.0s | cpu 43m14s wall 1h02m eta~11h38m best 91
  [2271/21778  10.4%] exit 1 U1,U1,L2,U3,R2,R1,U3: exhausted states 2 best 7 0.0s | cpu 43m14s wall 1h02m eta~11h38m best 91
  [2272/21778  10.4%] exit 1 L1,L1,U1,U3,R2,U2,R3: exhausted states 6,401 best 24 0.018s | cpu 43m14s wall 1h02m eta~11h37m best 91
  [2273/21778  10.4%] exit 1 L1,L1,U1,U1,R1,R1,R3: exhausted states 2,003 best 18 0.005s | cpu 43m14s wall 1h02m eta~11h37m best 91
  [2274/21778  10.4%] exit 1 U1,L2,U2,L2,U3,L2,D1: exhausted states 16 best 9 0.0s | cpu 43m14s wall 1h02m eta~11h36m best 91
  [2275/21778  10.4%] exit 1 U1,L3,U3,L1,D3,D2,L1: exhausted states 7 best 8 0.0s | cpu 43m14s wall 1h02m eta~11h36m best 91
  [2276/21778  10.5%] exit 1 U1,L2,U2,U2,R3,U3,L1: exhausted states 176 best 13 0.001s | cpu 43m14s wall 1h02m eta~11h36m best 91
  [2277/21778  10.5%] exit 1 L1,U1,U1,U3,L2,L1,U1: exhausted states 3 best 7 0.0s | cpu 43m14s wall 1h02m eta~11h35m best 91
  [2278/21778  10.5%] exit 1 L1,U1,L1,L3,U1,U1,R1: exhausted states 43,314 best 29 0.062s | cpu 43m14s wall 1h02m eta~11h35m best 91
  [2279/21778  10.5%] exit 1 U1,L1,L3,U1,U3,R3,U2: exhausted states 2,426 best 21 0.005s | cpu 43m14s wall 1h02m eta~11h34m best 91
  [2280/21778  10.5%] exit 1 L1,U1,L1,U3,L3,D1,D3: exhausted states 1 best 7 0.0s | cpu 43m14s wall 1h02m eta~11h34m best 91
  [2281/21778  10.5%] exit 1 U1,L3,U1,U1,L1,L1,U1: exhausted states 3 best 7 0.0s | cpu 43m14s wall 1h02m eta~11h33m best 91
  [2282/21778  10.5%] exit 1 U1,L2,U1,L2,L2,U3,U1: exhausted states 76 best 12 0.0s | cpu 43m14s wall 1h02m eta~11h33m best 91
  [2283/21778  10.5%] exit 1 U1,L2,U3,R2,U1,L1,L3: exhausted states 73,717 best 36 0.16s | cpu 43m14s wall 1h02m eta~11h33m best 91
  [2284/21778  10.5%] exit 1 U1,L1,L3,U2,U2,U1,L2: exhausted states 2 best 7 0.0s | cpu 43m14s wall 1h02m eta~11h32m best 91
  [2285/21778  10.5%] exit 1 U1,U1,L1,L1,D1,L1,D3: exhausted states 2 best 7 0.0s | cpu 43m14s wall 1h02m eta~11h32m best 91
  [2286/21778  10.5%] exit 1 L1,U1,U3,U2,R2,R2,D3: exhausted states 25 best 10 0.0s | cpu 43m14s wall 1h02m eta~11h31m best 91
  [2287/21778  10.5%] exit 1 R1,U1,U3,L1,L1,D2,L2: exhausted states 26,607 best 27 0.047s | cpu 43m14s wall 1h02m eta~11h31m best 91
  [2288/21778  10.5%] exit 1 U1,L3,L2,U3,L2,D3,D2: exhausted states 1 best 7 0.0s | cpu 43m14s wall 1h02m eta~11h31m best 91
  [2289/21778  10.5%] exit 1 L1,U1,L3,U2,R1,U2,U2: exhausted states 419 best 12 0.001s | cpu 43m14s wall 1h02m eta~11h30m best 91
  [2290/21778  10.5%] exit 1 U1,L3,U3,R2,U1,L2,L1: exhausted states 47,362 best 33 0.197s | cpu 43m14s wall 1h02m eta~11h30m best 91
  [2291/21778  10.5%] exit 1 U1,L3,L1,L1,U1,U3,U2: exhausted states 13,370 best 39 0.025s | cpu 43m14s wall 1h02m eta~11h29m best 91
  [2292/21778  10.5%] exit 1 U1,L2,U1,L2,U2,U1,L1: exhausted states 3 best 7 0.0s | cpu 43m14s wall 1h02m eta~11h29m best 91
  [2293/21778  10.5%] exit 1 L1,U1,U3,L1,D1,L2,U2: exhausted states 24,126,424 best 85 531.052s | cpu 52m05s wall 1h04m eta~11h52m best 91
  [2294/21778  10.5%] exit 1 U1,U1,U1,L2,L2,L2,D1: exhausted states 176 best 13 0.0s | cpu 52m05s wall 1h04m eta~11h51m best 91
  [2295/21778  10.5%] exit 1 U1,L3,U1,U3,R2,U1,L3: exhausted states 22,347 best 33 0.092s | cpu 52m05s wall 1h04m eta~11h51m best 91
  [2296/21778  10.5%] exit 1 U1,U1,L2,L2,L2,D2,D2: exhausted states 10 best 9 0.0s | cpu 52m05s wall 1h04m eta~11h50m best 91
  [2297/21778  10.5%] exit 1 L1,U1,U1,U3,R3,R1,D3: exhausted states 12 best 8 0.0s | cpu 52m05s wall 1h04m eta~11h50m best 91
  [2298/21778  10.6%] exit 1 U1,L3,U2,L2,U1,R3,R2: exhausted states 2,390 best 19 0.005s | cpu 52m05s wall 1h04m eta~11h50m best 91
  [2299/21778  10.6%] exit 1 U1,L1,U3,L1,U2,U1,R2: exhausted states 127 best 11 0.0s | cpu 52m05s wall 1h04m eta~11h49m best 91
  [2300/21778  10.6%] exit 1 U1,L3,U3,U2,L1,D2,L2: exhausted states 107 best 16 0.0s | cpu 52m05s wall 1h04m eta~11h49m best 91
  [2301/21778  10.6%] exit 1 U1,U1,L1,U1,L1,L3,U1: exhausted states 73 best 12 0.0s | cpu 52m05s wall 1h04m eta~11h48m best 91
  [2302/21778  10.6%] exit 1 R1,U1,U3,U1,L1,L3,D1: exhausted states 20,535 best 27 0.033s | cpu 52m05s wall 1h04m eta~11h48m best 91
  [2303/21778  10.6%] exit 1 L1,U1,U1,L3,U3,L1,U1: exhausted states 3 best 7 0.0s | cpu 52m05s wall 1h04m eta~11h47m best 91
  [2304/21778  10.6%] exit 1 U1,R3,U2,L1,U1,U1,R2: exhausted states 2 best 7 0.0s | cpu 52m05s wall 1h04m eta~11h47m best 91
  [2305/21778  10.6%] exit 1 U1,L3,U2,L2,U1,U1,R3: exhausted states 1,242 best 23 0.006s | cpu 52m05s wall 1h04m eta~11h47m best 91
  [2306/21778  10.6%] exit 1 U1,L1,U2,L2,U3,L1,U2: exhausted states 2 best 7 0.0s | cpu 52m05s wall 1h04m eta~11h46m best 91
  [2307/21778  10.6%] exit 1 U1,L2,U3,U1,L1,L1,D2: exhausted states 39 best 11 0.0s | cpu 52m05s wall 1h04m eta~11h46m best 91
  [2308/21778  10.6%] exit 1 U1,L1,U2,L2,U2,R3,U1: exhausted states 60 best 10 0.0s | cpu 52m05s wall 1h04m eta~11h45m best 91
  [2309/21778  10.6%] exit 1 L1,U1,L1,U3,L2,D1,D1: exhausted states 2 best 7 0.0s | cpu 52m05s wall 1h04m eta~11h45m best 91
  [2310/21778  10.6%] exit 1 U1,L2,U2,L1,D1,L2,D2: exhausted states 2 best 7 0.0s | cpu 52m05s wall 1h04m eta~11h44m best 91
  [2311/21778  10.6%] exit 1 U1,L1,L3,U2,U2,L2,U3: exhausted states 79,207 best 36 0.717s | cpu 52m06s wall 1h04m eta~11h44m best 91
  [2312/21778  10.6%] exit 1 L1,U1,U3,L3,U3,L1,U3: exhausted states 2 best 7 0.0s | cpu 52m06s wall 1h04m eta~11h44m best 91
  [2313/21778  10.6%] exit 1 L1,U1,U1,L2,U2,U1,R1: exhausted states 2,493 best 29 0.005s | cpu 52m06s wall 1h04m eta~11h43m best 91
  [2314/21778  10.6%] exit 1 U1,U1,L2,U3,R3,R2,D1: exhausted states 6 best 7 0.0s | cpu 52m06s wall 1h04m eta~11h43m best 91
  [2315/21778  10.6%] exit 1 L1,U1,U1,L1,U3,U2,L1: exhausted states 7 best 8 0.0s | cpu 52m06s wall 1h04m eta~11h42m best 91
  [2316/21778  10.6%] exit 1 U1,U1,L3,U1,L3,U2,R1: exhausted states 16 best 10 0.0s | cpu 52m06s wall 1h04m eta~11h42m best 91
  [2317/21778  10.6%] exit 1 U1,L3,U2,U2,R2,R1,D1: exhausted states 3 best 7 0.0s | cpu 52m06s wall 1h04m eta~11h42m best 91
  [2318/21778  10.6%] exit 1 U1,L3,L2,U1,U1,U1,L2: exhausted states 2 best 7 0.0s | cpu 52m06s wall 1h04m eta~11h41m best 91
  [2319/21778  10.6%] exit 1 U1,R3,U3,L1,L3,L1,U2: exhausted states 11,782 best 26 0.038s | cpu 52m06s wall 1h04m eta~11h41m best 91
  [2320/21778  10.7%] exit 1 U1,L2,U2,R2,U1,R3,U2: exhausted states 9,098 best 27 0.032s | cpu 52m06s wall 1h04m eta~11h40m best 91
  [2321/21778  10.7%] exit 1 U1,L3,U3,U2,R2,D2,R1: exhausted states 4,893 best 28 0.009s | cpu 52m06s wall 1h04m eta~11h40m best 91
  [2322/21778  10.7%] exit 1 L1,U1,L3,U3,U1,L1,U3: exhausted states 2 best 7 0.0s | cpu 52m06s wall 1h04m eta~11h39m best 91
  [2323/21778  10.7%] exit 1 U1,L2,U3,L2,U2,R3,R2: exhausted states 762 best 18 0.002s | cpu 52m06s wall 1h04m eta~11h39m best 91
  [2324/21778  10.7%] exit 1 U1,L3,U2,U2,L2,D1,L1: exhausted states 25 best 9 0.0s | cpu 52m06s wall 1h04m eta~11h39m best 91
  [2325/21778  10.7%] exit 1 U1,L2,U2,L3,U3,L1,D1: exhausted states 16 best 9 0.0s | cpu 52m06s wall 1h04m eta~11h38m best 91
  [2326/21778  10.7%] exit 1 U1,U1,L2,U3,U2,L1,L1: exhausted states 158 best 13 0.0s | cpu 52m06s wall 1h04m eta~11h38m best 91
  [2327/21778  10.7%] exit 1 L1,U1,L3,U3,U2,R3,U3: exhausted states 567 best 16 0.001s | cpu 52m06s wall 1h04m eta~11h37m best 91
  [2328/21778  10.7%] exit 1 U1,L2,L2,U2,U2,L2,U3: exhausted states 706 best 16 0.001s | cpu 52m06s wall 1h04m eta~11h37m best 91
  [2329/21778  10.7%] exit 1 U1,L2,L2,U3,R2,U1,R3: exhausted states 809 best 16 0.002s | cpu 52m06s wall 1h04m eta~11h37m best 91
  [2330/21778  10.7%] exit 1 U1,U1,L2,U3,L2,U1,L2: exhausted states 2 best 7 0.0s | cpu 52m06s wall 1h04m eta~11h36m best 91
  [2331/21778  10.7%] exit 1 U1,U1,L2,U2,L1,L1,D2: exhausted states 34 best 10 0.0s | cpu 52m06s wall 1h04m eta~11h36m best 91
  [2332/21778  10.7%] exit 1 U1,L2,U3,U1,R3,U1,L3: exhausted states 341 best 15 0.001s | cpu 52m06s wall 1h04m eta~11h35m best 91
  [2333/21778  10.7%] exit 1 U1,L3,L1,U3,U1,U3,R3: exhausted states 1,473 best 22 0.004s | cpu 52m06s wall 1h04m eta~11h35m best 91
  [2334/21778  10.7%] exit 1 U1,L1,U2,U2,L3,U2,L2: exhausted states 82 best 13 0.0s | cpu 52m06s wall 1h04m eta~11h34m best 91
  [2335/21778  10.7%] exit 1 U1,U1,U3,L2,D2,L2,L1: exhausted states 9,836 best 28 0.045s | cpu 52m06s wall 1h04m eta~11h34m best 91
  [2336/21778  10.7%] exit 1 U1,L2,L1,U3,U1,R2,U1: exhausted states 5,561 best 30 0.015s | cpu 52m06s wall 1h04m eta~11h34m best 91
  [2337/21778  10.7%] exit 1 U1,L2,L1,U2,U2,L1,D1: exhausted states 6 best 7 0.0s | cpu 52m06s wall 1h04m eta~11h33m best 91
  [2338/21778  10.7%] exit 1 L1,U1,L3,U2,U2,L1,D1: exhausted states 6 best 7 0.0s | cpu 52m06s wall 1h04m eta~11h33m best 91
  [2339/21778  10.7%] exit 1 U1,L2,U2,R3,U2,L1,U2: exhausted states 471 best 13 0.001s | cpu 52m06s wall 1h04m eta~11h32m best 91
  [2340/21778  10.7%] exit 1 U1,L1,U3,U2,U2,L1,L3: exhausted states 46 best 12 0.0s | cpu 52m06s wall 1h04m eta~11h32m best 91
  [2341/21778  10.7%] exit 1 R1,U1,U1,L1,L1,L3,U2: exhausted states 112,880 best 39 0.208s | cpu 52m06s wall 1h04m eta~11h32m best 91
  [2342/21778  10.8%] exit 1 U1,L2,U1,U3,R2,R2,U2: exhausted states 6 best 8 0.0s | cpu 52m06s wall 1h04m eta~11h31m best 91
  [2343/21778  10.8%] exit 1 U1,L1,L3,U2,U1,R2,U1: exhausted states 2,514 best 28 0.004s | cpu 52m06s wall 1h04m eta~11h31m best 91
  [2344/21778  10.8%] exit 1 L1,U1,U1,L2,U3,R2,R2: exhausted states 632 best 16 0.001s | cpu 52m06s wall 1h04m eta~11h30m best 91
  [2345/21778  10.8%] exit 1 U1,L1,U1,U3,L1,L1,U3: exhausted states 2 best 7 0.0s | cpu 52m06s wall 1h04m eta~11h30m best 91
  [2346/21778  10.8%] exit 1 L1,L1,U1,U3,U1,U3,R2: exhausted states 9,592 best 22 0.029s | cpu 52m06s wall 1h04m eta~11h30m best 91
  [2347/21778  10.8%] exit 1 U1,L2,L1,U1,L1,U1,U3: exhausted states 7,108 best 26 0.019s | cpu 52m06s wall 1h04m eta~11h29m best 91
  [2348/21778  10.8%] exit 1 U1,L1,U3,U1,R2,U2,L2: exhausted states 703 best 15 0.001s | cpu 52m06s wall 1h04m eta~11h29m best 91
  [2349/21778  10.8%] exit 1 U1,L2,U3,U2,R3,D1,R1: exhausted states 15 best 8 0.0s | cpu 52m06s wall 1h04m eta~11h28m best 91
  [2350/21778  10.8%] exit 1 U1,U1,L2,U3,L3,U1,L2: exhausted states 2 best 7 0.0s | cpu 52m06s wall 1h04m eta~11h28m best 91
  [2351/21778  10.8%] exit 1 U1,L2,U3,U1,R3,U3,L3: exhausted states 341 best 15 0.001s | cpu 52m06s wall 1h04m eta~11h28m best 91
  [2352/21778  10.8%] exit 1 U1,U1,L3,L2,U1,U1,L1: exhausted states 3 best 7 0.0s | cpu 52m06s wall 1h04m eta~11h27m best 91
  [2353/21778  10.8%] exit 1 U1,L1,U3,L2,U1,U3,R2: exhausted states 37 best 10 0.0s | cpu 52m06s wall 1h04m eta~11h27m best 91
  [2354/21778  10.8%] exit 1 U1,L2,L2,U2,U2,R1,D2: exhausted states 3 best 7 0.0s | cpu 52m06s wall 1h04m eta~11h26m best 91
  [2355/21778  10.8%] exit 1 U1,L2,U3,L3,U1,U3,L3: exhausted states 48 best 13 0.0s | cpu 52m06s wall 1h04m eta~11h26m best 91
  [2356/21778  10.8%] exit 1 U1,L1,U3,U2,R3,R2,D1: exhausted states 7 best 7 0.0s | cpu 52m06s wall 1h04m eta~11h25m best 91
  [2357/21778  10.8%] exit 1 U1,U1,L2,U3,R2,R2,D2: exhausted states 3 best 7 0.0s | cpu 52m06s wall 1h04m eta~11h25m best 91
  [2358/21778  10.8%] exit 1 U1,L1,U3,L1,U3,L2,D3: exhausted states 13 best 10 0.0s | cpu 52m06s wall 1h04m eta~11h25m best 91
  [2359/21778  10.8%] exit 1 U1,L3,U1,U1,L2,U1,R3: exhausted states 99 best 12 0.0s | cpu 52m06s wall 1h04m eta~11h24m best 91
  [2360/21778  10.8%] exit 1 U1,L2,L2,U1,U3,L3,U3: exhausted states 120 best 13 0.0s | cpu 52m06s wall 1h04m eta~11h24m best 91
  [2361/21778  10.8%] exit 1 U1,L1,L3,U2,R2,U1,U1: exhausted states 147,060 best 41 0.804s | cpu 52m07s wall 1h04m eta~11h24m best 91
  [2362/21778  10.8%] exit 1 U1,U1,U3,L1,U1,L1,L3: exhausted states 558 best 16 0.001s | cpu 52m07s wall 1h04m eta~11h23m best 91
  [2363/21778  10.9%] exit 1 U1,U1,R3,U3,L1,L1,L1: exhausted states 5,567 best 28 0.009s | cpu 52m07s wall 1h04m eta~11h23m best 91
  [2364/21778  10.9%] exit 1 L1,U1,U3,R2,U1,L2,U1: exhausted states 61,567 best 42 0.225s | cpu 52m07s wall 1h04m eta~11h22m best 91
  [2365/21778  10.9%] exit 1 U1,R3,U3,L1,U1,U1,L3: exhausted states 6,532 best 26 0.016s | cpu 52m08s wall 1h04m eta~11h22m best 91
  [2366/21778  10.9%] exit 1 U1,U1,U1,L2,U2,R1,R1: exhausted states 3,041 best 19 0.004s | cpu 52m08s wall 1h04m eta~11h22m best 91
  [2367/21778  10.9%] exit 1 U1,L1,U3,L3,U1,U3,R2: exhausted states 292 best 13 0.0s | cpu 52m08s wall 1h04m eta~11h21m best 91
  [2368/21778  10.9%] exit 1 U1,L1,U1,L3,U1,L3,U1: exhausted states 177 best 13 0.0s | cpu 52m08s wall 1h04m eta~11h21m best 91
  [2369/21778  10.9%] exit 1 U1,L2,L2,U2,U1,R1,R1: exhausted states 76 best 11 0.0s | cpu 52m08s wall 1h04m eta~11h20m best 91
  [2370/21778  10.9%] exit 1 L1,U1,L3,U3,R2,U1,U3: exhausted states 17,356 best 28 0.051s | cpu 52m08s wall 1h04m eta~11h20m best 91
  [2371/21778  10.9%] exit 1 U1,L3,U3,R3,R2,U1,U1: exhausted states 910 best 17 0.002s | cpu 52m08s wall 1h04m eta~11h20m best 91
  [2372/21778  10.9%] exit 1 U1,L1,U3,L1,U2,U1,R3: exhausted states 127 best 11 0.001s | cpu 52m08s wall 1h04m eta~11h19m best 91
  [2373/21778  10.9%] exit 1 U1,U1,L3,U2,U2,R3,R1: exhausted states 4 best 8 0.0s | cpu 52m08s wall 1h04m eta~11h19m best 91
  [2374/21778  10.9%] exit 1 U1,L2,U2,L1,U1,L1,U1: exhausted states 3 best 7 0.0s | cpu 52m08s wall 1h04m eta~11h18m best 91
  [2375/21778  10.9%] exit 1 U1,L2,U1,L3,L2,D3,D2: exhausted states 7 best 8 0.0s | cpu 52m08s wall 1h04m eta~11h18m best 91
  [2376/21778  10.9%] exit 1 U1,L3,U2,L1,U2,L3,U1: exhausted states 145 best 13 0.0s | cpu 52m08s wall 1h04m eta~11h18m best 91
  [2377/21778  10.9%] exit 1 U1,L3,U3,L3,D2,L1,U2: exhausted states 13,118 best 30 0.039s | cpu 52m08s wall 1h04m eta~11h17m best 91
  [2378/21778  10.9%] exit 1 L1,U1,L1,U3,U1,U3,L1: exhausted states 25 best 11 0.0s | cpu 52m08s wall 1h04m eta~11h17m best 91
  [2379/21778  10.9%] exit 1 L1,U1,U1,L3,L1,U2,U2: exhausted states 1,154 best 16 0.003s | cpu 52m08s wall 1h04m eta~11h16m best 91
  [2380/21778  10.9%] exit 1 U1,L3,U1,L3,U1,L3,U1: exhausted states 97 best 13 0.0s | cpu 52m08s wall 1h04m eta~11h16m best 91
  [2381/21778  10.9%] exit 1 U1,R1,U1,U1,L1,L1,D3: exhausted states 2,339 best 24 0.006s | cpu 52m08s wall 1h04m eta~11h16m best 91
  [2382/21778  10.9%] exit 1 R1,U1,U3,L1,L1,U3,U2: exhausted states 2,261 best 15 0.003s | cpu 52m08s wall 1h04m eta~11h15m best 91
  [2383/21778  10.9%] exit 1 U1,L1,U1,U3,R3,U2,R2: exhausted states 6 best 8 0.0s | cpu 52m08s wall 1h04m eta~11h15m best 91
  [2384/21778  10.9%] exit 1 U1,L1,U3,U1,R1,R1,U3: exhausted states 2 best 7 0.0s | cpu 52m08s wall 1h04m eta~11h15m best 91
  [2385/21778  11.0%] exit 1 U1,R1,U1,U1,L1,L3,L2: exhausted states 565,392 best 48 3.201s | cpu 52m11s wall 1h05m eta~11h15m best 91
  [2386/21778  11.0%] exit 1 U1,L1,U2,U1,L1,L3,U2: exhausted states 224 best 13 0.0s | cpu 52m11s wall 1h05m eta~11h14m best 91
  [2387/21778  11.0%] exit 1 L1,U1,L3,U3,U2,U1,R2: exhausted states 806 best 16 0.001s | cpu 52m11s wall 1h05m eta~11h14m best 91
  [2388/21778  11.0%] exit 1 U1,L1,U1,U3,L2,U1,L3: exhausted states 2 best 7 0.0s | cpu 52m11s wall 1h05m eta~11h14m best 91
  [2389/21778  11.0%] exit 1 U1,L3,U3,L3,D3,D1,L1: exhausted states 3 best 7 0.0s | cpu 52m11s wall 1h05m eta~11h13m best 91
  [2390/21778  11.0%] exit 1 U1,L2,U3,U2,R2,R1,U1: exhausted states 3 best 7 0.0s | cpu 52m11s wall 1h05m eta~11h13m best 91
  [2391/21778  11.0%] exit 1 U1,L1,U3,U1,U3,R2,R1: exhausted states 16 best 9 0.0s | cpu 52m11s wall 1h05m eta~11h12m best 91
  [2392/21778  11.0%] exit 1 U1,R2,U1,L1,L3,L1,D1: exhausted states 6,027 best 25 0.013s | cpu 52m11s wall 1h05m eta~11h12m best 91
  [2393/21778  11.0%] exit 1 U1,U1,U3,L2,D3,L1,D1: exhausted states 148 best 15 0.0s | cpu 52m11s wall 1h05m eta~11h12m best 91
  [2394/21778  11.0%] exit 1 L1,L1,L3,U1,U3,R1,R1: exhausted states 36,527 best 33 0.05s | cpu 52m11s wall 1h05m eta~11h11m best 91
  [2395/21778  11.0%] exit 1 U1,R2,U3,U1,U3,L1,L3: exhausted states 12,971,691 best 68 166.693s | cpu 54m58s wall 1h05m eta~11h16m best 91
  [2396/21778  11.0%] exit 1 U1,L3,L2,U2,L1,D1,D1: exhausted states 348,771 best 55 1.078s | cpu 54m59s wall 1h05m eta~11h16m best 91
  [2397/21778  11.0%] exit 1 U1,U1,L1,U3,L3,L1,U3: exhausted states 2 best 7 0.0s | cpu 54m59s wall 1h05m eta~11h16m best 91
  [2398/21778  11.0%] exit 1 U1,U1,U3,L2,L1,D1,D1: exhausted states 94 best 11 0.0s | cpu 54m59s wall 1h05m eta~11h15m best 91
  [2399/21778  11.0%] exit 1 U1,L2,U2,L1,U3,U2,R1: exhausted states 3,947 best 25 0.018s | cpu 54m59s wall 1h05m eta~11h15m best 91
  [2400/21778  11.0%] exit 1 L1,U1,L2,U3,U1,U1,R2: exhausted states 161 best 11 0.0s | cpu 54m59s wall 1h05m eta~11h15m best 91
  [2401/21778  11.0%] exit 1 U1,L2,U1,R2,U1,L3,U1: exhausted states 546 best 14 0.001s | cpu 54m59s wall 1h05m eta~11h14m best 91
  [2402/21778  11.0%] exit 1 U1,L3,U3,U1,R3,R2,D1: exhausted states 3 best 7 0.0s | cpu 54m59s wall 1h05m eta~11h14m best 91
  [2403/21778  11.0%] exit 1 L1,U1,L3,U3,U2,L3,U3: exhausted states 2,026 best 25 0.003s | cpu 54m59s wall 1h05m eta~11h13m best 91
  [2404/21778  11.0%] exit 1 U1,L3,L1,L1,U2,U1,U3: exhausted states 9,512 best 39 0.02s | cpu 54m59s wall 1h05m eta~11h13m best 91
  [2405/21778  11.0%] exit 1 U1,L1,U3,U2,U1,L3,L1: exhausted states 57 best 12 0.0s | cpu 54m59s wall 1h05m eta~11h13m best 91
  [2406/21778  11.0%] exit 1 U1,L2,L1,U2,U2,L2,D1: exhausted states 6 best 7 0.0s | cpu 54m59s wall 1h05m eta~11h12m best 91
  [2407/21778  11.1%] exit 1 U1,L1,U1,L1,U2,L1,D2: exhausted states 3 best 7 0.0s | cpu 54m59s wall 1h05m eta~11h12m best 91
  [2408/21778  11.1%] exit 1 U1,U1,L1,L1,D2,L1,U1: exhausted states 714 best 15 0.001s | cpu 54m59s wall 1h05m eta~11h11m best 91
  [2409/21778  11.1%] exit 1 U1,L2,U1,R3,U1,R2,U3: exhausted states 2,354 best 16 0.004s | cpu 54m59s wall 1h05m eta~11h11m best 91
  [2410/21778  11.1%] exit 1 U1,L1,L3,U3,U1,U1,L1: exhausted states 3 best 7 0.0s | cpu 54m59s wall 1h05m eta~11h11m best 91
  [2411/21778  11.1%] exit 1 U1,L1,U3,U2,L3,U3,L2: exhausted states 40 best 12 0.0s | cpu 54m59s wall 1h05m eta~11h10m best 91
  [2412/21778  11.1%] exit 1 L1,U1,U1,R1,U2,U2,R2: exhausted states 6 best 8 0.0s | cpu 54m59s wall 1h05m eta~11h10m best 91
  [2413/21778  11.1%] exit 1 L1,U1,L2,U2,L1,U1,U1: exhausted states 601 best 16 0.001s | cpu 54m59s wall 1h05m eta~11h09m best 91
  [2414/21778  11.1%] exit 1 L1,U1,U3,L1,U2,U1,R3: exhausted states 239 best 12 0.0s | cpu 54m59s wall 1h05m eta~11h09m best 91
  [2415/21778  11.1%] exit 1 U1,R2,U3,U2,L1,D2,L2: exhausted states 251,964 best 38 0.848s | cpu 55m00s wall 1h05m eta~11h09m best 91
  [2416/21778  11.1%] exit 1 U1,L1,U3,U1,L1,U3,L2: exhausted states 48 best 13 0.0s | cpu 55m00s wall 1h05m eta~11h08m best 91
  [2417/21778  11.1%] exit 1 U1,L1,U3,U1,R2,R1,D3: exhausted states 4 best 7 0.0s | cpu 55m00s wall 1h05m eta~11h08m best 91
  [2418/21778  11.1%] exit 1 U1,L3,U1,L2,L1,D1,D3: exhausted states 7 best 8 0.0s | cpu 55m00s wall 1h05m eta~11h08m best 91
  [2419/21778  11.1%] exit 1 U1,L2,U2,U2,R3,D2,R1: exhausted states 2,915 best 19 0.005s | cpu 55m00s wall 1h05m eta~11h07m best 91
  [2420/21778  11.1%] exit 1 U1,U1,L2,U1,L2,L2,U3: exhausted states 6 best 8 0.0s | cpu 55m00s wall 1h05m eta~11h07m best 91
  [2421/21778  11.1%] exit 1 U1,L3,U3,R2,R2,U1,U3: exhausted states 78 best 12 0.0s | cpu 55m00s wall 1h05m eta~11h07m best 91
  [2422/21778  11.1%] exit 1 U1,U1,L1,U2,U1,R1,R3: exhausted states 7 best 8 0.0s | cpu 55m00s wall 1h05m eta~11h06m best 91
  [2423/21778  11.1%] exit 1 U1,U1,L1,U3,L3,U1,R2: exhausted states 29 best 10 0.0s | cpu 55m00s wall 1h05m eta~11h06m best 91
  [2424/21778  11.1%] exit 1 U1,L2,U3,L2,U2,R2,U2: exhausted states 561 best 16 0.001s | cpu 55m00s wall 1h05m eta~11h05m best 91
  [2425/21778  11.1%] exit 1 U1,L3,U1,R3,U2,U2,L1: exhausted states 1,385 best 14 0.002s | cpu 55m00s wall 1h05m eta~11h05m best 91
  [2426/21778  11.1%] exit 1 U1,L2,U1,L3,U2,L2,U3: exhausted states 1,820 best 23 0.005s | cpu 55m00s wall 1h05m eta~11h05m best 91
  [2427/21778  11.1%] exit 1 L1,L1,U1,U1,U3,R2,U3: exhausted states 3,386 best 26 0.005s | cpu 55m00s wall 1h05m eta~11h04m best 91
  [2428/21778  11.1%] exit 1 L1,L1,U1,L2,U3,U1,R1: exhausted states 20,042 best 28 0.022s | cpu 55m00s wall 1h05m eta~11h04m best 91
  [2429/21778  11.2%] exit 1 U1,L2,L2,U1,U1,R3,U2: exhausted states 119 best 11 0.0s | cpu 55m00s wall 1h05m eta~11h04m best 91
  [2430/21778  11.2%] exit 1 L1,U1,U1,R1,U1,R3,U2: exhausted states 560 best 15 0.001s | cpu 55m00s wall 1h05m eta~11h03m best 91
  [2431/21778  11.2%] exit 1 U1,L2,U2,R1,U1,U3,L3: exhausted states 605 best 13 0.001s | cpu 55m00s wall 1h05m eta~11h03m best 91
  [2432/21778  11.2%] exit 1 U1,R2,U2,U1,L1,L3,D3: exhausted states 7,902 best 24 0.014s | cpu 55m00s wall 1h05m eta~11h02m best 91
  [2433/21778  11.2%] exit 1 U1,U1,U3,L2,L2,D3,D2: exhausted states 98 best 10 0.0s | cpu 55m00s wall 1h05m eta~11h02m best 91
  [2434/21778  11.2%] exit 1 U1,L1,U2,L3,D2,L1,D2: exhausted states 2 best 7 0.0s | cpu 55m00s wall 1h05m eta~11h02m best 91
  [2435/21778  11.2%] exit 1 U1,R2,U3,L1,U2,L1,L1: exhausted states 1,506 best 18 0.002s | cpu 55m00s wall 1h05m eta~11h01m best 91
  [2436/21778  11.2%] exit 1 U1,U1,U1,U3,L2,L1,L1: exhausted states 571 best 16 0.001s | cpu 55m00s wall 1h05m eta~11h01m best 91
  [2437/21778  11.2%] exit 1 U1,U1,L1,L3,U1,R1,U1: exhausted states 88 best 11 0.0s | cpu 55m00s wall 1h05m eta~11h01m best 91
  [2438/21778  11.2%] exit 1 R1,U1,U1,U3,U2,L1,L1: exhausted states 9,502,277 best 69 113.859s | cpu 56m53s wall 1h06m eta~11h13m best 91
  [2439/21778  11.2%] exit 1 U1,L2,L1,U1,U1,R1,R3: exhausted states 105,712 best 36 0.367s | cpu 56m54s wall 1h06m eta~11h13m best 91
  [2440/21778  11.2%] exit 1 L1,U1,L1,U3,U1,U1,R3: exhausted states 634 best 16 0.001s | cpu 56m54s wall 1h06m eta~11h13m best 91
  [2441/21778  11.2%] exit 1 U1,L1,U1,U3,L2,L1,U3: exhausted states 2 best 7 0.0s | cpu 56m54s wall 1h06m eta~11h12m best 91
  [2442/21778  11.2%] exit 1 U1,L2,L1,U3,U2,U1,R1: exhausted states 54,963 best 34 0.292s | cpu 56m54s wall 1h06m eta~11h12m best 91
  [2443/21778  11.2%] exit 1 L1,U1,U3,L2,U2,L2,U2: exhausted states 3,697 best 24 0.013s | cpu 56m54s wall 1h06m eta~11h12m best 91
  [2444/21778  11.2%] exit 1 U1,L3,U1,L3,L2,U3,U1: exhausted states 158 best 13 0.001s | cpu 56m54s wall 1h06m eta~11h11m best 91
  [2445/21778  11.2%] exit 1 U1,L2,U1,L1,L3,U1,R1: exhausted states 38,445 best 32 0.12s | cpu 56m54s wall 1h06m eta~11h11m best 91
  [2446/21778  11.2%] exit 1 U1,L1,U3,L2,U3,U1,L3: exhausted states 2 best 7 0.0s | cpu 56m54s wall 1h06m eta~11h11m best 91
  [2447/21778  11.2%] exit 1 U1,L2,U2,U1,R2,U1,R1: exhausted states 3 best 7 0.0s | cpu 56m54s wall 1h06m eta~11h10m best 91
  [2448/21778  11.2%] exit 1 U1,U1,U3,L3,D3,L2,L1: exhausted states 72 best 10 0.0s | cpu 56m54s wall 1h06m eta~11h10m best 91
  [2449/21778  11.2%] exit 1 U1,R2,U1,L1,L3,L1,U2: exhausted states 43,738 best 32 0.143s | cpu 56m54s wall 1h06m eta~11h09m best 91
  [2450/21778  11.2%] exit 1 L1,L1,U1,U3,R3,R1,U2: exhausted states 475 best 15 0.001s | cpu 56m54s wall 1h06m eta~11h09m best 91
  [2451/21778  11.3%] exit 1 L1,U1,U1,U1,R1,U2,R2: exhausted states 6 best 8 0.0s | cpu 56m54s wall 1h06m eta~11h09m best 91
  [2452/21778  11.3%] exit 1 U1,L3,U2,U2,L3,U1,R3: exhausted states 45 best 12 0.0s | cpu 56m54s wall 1h06m eta~11h08m best 91
  [2453/21778  11.3%] exit 1 U1,L2,U3,R2,U1,L2,L2: exhausted states 350,107 best 39 1.566s | cpu 56m56s wall 1h06m eta~11h08m best 91
  [2454/21778  11.3%] exit 1 L1,U1,L1,U1,U3,L3,D2: exhausted states 13 best 9 0.0s | cpu 56m56s wall 1h06m eta~11h08m best 91
  [2455/21778  11.3%] exit 1 U1,U1,L2,U3,U2,R2,R1: exhausted states 13 best 9 0.0s | cpu 56m56s wall 1h06m eta~11h07m best 91
  [2456/21778  11.3%] exit 1 U1,R2,U2,L1,L1,L3,D3: exhausted states 3,065 best 18 0.008s | cpu 56m56s wall 1h06m eta~11h07m best 91
  [2457/21778  11.3%] exit 1 U1,L3,L2,U1,U3,U1,L2: exhausted states 2 best 7 0.0s | cpu 56m56s wall 1h06m eta~11h07m best 91
  [2458/21778  11.3%] exit 1 U1,L1,U1,U3,R3,U1,R1: exhausted states 3 best 7 0.0s | cpu 56m56s wall 1h06m eta~11h06m best 91
  [2459/21778  11.3%] exit 1 R1,U1,U1,L1,L3,U3,U2: exhausted states 36,555 best 33 0.272s | cpu 56m56s wall 1h06m eta~11h06m best 91
  [2460/21778  11.3%] exit 1 U1,L2,U2,L2,L2,U3,U1: exhausted states 76 best 12 0.001s | cpu 56m56s wall 1h06m eta~11h06m best 91
  [2461/21778  11.3%] exit 1 U1,U1,L1,L3,U2,L2,D1: exhausted states 8,240 best 22 0.069s | cpu 56m56s wall 1h06m eta~11h05m best 91
  [2462/21778  11.3%] exit 1 U1,L2,U1,U1,L2,L2,D2: exhausted states 34 best 10 0.0s | cpu 56m56s wall 1h06m eta~11h05m best 91
  [2463/21778  11.3%] exit 1 U1,L1,U3,L3,U2,U2,R2: exhausted states 237 best 12 0.001s | cpu 56m56s wall 1h06m eta~11h04m best 91
  [2464/21778  11.3%] exit 1 L1,U1,U3,L3,U1,U1,L2: exhausted states 2 best 7 0.001s | cpu 56m56s wall 1h06m eta~11h04m best 91
  [2465/21778  11.3%] exit 1 L1,U1,U3,R2,U2,U2,L1: exhausted states 49,764 best 36 0.98s | cpu 56m57s wall 1h07m eta~11h04m best 91
  [2466/21778  11.3%] exit 1 U1,L3,U2,U1,U3,R2,R2: exhausted states 25 best 12 0.002s | cpu 56m57s wall 1h07m eta~11h04m best 91
  [2467/21778  11.3%] exit 1 U1,L2,U3,L2,D3,D2,L1: exhausted states 7 best 8 0.0s | cpu 56m57s wall 1h07m eta~11h03m best 91
  [2468/21778  11.3%] exit 1 U1,L3,U3,R2,U1,U3,R2: exhausted states 6 best 9 0.0s | cpu 56m57s wall 1h07m eta~11h03m best 91
  [2469/21778  11.3%] exit 1 U1,R3,U1,U3,L1,U1,L3: exhausted states 9,774 best 32 0.216s | cpu 56m58s wall 1h07m eta~11h03m best 91
  [2470/21778  11.3%] exit 1 U1,L2,U3,U2,L1,L1,D1: exhausted states 21 best 10 0.0s | cpu 56m58s wall 1h07m eta~11h02m best 91
  [2471/21778  11.3%] exit 1 U1,L3,U2,R1,R3,U1,U1: exhausted states 8,525 best 26 0.032s | cpu 56m58s wall 1h07m eta~11h02m best 91
  [2472/21778  11.4%] exit 1 U1,U1,L2,L2,U2,U2,R1: exhausted states 22 best 9 0.0s | cpu 56m58s wall 1h07m eta~11h01m best 91
  [2473/21778  11.4%] exit 1 L1,L1,U1,U1,R2,U1,R1: exhausted states 1,022 best 21 0.002s | cpu 56m58s wall 1h07m eta~11h01m best 91
  [2474/21778  11.4%] exit 1 U1,L1,U3,L1,U3,L2,D1: exhausted states 16 best 10 0.0s | cpu 56m58s wall 1h07m eta~11h01m best 91
  [2475/21778  11.4%] exit 1 U1,L2,U2,L3,U2,U1,L3: exhausted states 2 best 7 0.0s | cpu 56m58s wall 1h07m eta~11h00m best 91
  [2476/21778  11.4%] exit 1 U1,L2,L1,U3,U1,U3,L3: exhausted states 24 best 11 0.0s | cpu 56m58s wall 1h07m eta~11h00m best 91
  [2477/21778  11.4%] exit 1 U1,L2,U1,U3,L3,D2,L1: exhausted states 5,602 best 32 0.036s | cpu 56m58s wall 1h07m eta~11h00m best 91
  [2478/21778  11.4%] exit 1 U1,L1,L1,U3,U1,L2,U1: exhausted states 797 best 16 0.002s | cpu 56m58s wall 1h07m eta~10h59m best 91
  [2479/21778  11.4%] exit 1 U1,L2,L2,U3,L3,D3,D2: exhausted states 1 best 7 0.0s | cpu 56m58s wall 1h07m eta~10h59m best 91
  [2480/21778  11.4%] exit 1 L1,U1,L2,U2,U1,R1,U1: exhausted states 100 best 11 0.0s | cpu 56m58s wall 1h07m eta~10h58m best 91
  [2481/21778  11.4%] exit 1 U1,U1,U3,L2,L1,D2,D2: exhausted states 95 best 10 0.001s | cpu 56m58s wall 1h07m eta~10h58m best 91
  [2482/21778  11.4%] exit 1 U1,U1,L2,U3,R3,U1,R2: exhausted states 2 best 7 0.0s | cpu 56m58s wall 1h07m eta~10h58m best 91
  [2483/21778  11.4%] exit 1 U1,L1,U1,U3,L3,U1,R1: exhausted states 64 best 11 0.0s | cpu 56m58s wall 1h07m eta~10h57m best 91
  [2484/21778  11.4%] exit 1 U1,L3,L2,U2,L1,D3,D2: exhausted states 6 best 9 0.0s | cpu 56m58s wall 1h07m eta~10h57m best 91
  [2485/21778  11.4%] exit 1 U1,L2,U1,U1,R3,U3,L1: exhausted states 304 best 14 0.001s | cpu 56m58s wall 1h07m eta~10h57m best 91
  [2486/21778  11.4%] exit 1 U1,U1,L2,U2,L2,U1,R3: exhausted states 146 best 15 0.0s | cpu 56m58s wall 1h07m eta~10h56m best 91
  [2487/21778  11.4%] exit 1 U1,R3,U2,U1,L1,U2,L3: exhausted states 10,110 best 26 0.02s | cpu 56m58s wall 1h07m eta~10h56m best 91
  [2488/21778  11.4%] exit 1 L1,U1,L3,U3,L2,U3,U2: exhausted states 34,723 best 33 0.176s | cpu 56m58s wall 1h07m eta~10h56m best 91
  [2489/21778  11.4%] exit 1 U1,L3,U2,L1,L3,U2,R1: exhausted states 3,560 best 28 0.018s | cpu 56m58s wall 1h07m eta~10h55m best 91
  [2490/21778  11.4%] exit 1 L1,L1,U1,U1,L3,U1,U3: exhausted states 12,480 best 39 0.058s | cpu 56m58s wall 1h07m eta~10h55m best 91
  [2491/21778  11.4%] exit 1 U1,L2,U2,U2,R2,D3,R1: exhausted states 31 best 11 0.0s | cpu 56m58s wall 1h07m eta~10h55m best 91
  [2492/21778  11.4%] exit 1 U1,L2,L2,U3,U2,R1,D3: exhausted states 3 best 7 0.0s | cpu 56m58s wall 1h07m eta~10h54m best 91
  [2493/21778  11.4%] exit 1 U1,L3,L1,U2,L3,U3,R1: exhausted states 3,439 best 28 0.015s | cpu 56m58s wall 1h07m eta~10h54m best 91
  [2494/21778  11.5%] exit 1 U1,L1,U3,U2,L2,U1,L3: exhausted states 2 best 7 0.0s | cpu 56m58s wall 1h07m eta~10h53m best 91
  [2495/21778  11.5%] exit 1 U1,L1,U2,U1,L2,L1,U1: exhausted states 3 best 7 0.0s | cpu 56m58s wall 1h07m eta~10h53m best 91
  [2496/21778  11.5%] exit 1 U1,L1,L3,U1,R3,R1,R1: exhausted states 552 best 15 0.001s | cpu 56m58s wall 1h07m eta~10h53m best 91
  [2497/21778  11.5%] exit 1 U1,L1,U1,U3,R2,U2,L1: exhausted states 10,292 best 26 0.03s | cpu 56m58s wall 1h07m eta~10h52m best 91
  [2498/21778  11.5%] exit 1 U1,L2,U2,R2,R2,U3,U1: exhausted states 76 best 12 0.0s | cpu 56m58s wall 1h07m eta~10h52m best 91
  [2499/21778  11.5%] exit 1 U1,L1,U3,U2,L2,U2,L2: exhausted states 90 best 14 0.0s | cpu 56m58s wall 1h07m eta~10h52m best 91
  [2500/21778  11.5%] exit 1 L1,U1,L2,U3,U2,U2,L1: exhausted states 7 best 8 0.0s | cpu 56m58s wall 1h07m eta~10h51m best 91
  [2501/21778  11.5%] exit 1 R1,U1,U1,L1,U2,L2,U1: exhausted states 2,292 best 18 0.007s | cpu 56m58s wall 1h07m eta~10h51m best 91
  [2502/21778  11.5%] exit 1 U1,L1,U3,L3,U1,R1,R1: exhausted states 78 best 11 0.001s | cpu 56m58s wall 1h07m eta~10h51m best 91
  [2503/21778  11.5%] exit 1 U1,L1,U3,U1,L1,L1,D3: exhausted states 39 best 11 0.0s | cpu 56m58s wall 1h07m eta~10h50m best 91
  [2504/21778  11.5%] exit 1 L1,U1,U3,U2,R3,D2,R2: exhausted states 133,808 best 32 0.464s | cpu 56m58s wall 1h07m eta~10h50m best 91
  [2505/21778  11.5%] exit 1 U1,L3,U1,U3,L2,L1,U1: exhausted states 3 best 7 0.0s | cpu 56m58s wall 1h07m eta~10h50m best 91
  [2506/21778  11.5%] exit 1 U1,L1,U2,U1,R2,R1,D1: exhausted states 7 best 7 0.0s | cpu 56m58s wall 1h07m eta~10h49m best 91
  [2507/21778  11.5%] exit 1 U1,U1,U1,L2,L1,L1,U1: exhausted states 3 best 7 0.0s | cpu 56m58s wall 1h07m eta~10h49m best 91
  [2508/21778  11.5%] exit 1 U1,U1,L2,U1,L3,U1,R1: exhausted states 66 best 14 0.0s | cpu 56m58s wall 1h07m eta~10h49m best 91
  [2509/21778  11.5%] exit 1 L1,U1,L3,U1,U3,R2,U3: exhausted states 2,675 best 26 0.004s | cpu 56m58s wall 1h07m eta~10h48m best 91
  [2510/21778  11.5%] exit 1 U1,R3,U3,L1,L3,L2,D3: exhausted states 36,041 best 40 0.378s | cpu 56m59s wall 1h07m eta~10h48m best 91
  [2511/21778  11.5%] exit 1 U1,U1,L3,U3,L3,U3,L1: exhausted states 97 best 13 0.0s | cpu 56m59s wall 1h07m eta~10h48m best 91
  [2512/21778  11.5%] exit 1 U1,U1,L1,U3,L1,D1,L1: exhausted states 52 best 10 0.0s | cpu 56m59s wall 1h07m eta~10h47m best 91
  [2513/21778  11.5%] exit 1 L1,U1,U3,U1,L3,U3,R1: exhausted states 128 best 12 0.0s | cpu 56m59s wall 1h07m eta~10h47m best 91
  [2514/21778  11.5%] exit 1 U1,L3,L1,U2,U1,U1,L1: exhausted states 3 best 7 0.0s | cpu 56m59s wall 1h07m eta~10h46m best 91
  [2515/21778  11.5%] exit 1 U1,U1,L3,U3,L2,L2,U1: exhausted states 7 best 8 0.0s | cpu 56m59s wall 1h07m eta~10h46m best 91
  [2516/21778  11.6%] exit 1 U1,L2,U1,U3,R2,R1,D2: exhausted states 45,200 best 36 0.381s | cpu 56m59s wall 1h07m eta~10h46m best 91
  [2517/21778  11.6%] exit 1 U1,R3,U2,U1,L1,L3,U2: exhausted states 21,737 best 28 0.049s | cpu 56m59s wall 1h07m eta~10h45m best 91
  [2518/21778  11.6%] exit 1 U1,L2,L2,U2,L3,U2,R1: exhausted states 1,787 best 20 0.002s | cpu 56m59s wall 1h07m eta~10h45m best 91
  [2519/21778  11.6%] exit 1 U1,L3,U1,U3,L1,D1,D3: exhausted states 407 best 16 0.001s | cpu 56m59s wall 1h07m eta~10h45m best 91
  [2520/21778  11.6%] exit 1 U1,L3,L1,U3,U1,R2,R1: exhausted states 453 best 19 0.001s | cpu 56m59s wall 1h07m eta~10h44m best 91
  [2521/21778  11.6%] exit 1 U1,L1,L3,U3,U2,R2,D3: exhausted states 251 best 14 0.0s | cpu 56m59s wall 1h07m eta~10h44m best 91
  [2522/21778  11.6%] exit 1 U1,U1,L2,L1,D3,L1,D1: exhausted states 3 best 7 0.0s | cpu 56m59s wall 1h07m eta~10h44m best 91
  [2523/21778  11.6%] exit 1 U1,L3,L2,L1,U1,U3,U2: exhausted states 8,796 best 31 0.012s | cpu 56m59s wall 1h07m eta~10h43m best 91
  [2524/21778  11.6%] exit 1 U1,L1,U1,L2,U3,U2,L2: exhausted states 6 best 8 0.0s | cpu 56m59s wall 1h07m eta~10h43m best 91
  [2525/21778  11.6%] exit 1 U1,R2,U1,U1,L1,U1,L2: exhausted states 100,611 best 39 0.749s | cpu 57m00s wall 1h07m eta~10h43m best 91
  [2526/21778  11.6%] exit 1 U1,L1,U1,U1,L1,L1,D2: exhausted states 34 best 10 0.0s | cpu 57m00s wall 1h07m eta~10h42m best 91
  [2527/21778  11.6%] exit 1 U1,U1,L2,U2,L2,D1,L2: exhausted states 51 best 10 0.0s | cpu 57m00s wall 1h07m eta~10h42m best 91
  [2528/21778  11.6%] exit 1 U1,L2,L2,U2,L2,U2,R1: exhausted states 4,979 best 21 0.01s | cpu 57m00s wall 1h07m eta~10h42m best 91
  [2529/21778  11.6%] exit 1 L1,U1,U3,U2,R3,D1,R1: exhausted states 19 best 8 0.0s | cpu 57m00s wall 1h07m eta~10h41m best 91
  [2530/21778  11.6%] exit 1 U1,L1,U2,U2,R2,R1,U3: exhausted states 2 best 7 0.0s | cpu 57m00s wall 1h07m eta~10h41m best 91
  [2531/21778  11.6%] exit 1 U1,L3,U3,L1,U1,U1,L3: exhausted states 2 best 7 0.0s | cpu 57m00s wall 1h07m eta~10h41m best 91
  [2532/21778  11.6%] exit 1 U1,U1,L3,U3,U2,R2,R1: exhausted states 4 best 8 0.0s | cpu 57m00s wall 1h07m eta~10h40m best 91
  [2533/21778  11.6%] exit 1 L1,U1,U3,L3,U1,R3,R1: exhausted states 162 best 13 0.0s | cpu 57m00s wall 1h07m eta~10h40m best 91
  [2534/21778  11.6%] exit 1 U1,R3,U2,L1,U2,L1,L1: exhausted states 4,284 best 22 0.007s | cpu 57m00s wall 1h07m eta~10h40m best 91
  [2535/21778  11.6%] exit 1 U1,L2,L2,U3,R2,U2,U1: exhausted states 1,224 best 22 0.003s | cpu 57m00s wall 1h07m eta~10h39m best 91
  [2536/21778  11.6%] exit 1 U1,L2,U1,R3,U2,L3,U2: exhausted states 989 best 14 0.002s | cpu 57m00s wall 1h07m eta~10h39m best 91
  [2537/21778  11.6%] exit 1 U1,L1,U3,U2,L2,D2,L2: exhausted states 1,769 best 16 0.003s | cpu 57m00s wall 1h07m eta~10h39m best 91
  [2538/21778  11.7%] exit 1 R1,U1,U1,L1,L3,U2,R2: exhausted states 71,929 best 32 0.108s | cpu 57m00s wall 1h07m eta~10h38m best 91
  [2539/21778  11.7%] exit 1 U1,L1,U1,L2,U1,L3,U3: exhausted states 72 best 12 0.0s | cpu 57m00s wall 1h07m eta~10h38m best 91
  [2540/21778  11.7%] exit 1 U1,U1,L3,L2,U1,R2,U2: exhausted states 107 best 16 0.001s | cpu 57m00s wall 1h07m eta~10h38m best 91
  [2541/21778  11.7%] exit 1 U1,U1,L1,U3,L1,L1,D1: exhausted states 78 best 11 0.0s | cpu 57m00s wall 1h07m eta~10h37m best 91
  [2542/21778  11.7%] exit 1 U1,U1,L2,L2,D3,L1,D3: exhausted states 2 best 7 0.0s | cpu 57m00s wall 1h07m eta~10h37m best 91
  [2543/21778  11.7%] exit 1 U1,L1,L1,L1,U3,U1,U3: exhausted states 4,734 best 25 0.007s | cpu 57m00s wall 1h07m eta~10h37m best 91
  [2544/21778  11.7%] exit 1 U1,L1,L1,U2,U2,L2,D3: exhausted states 3 best 7 0.0s | cpu 57m00s wall 1h07m eta~10h36m best 91
  [2545/21778  11.7%] exit 1 U1,U1,L3,U3,R3,R1,U1: exhausted states 3 best 7 0.0s | cpu 57m00s wall 1h07m eta~10h36m best 91
  [2546/21778  11.7%] exit 1 U1,L2,U1,L3,U3,R2,U2: exhausted states 3,129 best 24 0.01s | cpu 57m00s wall 1h07m eta~10h35m best 91
  [2547/21778  11.7%] exit 1 U1,R3,U1,L1,U1,U1,L3: exhausted states 7,266 best 26 0.016s | cpu 57m00s wall 1h07m eta~10h35m best 91
  [2548/21778  11.7%] exit 1 U1,L1,L3,U2,U1,L3,U3: exhausted states 1,074 best 24 0.004s | cpu 57m00s wall 1h07m eta~10h35m best 91
  [2549/21778  11.7%] exit 1 L1,L1,U1,U3,L3,U2,U2: exhausted states 7,200 best 39 0.039s | cpu 57m00s wall 1h07m eta~10h34m best 91
  [2550/21778  11.7%] exit 1 L1,L1,U1,U3,R3,R2,R1: exhausted states 357 best 14 0.001s | cpu 57m00s wall 1h07m eta~10h34m best 91
  [2551/21778  11.7%] exit 1 U1,L3,U2,L2,U2,U2,L3: exhausted states 6 best 8 0.0s | cpu 57m00s wall 1h07m eta~10h34m best 91
  [2552/21778  11.7%] exit 1 U1,L3,U3,L1,L3,D3,D1: exhausted states 4 best 8 0.0s | cpu 57m00s wall 1h07m eta~10h33m best 91
  [2553/21778  11.7%] exit 1 U1,L2,U3,U1,U1,L3,L2: exhausted states 89 best 13 0.001s | cpu 57m00s wall 1h07m eta~10h33m best 91
  [2554/21778  11.7%] exit 1 L1,U1,U3,L3,U1,U3,L1: exhausted states 79 best 14 0.0s | cpu 57m00s wall 1h07m eta~10h33m best 91
  [2555/21778  11.7%] exit 1 U1,R1,U2,U1,L1,L1,L1: exhausted states 8,718 best 28 0.051s | cpu 57m00s wall 1h07m eta~10h32m best 91
  [2556/21778  11.7%] exit 1 U1,L3,U2,L3,U1,R2,U2: exhausted states 261 best 17 0.001s | cpu 57m00s wall 1h07m eta~10h32m best 91
  [2557/21778  11.7%] exit 1 U1,U1,L3,L2,U2,L2,U2: exhausted states 90 best 14 0.001s | cpu 57m00s wall 1h07m eta~10h32m best 91
  [2558/21778  11.7%] exit 1 U1,L2,U1,R3,U1,U1,L1: exhausted states 734 best 14 0.003s | cpu 57m00s wall 1h07m eta~10h31m best 91
  [2559/21778  11.8%] exit 1 L1,U1,U1,U3,R2,U3,L3: exhausted states 3,754 best 24 0.025s | cpu 57m00s wall 1h07m eta~10h31m best 91
  [2560/21778  11.8%] exit 1 L1,U1,U3,U2,L1,D1,D1: exhausted states 5,163,673 best 63 96.703s | cpu 58m37s wall 1h07m eta~10h32m best 91
  [2561/21778  11.8%] exit 1 U1,L3,U3,U1,R1,U1,R3: exhausted states 2 best 7 0.0s | cpu 58m37s wall 1h07m eta~10h32m best 91
  [2562/21778  11.8%] exit 1 L1,U1,U1,U3,L2,U3,L1: exhausted states 41 best 11 0.0s | cpu 58m37s wall 1h07m eta~10h31m best 91
  [2563/21778  11.8%] exit 1 U1,L3,U3,L3,L2,U2,U2: exhausted states 160 best 13 0.0s | cpu 58m37s wall 1h07m eta~10h31m best 91
  [2564/21778  11.8%] exit 1 U1,L1,U3,L3,U2,R1,U2: exhausted states 135 best 11 0.0s | cpu 58m37s wall 1h07m eta~10h31m best 91
  [2565/21778  11.8%] exit 1 U1,L1,U2,L3,L2,U2,R1: exhausted states 707 best 13 0.002s | cpu 58m37s wall 1h07m eta~10h30m best 91
  [2566/21778  11.8%] exit 1 U1,L2,L1,U3,L2,D2,D1: exhausted states 2 best 7 0.0s | cpu 58m37s wall 1h07m eta~10h30m best 91
  [2567/21778  11.8%] exit 1 L1,U1,U3,U1,R3,U3,L3: exhausted states 623 best 19 0.001s | cpu 58m37s wall 1h07m eta~10h30m best 91
  [2568/21778  11.8%] exit 1 L1,U1,U3,R3,U2,U1,L3: exhausted states 1,226 best 19 0.006s | cpu 58m37s wall 1h07m eta~10h29m best 91
  [2569/21778  11.8%] exit 1 U1,L2,U1,U3,R3,U2,R2: exhausted states 66 best 15 0.0s | cpu 58m37s wall 1h07m eta~10h29m best 91
  [2570/21778  11.8%] exit 1 U1,L1,L1,U3,U2,L3,D3: exhausted states 3 best 7 0.0s | cpu 58m37s wall 1h07m eta~10h29m best 91
  [2571/21778  11.8%] exit 1 U1,L3,U1,L1,L3,U3,U2: exhausted states 2,801 best 39 0.009s | cpu 58m37s wall 1h07m eta~10h28m best 91
  [2572/21778  11.8%] exit 1 R1,U1,U3,U2,L1,U1,L3: exhausted states 28,234 best 32 0.038s | cpu 58m37s wall 1h07m eta~10h28m best 91
  [2573/21778  11.8%] exit 1 U1,L2,U3,U2,R3,D3,R1: exhausted states 21 best 9 0.0s | cpu 58m37s wall 1h07m eta~10h28m best 91
  [2574/21778  11.8%] exit 1 U1,L2,U3,L3,U3,R2,R1: exhausted states 1,068 best 19 0.003s | cpu 58m37s wall 1h07m eta~10h27m best 91
  [2575/21778  11.8%] exit 1 L1,U1,U1,U1,L2,L2,U3: exhausted states 6 best 8 0.0s | cpu 58m37s wall 1h07m eta~10h27m best 91
  [2576/21778  11.8%] exit 1 L1,L1,U1,U1,R3,U1,R3: exhausted states 337 best 12 0.0s | cpu 58m37s wall 1h07m eta~10h27m best 91
  [2577/21778  11.8%] exit 1 U1,L2,U2,U2,R1,D3,R2: exhausted states 28 best 11 0.0s | cpu 58m37s wall 1h07m eta~10h26m best 91
  [2578/21778  11.8%] exit 1 U1,L3,U2,L3,U3,L2,U1: exhausted states 535 best 17 0.001s | cpu 58m37s wall 1h07m eta~10h26m best 91
  [2579/21778  11.8%] exit 1 L1,U1,L3,U3,U2,U1,R3: exhausted states 806 best 16 0.001s | cpu 58m37s wall 1h07m eta~10h26m best 91
  [2580/21778  11.8%] exit 1 L1,U1,L2,U3,U2,L2,U2: exhausted states 1,218 best 16 0.002s | cpu 58m37s wall 1h07m eta~10h25m best 91
  [2581/21778  11.9%] exit 1 U1,U1,L3,L1,U3,U2,L2: exhausted states 6 best 8 0.0s | cpu 58m37s wall 1h07m eta~10h25m best 91
  [2582/21778  11.9%] exit 1 L1,U1,U3,L3,U1,U3,L3: exhausted states 78 best 14 0.0s | cpu 58m37s wall 1h07m eta~10h25m best 91
  [2583/21778  11.9%] exit 1 U1,L2,U3,L1,U3,L2,U2: exhausted states 6 best 8 0.0s | cpu 58m37s wall 1h07m eta~10h24m best 91
  [2584/21778  11.9%] exit 1 U1,L3,U2,R1,R1,U1,U1: exhausted states 1,218 best 15 0.001s | cpu 58m37s wall 1h07m eta~10h24m best 91
  [2585/21778  11.9%] exit 1 L1,U1,L3,U2,U2,R2,D3: exhausted states 251 best 14 0.0s | cpu 58m37s wall 1h07m eta~10h24m best 91
  [2586/21778  11.9%] exit 1 U1,U1,L3,U2,L2,U1,R3: exhausted states 37 best 12 0.0s | cpu 58m37s wall 1h07m eta~10h23m best 91
  [2587/21778  11.9%] exit 1 U1,L1,U3,U2,U2,L3,L1: exhausted states 44 best 12 0.0s | cpu 58m37s wall 1h07m eta~10h23m best 91
  [2588/21778  11.9%] exit 1 U1,U1,U3,L1,L3,U3,R1: exhausted states 104 best 12 0.0s | cpu 58m37s wall 1h07m eta~10h23m best 91
  [2589/21778  11.9%] exit 1 U1,U1,L3,L1,L3,U3,U2: exhausted states 494 best 17 0.001s | cpu 58m37s wall 1h07m eta~10h22m best 91
  [2590/21778  11.9%] exit 1 U1,L1,U1,L3,U2,U1,R3: exhausted states 131 best 11 0.0s | cpu 58m37s wall 1h07m eta~10h22m best 91
  [2591/21778  11.9%] exit 1 L1,U1,L2,U3,L1,D3,D2: exhausted states 1 best 7 0.0s | cpu 58m37s wall 1h07m eta~10h22m best 91
  [2592/21778  11.9%] exit 1 U1,L1,L3,U3,L1,U1,U3: exhausted states 2,472 best 24 0.005s | cpu 58m37s wall 1h07m eta~10h21m best 91
  [2593/21778  11.9%] exit 1 U1,L3,U2,L2,L2,D1,R1: exhausted states 5 best 7 0.0s | cpu 58m37s wall 1h07m eta~10h21m best 91
  [2594/21778  11.9%] exit 1 L1,U1,L1,U3,L1,U1,U1: exhausted states 2,651 best 24 0.003s | cpu 58m37s wall 1h07m eta~10h21m best 91
  [2595/21778  11.9%] exit 1 L1,U1,U3,R3,U1,U1,R2: exhausted states 2 best 7 0.0s | cpu 58m37s wall 1h07m eta~10h20m best 91
  [2596/21778  11.9%] exit 1 U1,L3,U3,U1,L1,U3,L3: exhausted states 48 best 13 0.0s | cpu 58m37s wall 1h07m eta~10h20m best 91
  [2597/21778  11.9%] exit 1 U1,U1,L1,U1,U3,L2,L1: exhausted states 361 best 16 0.001s | cpu 58m37s wall 1h07m eta~10h20m best 91
  [2598/21778  11.9%] exit 1 U1,U1,L1,U1,L2,L2,U2: exhausted states 6 best 8 0.0s | cpu 58m37s wall 1h07m eta~10h19m best 91
  [2599/21778  11.9%] exit 1 U1,L1,U2,L2,U3,L3,U1: exhausted states 73 best 12 0.0s | cpu 58m37s wall 1h07m eta~10h19m best 91
  [2600/21778  11.9%] exit 1 L1,U1,U1,U3,L1,U1,L2: exhausted states 2 best 7 0.0s | cpu 58m37s wall 1h07m eta~10h19m best 91
  [2601/21778  11.9%] exit 1 U1,L3,U2,R3,U2,U1,L3: exhausted states 451 best 13 0.001s | cpu 58m37s wall 1h07m eta~10h18m best 91
  [2602/21778  11.9%] exit 1 U1,L1,U2,U2,L2,U2,R1: exhausted states 706 best 17 0.001s | cpu 58m37s wall 1h07m eta~10h18m best 91
  [2603/21778  12.0%] exit 1 L1,U1,U3,L2,D1,L2,U2: exhausted states 646,695 best 42 4.189s | cpu 58m41s wall 1h07m eta~10h18m best 91
  [2604/21778  12.0%] exit 1 L1,U1,U3,R3,U2,L3,U2: exhausted states 665 best 15 0.002s | cpu 58m41s wall 1h07m eta~10h18m best 91
  [2605/21778  12.0%] exit 1 L1,L1,U1,U1,R2,R2,R1: exhausted states 333 best 13 0.006s | cpu 58m41s wall 1h07m eta~10h18m best 91
  [2606/21778  12.0%] exit 1 U1,L3,U2,L2,U2,R2,R1: exhausted states 8,445 best 25 0.101s | cpu 58m41s wall 1h07m eta~10h17m best 91
  [2607/21778  12.0%] exit 1 U1,U1,U3,L2,L2,U2,L1: exhausted states 1,241,131 best 62 30.995s | cpu 59m12s wall 1h07m eta~10h20m best 91
  [2608/21778  12.0%] exit 1 U1,U1,U3,R3,U3,L1,L1: exhausted states 58,844 best 35 0.45s | cpu 59m13s wall 1h07m eta~10h20m best 91
  [2609/21778  12.0%] exit 1 U1,L2,L2,U1,U1,U3,R2: exhausted states 839 best 20 0.002s | cpu 59m13s wall 1h07m eta~10h19m best 91
  [2610/21778  12.0%] exit 1 U1,L3,U1,L3,U3,L2,U3: exhausted states 388 best 16 0.001s | cpu 59m13s wall 1h07m eta~10h19m best 91
  [2611/21778  12.0%] exit 1 U1,U1,U3,L1,D3,L2,D3: exhausted states 143 best 12 0.0s | cpu 59m13s wall 1h07m eta~10h19m best 91
  [2612/21778  12.0%] exit 1 L1,U1,U1,L3,L2,U2,R1: exhausted states 1,475 best 14 0.002s | cpu 59m13s wall 1h07m eta~10h18m best 91
  [2613/21778  12.0%] exit 1 U1,U1,L1,U2,U1,L2,L1: exhausted states 89 best 12 0.0s | cpu 59m13s wall 1h07m eta~10h18m best 91
  [2614/21778  12.0%] exit 1 U1,U1,L3,L2,U3,L3,U2: exhausted states 40 best 12 0.0s | cpu 59m13s wall 1h07m eta~10h18m best 91
  [2615/21778  12.0%] exit 1 L1,U1,U3,U1,R1,R3,D2: exhausted states 12 best 8 0.0s | cpu 59m13s wall 1h07m eta~10h17m best 91
  [2616/21778  12.0%] exit 1 U1,U1,U1,L2,L1,U2,L3: exhausted states 328 best 16 0.001s | cpu 59m13s wall 1h07m eta~10h17m best 91
  [2617/21778  12.0%] exit 1 L1,U1,U1,U3,L2,D3,D1: exhausted states 15 best 9 0.0s | cpu 59m13s wall 1h07m eta~10h17m best 91
  [2618/21778  12.0%] exit 1 U1,R3,U3,L1,L3,L2,U1: exhausted states 1,355,720 best 56 15.355s | cpu 59m28s wall 1h07m eta~10h19m best 91
  [2619/21778  12.0%] exit 1 U1,R2,U2,L1,U2,L2,L2: exhausted states 1,853 best 18 0.002s | cpu 59m28s wall 1h07m eta~10h18m best 91
  [2620/21778  12.0%] exit 1 U1,U1,R2,U1,U3,L1,D1: exhausted states 2,112,212 best 72 42.42s | cpu 1h00m wall 1h08m eta~10h19m best 91
  [2621/21778  12.0%] exit 1 U1,L1,L3,U3,U2,R2,U3: exhausted states 2,555 best 26 0.005s | cpu 1h00m wall 1h08m eta~10h19m best 91
  [2622/21778  12.0%] exit 1 U1,L3,U1,L3,U2,R1,R3: exhausted states 901 best 17 0.002s | cpu 1h00m wall 1h08m eta~10h19m best 91
  [2623/21778  12.0%] exit 1 U1,U1,L2,L1,U2,U1,R2: exhausted states 174 best 15 0.001s | cpu 1h00m wall 1h08m eta~10h18m best 91
  [2624/21778  12.0%] exit 1 U1,L3,L1,U2,U2,R1,R1: exhausted states 252 best 16 0.001s | cpu 1h00m wall 1h08m eta~10h18m best 91
  [2625/21778  12.1%] exit 1 U1,L2,L2,U2,U2,U1,L1: exhausted states 3 best 7 0.0s | cpu 1h00m wall 1h08m eta~10h18m best 91
  [2626/21778  12.1%] exit 1 U1,U1,L1,U3,L1,L3,U2: exhausted states 72 best 12 0.0s | cpu 1h00m wall 1h08m eta~10h17m best 91
  [2627/21778  12.1%] exit 1 U1,U1,L3,L1,U3,L1,U1: exhausted states 3 best 7 0.0s | cpu 1h00m wall 1h08m eta~10h17m best 91
  [2628/21778  12.1%] exit 1 U1,L1,U3,L2,U2,L1,D1: exhausted states 3,326 best 26 0.004s | cpu 1h00m wall 1h08m eta~10h17m best 91
  [2629/21778  12.1%] exit 1 U1,R2,U2,L1,L1,D1,U2: exhausted states 2,284,385 best 51 20.792s | cpu 1h00m wall 1h08m eta~10h19m best 91
  [2630/21778  12.1%] exit 1 U1,L3,U1,U1,U1,L3,L2: exhausted states 75 best 12 0.0s | cpu 1h00m wall 1h08m eta~10h19m best 91
  [2631/21778  12.1%] exit 1 U1,L2,U1,U3,U2,L1,D1: exhausted states 4,694,128 best 49 43.526s | cpu 1h01m wall 1h09m eta~10h25m best 91
  [2632/21778  12.1%] exit 1 L1,U1,U1,R1,U2,U2,L2: exhausted states 371 best 13 0.0s | cpu 1h01m wall 1h09m eta~10h25m best 91
  [2633/21778  12.1%] exit 1 U1,L1,U3,L3,U3,L1,U3: exhausted states 2 best 7 0.0s | cpu 1h01m wall 1h09m eta~10h25m best 91
  [2634/21778  12.1%] exit 1 U1,U1,U1,L3,U3,L3,L1: exhausted states 361 best 16 0.0s | cpu 1h01m wall 1h09m eta~10h24m best 91
  [2635/21778  12.1%] exit 1 L1,U1,L2,U1,U3,R1,U2: exhausted states 222 best 11 0.0s | cpu 1h01m wall 1h09m eta~10h24m best 91
  [2636/21778  12.1%] exit 1 L1,U1,U3,U2,L2,U1,R2: exhausted states 1,413,593 best 67 19.22s | cpu 1h01m wall 1h09m eta~10h27m best 91
  [2637/21778  12.1%] exit 1 U1,L1,U3,L3,U3,R3,U1: exhausted states 96 best 11 0.0s | cpu 1h01m wall 1h09m eta~10h26m best 91
  [2638/21778  12.1%] exit 1 U1,L1,U3,L2,D1,D1,L1: exhausted states 3 best 7 0.0s | cpu 1h01m wall 1h09m eta~10h26m best 91
  [2639/21778  12.1%] exit 1 U1,L1,L3,L2,U3,U2,U2: exhausted states 226,497 best 44 1.396s | cpu 1h01m wall 1h09m eta~10h26m best 91
  [2640/21778  12.1%] exit 1 U1,L2,U1,L2,L2,D3,D2: exhausted states 7 best 8 0.0s | cpu 1h01m wall 1h09m eta~10h26m best 91
  [2641/21778  12.1%] exit 1 U1,L1,U2,U1,L2,U2,R1: exhausted states 250 best 14 0.001s | cpu 1h01m wall 1h09m eta~10h25m best 91
  [2642/21778  12.1%] exit 1 U1,L2,L2,U3,U2,L3,D1: exhausted states 6 best 7 0.0s | cpu 1h01m wall 1h09m eta~10h25m best 91
  [2643/21778  12.1%] exit 1 L1,U1,L2,U1,R3,U1,U3: exhausted states 1,582 best 23 0.003s | cpu 1h01m wall 1h09m eta~10h25m best 91
  [2644/21778  12.1%] exit 1 U1,U1,L2,L1,D3,D1,L2: exhausted states 2 best 7 0.0s | cpu 1h01m wall 1h09m eta~10h24m best 91
  [2645/21778  12.1%] exit 1 U1,U1,L1,U2,L3,L2,U3: exhausted states 6 best 8 0.0s | cpu 1h01m wall 1h09m eta~10h24m best 91
  [2646/21778  12.1%] exit 1 L1,U1,L3,L2,U2,U2,U2: exhausted states 8,046 best 36 0.018s | cpu 1h01m wall 1h09m eta~10h24m best 91
  [2647/21778  12.2%] exit 1 U1,R2,U1,U3,L1,L1,L3: exhausted states 3,480,581 best 74 115.669s | cpu 1h03m wall 1h09m eta~10h27m best 91
  [2648/21778  12.2%] exit 1 U1,U1,L3,U3,U1,L1,L3: exhausted states 330 best 16 0.002s | cpu 1h03m wall 1h09m eta~10h26m best 91
  [2649/21778  12.2%] exit 1 U1,L1,U2,U1,R2,U1,R2: exhausted states 2 best 7 0.0s | cpu 1h03m wall 1h09m eta~10h26m best 91
  [2650/21778  12.2%] exit 1 L1,L1,U1,U3,U2,L2,D3: exhausted states 27 best 11 0.0s | cpu 1h03m wall 1h09m eta~10h26m best 91
  [2651/21778  12.2%] exit 1 L1,U1,L3,U1,U1,L2,U1: exhausted states 2,599 best 24 0.007s | cpu 1h03m wall 1h09m eta~10h25m best 91
  [2652/21778  12.2%] exit 1 L1,U1,U1,R1,U2,U2,L1: exhausted states 374 best 13 0.002s | cpu 1h03m wall 1h09m eta~10h25m best 91
  [2653/21778  12.2%] exit 1 U1,L3,U1,U3,L3,U2,L1: exhausted states 3,811 best 33 0.021s | cpu 1h03m wall 1h09m eta~10h25m best 91
  [2654/21778  12.2%] exit 1 R1,U1,U3,L1,U2,L1,D1: exhausted states 770 best 18 0.002s | cpu 1h03m wall 1h09m eta~10h24m best 91
  [2655/21778  12.2%] exit 1 U1,L2,U3,U1,R2,R2,U1: exhausted states 7 best 8 0.0s | cpu 1h03m wall 1h09m eta~10h24m best 91
  [2656/21778  12.2%] exit 1 U1,L3,U3,U2,U2,L2,L2: exhausted states 46 best 12 0.001s | cpu 1h03m wall 1h09m eta~10h24m best 91
  [2657/21778  12.2%] exit 1 U1,L3,U2,U1,R1,R1,U1: exhausted states 3 best 7 0.0s | cpu 1h03m wall 1h09m eta~10h23m best 91
  [2658/21778  12.2%] exit 1 U1,U1,L2,U3,U1,R2,R1: exhausted states 13 best 9 0.0s | cpu 1h03m wall 1h09m eta~10h23m best 91
  [2659/21778  12.2%] exit 1 U1,L3,U2,L2,U1,L3,U1: exhausted states 445 best 24 0.004s | cpu 1h03m wall 1h09m eta~10h23m best 91
  [2660/21778  12.2%] exit 1 L1,U1,U1,L3,U3,L3,D2: exhausted states 13 best 9 0.0s | cpu 1h03m wall 1h09m eta~10h22m best 91
  [2661/21778  12.2%] exit 1 U1,L3,U1,U3,R2,D1,R1: exhausted states 3 best 7 0.0s | cpu 1h03m wall 1h09m eta~10h22m best 91
  [2662/21778  12.2%] exit 1 U1,L1,L1,U3,L1,D3,D2: exhausted states 1 best 7 0.0s | cpu 1h03m wall 1h09m eta~10h22m best 91
  [2663/21778  12.2%] exit 1 U1,U1,U3,R3,U3,L1,L3: exhausted states 73,237 best 38 0.987s | cpu 1h03m wall 1h09m eta~10h22m best 91
  [2664/21778  12.2%] exit 1 L1,U1,U3,R1,U1,U3,R2: exhausted states 28 best 10 0.0s | cpu 1h03m wall 1h09m eta~10h21m best 91
  [2665/21778  12.2%] exit 1 U1,U1,L1,U1,L3,U2,R1: exhausted states 32 best 10 0.0s | cpu 1h03m wall 1h09m eta~10h21m best 91
  [2666/21778  12.2%] exit 1 L1,U1,L1,U2,U2,U1,L3: exhausted states 2 best 7 0.0s | cpu 1h03m wall 1h09m eta~10h21m best 91
  [2667/21778  12.2%] exit 1 L1,U1,U3,U2,R1,R3,D1: exhausted states 275,918 best 42 2.566s | cpu 1h03m wall 1h09m eta~10h21m best 91
  [2668/21778  12.3%] exit 1 L1,U1,L2,U2,R3,U1,R3: exhausted states 164 best 12 0.001s | cpu 1h03m wall 1h09m eta~10h20m best 91
  [2669/21778  12.3%] exit 1 U1,L1,U3,U1,L3,U2,R2: exhausted states 61 best 11 0.0s | cpu 1h03m wall 1h09m eta~10h20m best 91
  [2670/21778  12.3%] exit 1 L1,U1,U1,U1,L3,L1,D3: exhausted states 16 best 9 0.0s | cpu 1h03m wall 1h09m eta~10h20m best 91
  [2671/21778  12.3%] exit 1 U1,L2,U1,L3,L2,U3,R1: exhausted states 1,951 best 22 0.007s | cpu 1h03m wall 1h09m eta~10h19m best 91
  [2672/21778  12.3%] exit 1 U1,L3,U2,U1,L3,U2,L1: exhausted states 7 best 8 0.0s | cpu 1h03m wall 1h09m eta~10h19m best 91
  [2673/21778  12.3%] exit 1 U1,L2,U3,U1,L3,L2,U1: exhausted states 7 best 8 0.0s | cpu 1h03m wall 1h09m eta~10h19m best 91
  [2674/21778  12.3%] exit 1 L1,U1,U3,L3,L2,D1,D3: exhausted states 4 best 9 0.0s | cpu 1h03m wall 1h09m eta~10h19m best 91
  [2675/21778  12.3%] exit 1 U1,L3,U1,L1,U2,L2,U2: exhausted states 6 best 8 0.0s | cpu 1h03m wall 1h09m eta~10h18m best 91
  [2676/21778  12.3%] exit 1 U1,U1,U3,L2,U3,L1,L3: exhausted states 1,784 best 24 0.007s | cpu 1h03m wall 1h09m eta~10h18m best 91
  [2677/21778  12.3%] exit 1 U1,R2,U3,L1,L1,D3,L1: exhausted states 12,641 best 27 0.033s | cpu 1h03m wall 1h09m eta~10h18m best 91
  [2678/21778  12.3%] exit 1 U1,L3,U1,U3,R2,U2,L1: exhausted states 85,443 best 45 0.773s | cpu 1h03m wall 1h09m eta~10h17m best 91
  [2679/21778  12.3%] exit 1 U1,L3,U3,L2,D3,L1,U2: exhausted states 5,823 best 26 0.02s | cpu 1h03m wall 1h09m eta~10h17m best 91
  [2680/21778  12.3%] exit 1 U1,L1,U1,L2,U2,U2,R2: exhausted states 37 best 10 0.0s | cpu 1h03m wall 1h09m eta~10h17m best 91
  [2681/21778  12.3%] exit 1 L1,U1,L1,U2,U2,L3,U1: exhausted states 1,495 best 24 0.003s | cpu 1h03m wall 1h09m eta~10h16m best 91
  [2682/21778  12.3%] exit 1 U1,U1,L1,L3,U3,L1,U1: exhausted states 3 best 7 0.0s | cpu 1h03m wall 1h09m eta~10h16m best 91
  [2683/21778  12.3%] exit 1 U1,L2,U2,L2,D2,L2,U2: exhausted states 128,846 best 40 1.046s | cpu 1h03m wall 1h09m eta~10h16m best 91
  [2684/21778  12.3%] exit 1 U1,R2,U2,U2,L1,L1,D1: exhausted states 437,545 best 51 6.219s | cpu 1h03m wall 1h10m eta~10h17m best 91
  [2685/21778  12.3%] exit 1 U1,R2,U3,L1,U1,U3,L1: exhausted states 871,353 best 50 4.498s | cpu 1h03m wall 1h10m eta~10h17m best 91
  [2686/21778  12.3%] exit 1 U1,U1,L3,L1,L3,U1,R1: exhausted states 3,406 best 25 0.01s | cpu 1h03m wall 1h10m eta~10h17m best 91
  [2687/21778  12.3%] exit 1 U1,L1,U3,U2,L3,U2,L2: exhausted states 90 best 14 0.0s | cpu 1h03m wall 1h10m eta~10h16m best 91
  [2688/21778  12.3%] exit 1 U1,L2,U3,R1,U2,U2,R2: exhausted states 6 best 8 0.0s | cpu 1h03m wall 1h10m eta~10h16m best 91
  [2689/21778  12.3%] exit 1 U1,L2,U1,U3,R1,D1,R1: exhausted states 513,961 best 62 7.458s | cpu 1h03m wall 1h10m eta~10h17m best 91
  [2690/21778  12.4%] exit 1 U1,U1,L2,L2,U2,U1,L1: exhausted states 3 best 7 0.0s | cpu 1h03m wall 1h10m eta~10h16m best 91
  [2691/21778  12.4%] exit 1 U1,U1,L1,L3,L1,D3,D2: exhausted states 7 best 8 0.0s | cpu 1h03m wall 1h10m eta~10h16m best 91
  [2692/21778  12.4%] exit 1 L1,U1,U3,U2,R2,R2,D1: exhausted states 6,128,850 best 60 67.883s | cpu 1h05m wall 1h10m eta~10h19m best 91
  [2693/21778  12.4%] exit 1 L1,U1,L3,U2,R2,U1,L3: exhausted states 7,963 best 33 0.017s | cpu 1h05m wall 1h10m eta~10h19m best 91
  [2694/21778  12.4%] exit 1 U1,L3,U3,L1,U1,L1,U1: exhausted states 3 best 7 0.0s | cpu 1h05m wall 1h10m eta~10h18m best 91
  [2695/21778  12.4%] exit 1 U1,R3,U2,L1,U2,L3,U1: exhausted states 2,058 best 18 0.003s | cpu 1h05m wall 1h10m eta~10h18m best 91
  [2696/21778  12.4%] exit 1 U1,L1,U2,U2,L1,L3,U1: exhausted states 225 best 13 0.0s | cpu 1h05m wall 1h10m eta~10h18m best 91
  [2697/21778  12.4%] exit 1 R1,U1,U3,U1,L1,L3,D3: exhausted states 7,971 best 24 0.012s | cpu 1h05m wall 1h10m eta~10h17m best 91
  [2698/21778  12.4%] exit 1 U1,L2,U3,R3,U2,L3,L1: exhausted states 222 best 13 0.001s | cpu 1h05m wall 1h10m eta~10h17m best 91
  [2699/21778  12.4%] exit 1 U1,L2,U3,L2,D1,L1,D2: exhausted states 2 best 7 0.0s | cpu 1h05m wall 1h10m eta~10h17m best 91
  [2700/21778  12.4%] exit 1 L1,U1,L2,U3,U2,R3,D3: exhausted states 3 best 7 0.0s | cpu 1h05m wall 1h10m eta~10h16m best 91
  [2701/21778  12.4%] exit 1 U1,L3,L2,U2,U1,R2,U3: exhausted states 176 best 11 0.0s | cpu 1h05m wall 1h10m eta~10h16m best 91
  [2702/21778  12.4%] exit 1 L1,U1,U3,L3,D3,D1,L1: exhausted states 3 best 7 0.0s | cpu 1h05m wall 1h10m eta~10h16m best 91
  [2703/21778  12.4%] exit 1 U1,L3,U3,R2,U2,U2,R2: exhausted states 6 best 8 0.0s | cpu 1h05m wall 1h10m eta~10h15m best 91
  [2704/21778  12.4%] exit 1 L1,U1,U1,R2,R2,U3,L1: exhausted states 221 best 12 0.0s | cpu 1h05m wall 1h10m eta~10h15m best 91
  [2705/21778  12.4%] exit 1 L1,U1,L1,U2,U2,L2,D2: exhausted states 3 best 7 0.0s | cpu 1h05m wall 1h10m eta~10h15m best 91
  [2706/21778  12.4%] exit 1 U1,L1,L1,U2,U1,U3,R2: exhausted states 3,171 best 25 0.013s | cpu 1h05m wall 1h10m eta~10h15m best 91
  [2707/21778  12.4%] exit 1 U1,L2,U2,L1,U3,L3,U3: exhausted states 640 best 21 0.001s | cpu 1h05m wall 1h10m eta~10h14m best 91
  [2708/21778  12.4%] exit 1 U1,L2,L2,U2,U2,L2,D3: exhausted states 3 best 7 0.0s | cpu 1h05m wall 1h10m eta~10h14m best 91
  [2709/21778  12.4%] exit 1 L1,U1,U1,U1,L2,L2,U2: exhausted states 6 best 8 0.0s | cpu 1h05m wall 1h10m eta~10h14m best 91
  [2710/21778  12.4%] exit 1 L1,L1,U1,U3,R1,U2,U2: exhausted states 473 best 12 0.001s | cpu 1h05m wall 1h10m eta~10h13m best 91
  [2711/21778  12.4%] exit 1 U1,L1,U3,L1,U3,U2,R1: exhausted states 158 best 11 0.0s | cpu 1h05m wall 1h10m eta~10h13m best 91
  [2712/21778  12.5%] exit 1 L1,U1,U3,U1,R1,R1,U3: exhausted states 2 best 7 0.0s | cpu 1h05m wall 1h10m eta~10h13m best 91
  [2713/21778  12.5%] exit 1 U1,L3,U3,L3,D2,L2,U2: exhausted states 10,989 best 30 0.041s | cpu 1h05m wall 1h10m eta~10h12m best 91
  [2714/21778  12.5%] exit 1 U1,L2,L1,L1,U3,U2,U2: exhausted states 79,590 best 38 0.35s | cpu 1h05m wall 1h10m eta~10h12m best 91
  [2715/21778  12.5%] exit 1 U1,L3,U3,L1,L3,U1,U1: exhausted states 759 best 24 0.001s | cpu 1h05m wall 1h10m eta~10h12m best 91
  [2716/21778  12.5%] exit 1 U1,U1,L2,L1,U2,U1,L2: exhausted states 2 best 7 0.0s | cpu 1h05m wall 1h10m eta~10h12m best 91
  [2717/21778  12.5%] exit 1 U1,L3,L1,U2,L1,U3,U2: exhausted states 1,252 best 24 0.002s | cpu 1h05m wall 1h10m eta~10h11m best 91
  [2718/21778  12.5%] exit 1 L1,U1,U1,U3,R2,U3,R1: exhausted states 29 best 10 0.0s | cpu 1h05m wall 1h10m eta~10h11m best 91
  [2719/21778  12.5%] exit 1 U1,U1,U3,L1,U2,L1,D1: exhausted states 6,164,318 best 79 269.038s | cpu 1h09m wall 1h14m eta~10h46m best 91
