layer K=6: 2738 jobs over exits [2]
[results/camp_e2] jobs done 0/2738  exhausted 0  NOT exhausted 0  states 0  cpu 0m00s  best depth 0
running 2738 jobs on 1 workers with backsearch_worker_nt  extra=[]
  ** new campaign best: depth 10 (exit 2, U1,U1,U1,U1,R1,R1)
  [1/2738   0.0%] exit 2 U1,U1,U1,U1,R1,R1: exhausted states 40 best 10 0.0s | cpu 0m00s wall 0m00s eta~1m07s best 10
  [2/2738   0.1%] exit 2 U1,U1,U1,U1,R1,R3: exhausted states 39 best 10 0.0s | cpu 0m00s wall 0m00s eta~1m01s best 10
  [3/2738   0.1%] exit 2 U1,U1,U1,U1,R2,R1: exhausted states 40 best 10 0.0s | cpu 0m00s wall 0m00s eta~0m57s best 10
  [4/2738   0.1%] exit 2 U1,U1,U1,U1,R2,R2: exhausted states 39 best 10 0.0s | cpu 0m00s wall 0m00s eta~0m57s best 10
  [5/2738   0.2%] exit 2 U1,U1,U1,U1,R3,R1: exhausted states 40 best 10 0.0s | cpu 0m00s wall 0m00s eta~0m55s best 10
  [6/2738   0.2%] exit 2 U1,U1,U1,U1,R3,R2: exhausted states 39 best 10 0.0s | cpu 0m00s wall 0m00s eta~0m55s best 10
  [7/2738   0.3%] exit 2 U1,U1,U1,U3,R1,R1: exhausted states 51 best 10 0.0s | cpu 0m00s wall 0m00s eta~0m55s best 10
  ** new campaign best: depth 14 (exit 2, U1,U1,U1,U3,R1,R3)
  [8/2738   0.3%] exit 2 U1,U1,U1,U3,R1,R3: exhausted states 149 best 14 0.0s | cpu 0m00s wall 0m00s eta~0m55s best 14
  ** new campaign best: depth 26 (exit 2, U1,U1,U1,U3,R1,D1)
  [9/2738   0.3%] exit 2 U1,U1,U1,U3,R1,D1: exhausted states 9,095 best 26 0.016s | cpu 0m00s wall 0m00s eta~1m00s best 26
  [10/2738   0.4%] exit 2 U1,U1,U1,U3,R2,R1: exhausted states 51 best 10 0.0s | cpu 0m00s wall 0m00s eta~0m59s best 26
  [11/2738   0.4%] exit 2 U1,U1,U1,U3,R2,R2: exhausted states 102 best 12 0.0s | cpu 0m00s wall 0m00s eta~0m58s best 26
  [12/2738   0.4%] exit 2 U1,U1,U1,U3,R2,D1: exhausted states 185 best 10 0.0s | cpu 0m00s wall 0m00s eta~0m57s best 26
  [13/2738   0.5%] exit 2 U1,U1,U1,U3,R3,R1: exhausted states 51 best 10 0.0s | cpu 0m00s wall 0m00s eta~0m57s best 26
  [14/2738   0.5%] exit 2 U1,U1,U1,U3,R3,R2: exhausted states 102 best 12 0.0s | cpu 0m00s wall 0m00s eta~0m57s best 26
  [15/2738   0.5%] exit 2 U1,U1,U1,U3,R3,D1: exhausted states 185 best 10 0.0s | cpu 0m00s wall 0m00s eta~0m57s best 26
  [16/2738   0.6%] exit 2 U1,U1,U1,R1,U1,R1: exhausted states 3 best 6 0.0s | cpu 0m00s wall 0m00s eta~0m57s best 26
  [17/2738   0.6%] exit 2 U1,U1,U1,R1,U1,R2: exhausted states 2 best 6 0.0s | cpu 0m00s wall 0m00s eta~0m57s best 26
  [18/2738   0.7%] exit 2 U1,U1,U1,R1,U1,R3: exhausted states 2 best 6 0.0s | cpu 0m00s wall 0m00s eta~0m56s best 26
  [19/2738   0.7%] exit 2 U1,U1,U1,R1,U2,R1: exhausted states 7 best 7 0.0s | cpu 0m00s wall 0m00s eta~0m56s best 26
  [20/2738   0.7%] exit 2 U1,U1,U1,R1,U2,R2: exhausted states 6 best 7 0.0s | cpu 0m00s wall 0m00s eta~0m56s best 26
  [21/2738   0.8%] exit 2 U1,U1,U1,R1,U2,R3: exhausted states 6 best 7 0.0s | cpu 0m00s wall 0m00s eta~0m56s best 26
  [22/2738   0.8%] exit 2 U1,U1,U1,R1,U3,R1: exhausted states 37 best 10 0.0s | cpu 0m00s wall 0m00s eta~0m55s best 26
  [23/2738   0.8%] exit 2 U1,U1,U1,R1,U3,R2: exhausted states 36 best 10 0.0s | cpu 0m00s wall 0m00s eta~0m55s best 26
  [24/2738   0.9%] exit 2 U1,U1,U1,R1,U3,R3: exhausted states 36 best 10 0.0s | cpu 0m00s wall 0m00s eta~0m55s best 26
  [25/2738   0.9%] exit 2 U1,U1,U1,R1,R1,U1: exhausted states 3 best 6 0.0s | cpu 0m00s wall 0m00s eta~0m54s best 26
  [26/2738   0.9%] exit 2 U1,U1,U1,R1,R1,U2: exhausted states 2 best 6 0.0s | cpu 0m00s wall 0m00s eta~0m54s best 26
  [27/2738   1.0%] exit 2 U1,U1,U1,R1,R1,U3: exhausted states 2 best 6 0.0s | cpu 0m00s wall 0m00s eta~0m54s best 26
  [28/2738   1.0%] exit 2 U1,U1,U1,R1,R1,D1: exhausted states 19 best 8 0.0s | cpu 0m00s wall 0m00s eta~0m54s best 26
  [29/2738   1.1%] exit 2 U1,U1,U1,R1,R1,D2: exhausted states 16 best 8 0.0s | cpu 0m00s wall 0m00s eta~0m54s best 26
  [30/2738   1.1%] exit 2 U1,U1,U1,R1,R1,D3: exhausted states 16 best 8 0.0s | cpu 0m00s wall 0m00s eta~0m54s best 26
  [31/2738   1.1%] exit 2 U1,U1,U1,R1,R3,U1: exhausted states 561 best 14 0.001s | cpu 0m00s wall 0m00s eta~0m54s best 26
  [32/2738   1.2%] exit 2 U1,U1,U1,R1,R3,U2: exhausted states 560 best 14 0.001s | cpu 0m00s wall 0m00s eta~0m54s best 26
  [33/2738   1.2%] exit 2 U1,U1,U1,R1,R3,U3: exhausted states 560 best 14 0.001s | cpu 0m00s wall 0m00s eta~0m54s best 26
  [34/2738   1.2%] exit 2 U1,U1,U1,R1,R3,D1: exhausted states 19 best 8 0.0s | cpu 0m00s wall 0m00s eta~0m54s best 26
  [35/2738   1.3%] exit 2 U1,U1,U1,R1,R3,D2: exhausted states 16 best 8 0.0s | cpu 0m00s wall 0m00s eta~0m54s best 26
  [36/2738   1.3%] exit 2 U1,U1,U1,R1,R3,D3: exhausted states 16 best 8 0.0s | cpu 0m00s wall 0m00s eta~0m54s best 26
  [37/2738   1.4%] exit 2 U1,U1,U1,R2,U1,R1: exhausted states 3 best 6 0.0s | cpu 0m00s wall 0m00s eta~0m54s best 26
  [38/2738   1.4%] exit 2 U1,U1,U1,R2,U1,R2: exhausted states 2 best 6 0.0s | cpu 0m00s wall 0m00s eta~0m54s best 26
  [39/2738   1.4%] exit 2 U1,U1,U1,R2,U1,R3: exhausted states 2 best 6 0.0s | cpu 0m00s wall 0m00s eta~0m54s best 26
  [40/2738   1.5%] exit 2 U1,U1,U1,R2,U1,L1: exhausted states 1,260 best 16 0.001s | cpu 0m00s wall 0m00s eta~0m54s best 26
  [41/2738   1.5%] exit 2 U1,U1,U1,R2,U1,L2: exhausted states 279 best 12 0.0s | cpu 0m00s wall 0m00s eta~0m54s best 26
  [42/2738   1.5%] exit 2 U1,U1,U1,R2,U1,L3: exhausted states 279 best 12 0.001s | cpu 0m00s wall 0m00s eta~0m54s best 26
  [43/2738   1.6%] exit 2 U1,U1,U1,R2,U2,R1: exhausted states 7 best 7 0.0s | cpu 0m00s wall 0m00s eta~0m54s best 26
  [44/2738   1.6%] exit 2 U1,U1,U1,R2,U2,R2: exhausted states 6 best 7 0.0s | cpu 0m00s wall 0m00s eta~0m54s best 26
  [45/2738   1.6%] exit 2 U1,U1,U1,R2,U2,R3: exhausted states 6 best 7 0.0s | cpu 0m00s wall 0m00s eta~0m54s best 26
  [46/2738   1.7%] exit 2 U1,U1,U1,R2,U2,L1: exhausted states 442 best 13 0.001s | cpu 0m00s wall 0m00s eta~0m54s best 26
  [47/2738   1.7%] exit 2 U1,U1,U1,R2,U2,L2: exhausted states 355 best 12 0.0s | cpu 0m00s wall 0m00s eta~0m54s best 26
  [48/2738   1.8%] exit 2 U1,U1,U1,R2,U2,L3: exhausted states 355 best 12 0.001s | cpu 0m00s wall 0m00s eta~0m54s best 26
  [49/2738   1.8%] exit 2 U1,U1,U1,R2,U3,R1: exhausted states 37 best 10 0.0s | cpu 0m00s wall 0m00s eta~0m54s best 26
  [50/2738   1.8%] exit 2 U1,U1,U1,R2,U3,R2: exhausted states 36 best 10 0.0s | cpu 0m00s wall 0m01s eta~0m54s best 26
  [51/2738   1.9%] exit 2 U1,U1,U1,R2,U3,R3: exhausted states 36 best 10 0.0s | cpu 0m00s wall 0m01s eta~0m54s best 26
  [52/2738   1.9%] exit 2 U1,U1,U1,R2,U3,L1: exhausted states 330 best 12 0.0s | cpu 0m00s wall 0m01s eta~0m54s best 26
  [53/2738   1.9%] exit 2 U1,U1,U1,R2,U3,L2: exhausted states 327 best 12 0.0s | cpu 0m00s wall 0m01s eta~0m53s best 26
  [54/2738   2.0%] exit 2 U1,U1,U1,R2,U3,L3: exhausted states 327 best 12 0.0s | cpu 0m00s wall 0m01s eta~0m53s best 26
  [55/2738   2.0%] exit 2 U1,U1,U1,R2,R1,U1: exhausted states 3 best 6 0.0s | cpu 0m00s wall 0m01s eta~0m53s best 26
  [56/2738   2.0%] exit 2 U1,U1,U1,R2,R1,U2: exhausted states 2 best 6 0.0s | cpu 0m00s wall 0m01s eta~0m54s best 26
  [57/2738   2.1%] exit 2 U1,U1,U1,R2,R1,U3: exhausted states 2 best 6 0.0s | cpu 0m00s wall 0m01s eta~0m54s best 26
  [58/2738   2.1%] exit 2 U1,U1,U1,R2,R1,D1: exhausted states 19 best 8 0.0s | cpu 0m00s wall 0m01s eta~0m53s best 26
  [59/2738   2.2%] exit 2 U1,U1,U1,R2,R1,D2: exhausted states 16 best 8 0.0s | cpu 0m00s wall 0m01s eta~0m53s best 26
  [60/2738   2.2%] exit 2 U1,U1,U1,R2,R1,D3: exhausted states 16 best 8 0.0s | cpu 0m00s wall 0m01s eta~0m53s best 26
  [61/2738   2.2%] exit 2 U1,U1,U1,R2,R2,U1: exhausted states 7 best 7 0.0s | cpu 0m00s wall 0m01s eta~0m53s best 26
  [62/2738   2.3%] exit 2 U1,U1,U1,R2,R2,U2: exhausted states 6 best 7 0.0s | cpu 0m00s wall 0m01s eta~0m53s best 26
  [63/2738   2.3%] exit 2 U1,U1,U1,R2,R2,U3: exhausted states 6 best 7 0.0s | cpu 0m00s wall 0m01s eta~0m53s best 26
  [64/2738   2.3%] exit 2 U1,U1,U1,R2,R2,D1: exhausted states 19 best 8 0.0s | cpu 0m00s wall 0m01s eta~0m53s best 26
  [65/2738   2.4%] exit 2 U1,U1,U1,R2,R2,D2: exhausted states 16 best 8 0.0s | cpu 0m00s wall 0m01s eta~0m53s best 26
  [66/2738   2.4%] exit 2 U1,U1,U1,R2,R2,D3: exhausted states 16 best 8 0.0s | cpu 0m00s wall 0m01s eta~0m53s best 26
  [67/2738   2.4%] exit 2 U1,U1,U1,R3,U1,R1: exhausted states 3 best 6 0.0s | cpu 0m00s wall 0m01s eta~0m53s best 26
  [68/2738   2.5%] exit 2 U1,U1,U1,R3,U1,R2: exhausted states 2 best 6 0.0s | cpu 0m00s wall 0m01s eta~0m53s best 26
  [69/2738   2.5%] exit 2 U1,U1,U1,R3,U1,R3: exhausted states 2 best 6 0.0s | cpu 0m00s wall 0m01s eta~0m53s best 26
  [70/2738   2.6%] exit 2 U1,U1,U1,R3,U1,L1: exhausted states 160 best 12 0.0s | cpu 0m00s wall 0m01s eta~0m53s best 26
  [71/2738   2.6%] exit 2 U1,U1,U1,R3,U1,L2: exhausted states 157 best 12 0.0s | cpu 0m00s wall 0m01s eta~0m53s best 26
  [72/2738   2.6%] exit 2 U1,U1,U1,R3,U1,L3: exhausted states 157 best 12 0.0s | cpu 0m00s wall 0m01s eta~0m53s best 26
  [73/2738   2.7%] exit 2 U1,U1,U1,R3,U2,R1: exhausted states 7 best 7 0.0s | cpu 0m00s wall 0m01s eta~0m53s best 26
  [74/2738   2.7%] exit 2 U1,U1,U1,R3,U2,R2: exhausted states 6 best 7 0.0s | cpu 0m00s wall 0m01s eta~0m53s best 26
  [75/2738   2.7%] exit 2 U1,U1,U1,R3,U2,R3: exhausted states 6 best 7 0.0s | cpu 0m00s wall 0m01s eta~0m53s best 26
  [76/2738   2.8%] exit 2 U1,U1,U1,R3,U2,L1: exhausted states 160 best 12 0.0s | cpu 0m00s wall 0m01s eta~0m53s best 26
  [77/2738   2.8%] exit 2 U1,U1,U1,R3,U2,L2: exhausted states 157 best 12 0.0s | cpu 0m00s wall 0m01s eta~0m53s best 26
  [78/2738   2.8%] exit 2 U1,U1,U1,R3,U2,L3: exhausted states 157 best 12 0.0s | cpu 0m00s wall 0m01s eta~0m53s best 26
  [79/2738   2.9%] exit 2 U1,U1,U1,R3,U3,R1: exhausted states 37 best 10 0.0s | cpu 0m00s wall 0m01s eta~0m53s best 26
  [80/2738   2.9%] exit 2 U1,U1,U1,R3,U3,R2: exhausted states 36 best 10 0.0s | cpu 0m00s wall 0m01s eta~0m53s best 26
  [81/2738   3.0%] exit 2 U1,U1,U1,R3,U3,R3: exhausted states 36 best 10 0.0s | cpu 0m00s wall 0m01s eta~0m52s best 26
  [82/2738   3.0%] exit 2 U1,U1,U1,R3,U3,L1: exhausted states 160 best 12 0.0s | cpu 0m00s wall 0m01s eta~0m52s best 26
  [83/2738   3.0%] exit 2 U1,U1,U1,R3,U3,L2: exhausted states 157 best 12 0.0s | cpu 0m00s wall 0m01s eta~0m52s best 26
  [84/2738   3.1%] exit 2 U1,U1,U1,R3,U3,L3: exhausted states 157 best 12 0.0s | cpu 0m00s wall 0m01s eta~0m52s best 26
  [85/2738   3.1%] exit 2 U1,U1,U1,R3,R1,U1: exhausted states 3 best 6 0.0s | cpu 0m00s wall 0m01s eta~0m52s best 26
  [86/2738   3.1%] exit 2 U1,U1,U1,R3,R1,U2: exhausted states 2 best 6 0.0s | cpu 0m00s wall 0m01s eta~0m52s best 26
  [87/2738   3.2%] exit 2 U1,U1,U1,R3,R1,U3: exhausted states 2 best 6 0.0s | cpu 0m00s wall 0m01s eta~0m52s best 26
  [88/2738   3.2%] exit 2 U1,U1,U1,R3,R1,D1: exhausted states 19 best 8 0.0s | cpu 0m00s wall 0m01s eta~0m52s best 26
  [89/2738   3.3%] exit 2 U1,U1,U1,R3,R1,D2: exhausted states 16 best 8 0.0s | cpu 0m00s wall 0m01s eta~0m52s best 26
  [90/2738   3.3%] exit 2 U1,U1,U1,R3,R1,D3: exhausted states 16 best 8 0.0s | cpu 0m00s wall 0m01s eta~0m52s best 26
  [91/2738   3.3%] exit 2 U1,U1,U1,R3,R2,U1: exhausted states 7 best 7 0.0s | cpu 0m00s wall 0m01s eta~0m52s best 26
  [92/2738   3.4%] exit 2 U1,U1,U1,R3,R2,U2: exhausted states 6 best 7 0.0s | cpu 0m00s wall 0m01s eta~0m52s best 26
  [93/2738   3.4%] exit 2 U1,U1,U1,R3,R2,U3: exhausted states 6 best 7 0.0s | cpu 0m00s wall 0m01s eta~0m52s best 26
  [94/2738   3.4%] exit 2 U1,U1,U1,R3,R2,D1: exhausted states 19 best 8 0.0s | cpu 0m00s wall 0m01s eta~0m52s best 26
  [95/2738   3.5%] exit 2 U1,U1,U1,R3,R2,D2: exhausted states 16 best 8 0.0s | cpu 0m00s wall 0m01s eta~0m52s best 26
  [96/2738   3.5%] exit 2 U1,U1,U1,R3,R2,D3: exhausted states 16 best 8 0.0s | cpu 0m00s wall 0m01s eta~0m52s best 26
  ** new campaign best: depth 42 (exit 2, U1,U1,U3,U1,R1,R1)
  [97/2738   3.5%] exit 2 U1,U1,U3,U1,R1,R1: exhausted states 385,907 best 42 1.216s | cpu 0m01s wall 0m03s eta~1m25s best 42
  [98/2738   3.6%] exit 2 U1,U1,U3,U1,R1,R3: exhausted states 149 best 12 0.0s | cpu 0m01s wall 0m03s eta~1m25s best 42
  [99/2738   3.6%] exit 2 U1,U1,U3,U1,R2,R1: exhausted states 159 best 13 0.0s | cpu 0m01s wall 0m03s eta~1m24s best 42
  [100/2738   3.7%] exit 2 U1,U1,U3,U1,R2,R2: exhausted states 149 best 12 0.0s | cpu 0m01s wall 0m03s eta~1m24s best 42
  [101/2738   3.7%] exit 2 U1,U1,U3,U1,R3,R1: exhausted states 159 best 13 0.0s | cpu 0m01s wall 0m03s eta~1m23s best 42
  [102/2738   3.7%] exit 2 U1,U1,U3,U1,R3,R2: exhausted states 149 best 12 0.0s | cpu 0m01s wall 0m03s eta~1m23s best 42
  ** new campaign best: depth 52 (exit 2, U1,U1,U3,U2,R1,R1)
  [103/2738   3.8%] exit 2 U1,U1,U3,U2,R1,R1: exhausted states 765,466 best 52 7.058s | cpu 0m08s wall 0m10s eta~4m23s best 52
  [104/2738   3.8%] exit 2 U1,U1,U3,U2,R1,R3: exhausted states 200,689 best 38 0.82s | cpu 0m09s wall 0m11s eta~4m42s best 52
  ** new campaign best: depth 56 (exit 2, U1,U1,U3,U2,R1,D1)
  [105/2738   3.8%] exit 2 U1,U1,U3,U2,R1,D1: exhausted states 5,123,686 best 56 36.331s | cpu 0m45s wall 0m47s eta~19m51s best 56
  [106/2738   3.9%] exit 2 U1,U1,U3,U2,R2,R1: exhausted states 125,568 best 44 1.001s | cpu 0m46s wall 0m48s eta~20m05s best 56
  [107/2738   3.9%] exit 2 U1,U1,U3,U2,R2,R2: exhausted states 612,289 best 52 6.351s | cpu 0m52s wall 0m54s eta~22m30s best 56
  [108/2738   3.9%] exit 2 U1,U1,U3,U2,R2,D1: exhausted states 1,049,398 best 54 8.61s | cpu 1m01s wall 1m03s eta~25m47s best 56
  [109/2738   4.0%] exit 2 U1,U1,U3,U2,R3,R1: exhausted states 50,221 best 38 0.192s | cpu 1m01s wall 1m03s eta~25m37s best 56
  [110/2738   4.0%] exit 2 U1,U1,U3,U2,R3,R2: exhausted states 229,053 best 42 1.565s | cpu 1m03s wall 1m05s eta~26m01s best 56
  [111/2738   4.1%] exit 2 U1,U1,U3,U2,R3,D1: exhausted states 184,712 best 40 1.008s | cpu 1m04s wall 1m06s eta~26m10s best 56
  [112/2738   4.1%] exit 2 U1,U1,U3,R1,U1,R1: exhausted states 3 best 6 0.0s | cpu 1m04s wall 1m06s eta~25m56s best 56
  [113/2738   4.1%] exit 2 U1,U1,U3,R1,U1,R2: exhausted states 2 best 6 0.0s | cpu 1m04s wall 1m06s eta~25m42s best 56
  [114/2738   4.2%] exit 2 U1,U1,U3,R1,U1,R3: exhausted states 2 best 6 0.0s | cpu 1m04s wall 1m06s eta~25m29s best 56
  [115/2738   4.2%] exit 2 U1,U1,U3,R1,U2,R1: exhausted states 314,737 best 40 0.929s | cpu 1m05s wall 1m07s eta~25m36s best 56
  [116/2738   4.2%] exit 2 U1,U1,U3,R1,U2,R2: exhausted states 124 best 12 0.0s | cpu 1m05s wall 1m07s eta~25m23s best 56
  [117/2738   4.3%] exit 2 U1,U1,U3,R1,U2,R3: exhausted states 124 best 12 0.0s | cpu 1m05s wall 1m07s eta~25m10s best 56
  [118/2738   4.3%] exit 2 U1,U1,U3,R1,U3,R1: exhausted states 41 best 10 0.0s | cpu 1m05s wall 1m07s eta~24m57s best 56
  [119/2738   4.3%] exit 2 U1,U1,U3,R1,U3,R2: exhausted states 40 best 10 0.0s | cpu 1m05s wall 1m07s eta~24m44s best 56
  [120/2738   4.4%] exit 2 U1,U1,U3,R1,U3,R3: exhausted states 40 best 10 0.0s | cpu 1m05s wall 1m07s eta~24m32s best 56
  [121/2738   4.4%] exit 2 U1,U1,U3,R1,R1,U1: exhausted states 3 best 6 0.0s | cpu 1m05s wall 1m07s eta~24m19s best 56
  [122/2738   4.5%] exit 2 U1,U1,U3,R1,R1,U2: exhausted states 2 best 6 0.0s | cpu 1m05s wall 1m07s eta~24m07s best 56
  [123/2738   4.5%] exit 2 U1,U1,U3,R1,R1,U3: exhausted states 2 best 6 0.0s | cpu 1m05s wall 1m07s eta~23m55s best 56
  [124/2738   4.5%] exit 2 U1,U1,U3,R1,R1,D1: exhausted states 30 best 8 0.0s | cpu 1m05s wall 1m07s eta~23m43s best 56
  [125/2738   4.6%] exit 2 U1,U1,U3,R1,R1,D2: exhausted states 27 best 8 0.0s | cpu 1m05s wall 1m07s eta~23m32s best 56
  [126/2738   4.6%] exit 2 U1,U1,U3,R1,R1,D3: exhausted states 27 best 8 0.0s | cpu 1m05s wall 1m07s eta~23m21s best 56
  [127/2738   4.6%] exit 2 U1,U1,U3,R1,R3,U1: exhausted states 6,815 best 24 0.038s | cpu 1m05s wall 1m07s eta~23m10s best 56
  [128/2738   4.7%] exit 2 U1,U1,U3,R1,R3,U2: exhausted states 8,038 best 24 0.037s | cpu 1m05s wall 1m07s eta~23m00s best 56
  [129/2738   4.7%] exit 2 U1,U1,U3,R1,R3,U3: exhausted states 6,022 best 24 0.024s | cpu 1m05s wall 1m07s eta~22m50s best 56
  ** new campaign best: depth 62 (exit 2, U1,U1,U3,R1,R3,D1)
  [130/2738   4.7%] exit 2 U1,U1,U3,R1,R3,D1: exhausted states 542,011 best 62 10.57s | cpu 1m15s wall 1m18s eta~26m11s best 62
  [131/2738   4.8%] exit 2 U1,U1,U3,R1,R3,D2: exhausted states 71 best 12 0.0s | cpu 1m15s wall 1m18s eta~25m59s best 62
  [132/2738   4.8%] exit 2 U1,U1,U3,R1,R3,D3: exhausted states 71 best 12 0.0s | cpu 1m15s wall 1m18s eta~25m47s best 62
  [133/2738   4.9%] exit 2 U1,U1,U3,R1,D1,R1: exhausted states 25 best 8 0.0s | cpu 1m15s wall 1m18s eta~25m35s best 62
  [134/2738   4.9%] exit 2 U1,U1,U3,R1,D1,R2: exhausted states 6,511,711 best 56 59.719s | cpu 2m15s wall 2m18s eta~44m44s best 62
  [135/2738   4.9%] exit 2 U1,U1,U3,R1,D1,D1: exhausted states 15 best 8 0.0s | cpu 2m15s wall 2m18s eta~44m24s best 62
  [136/2738   5.0%] exit 2 U1,U1,U3,R1,D1,D3: exhausted states 98 best 11 0.0s | cpu 2m15s wall 2m18s eta~44m03s best 62
  [137/2738   5.0%] exit 2 U1,U1,U3,R1,D2,R1: exhausted states 143 best 15 0.0s | cpu 2m15s wall 2m18s eta~43m44s best 62
  [138/2738   5.0%] exit 2 U1,U1,U3,R1,D2,R2: exhausted states 399,739 best 36 1.891s | cpu 2m17s wall 2m20s eta~44m00s best 62
  [139/2738   5.1%] exit 2 U1,U1,U3,R1,D2,D1: exhausted states 15 best 8 0.0s | cpu 2m17s wall 2m20s eta~43m40s best 62
  [140/2738   5.1%] exit 2 U1,U1,U3,R1,D2,D2: exhausted states 20 best 8 0.0s | cpu 2m17s wall 2m20s eta~43m21s best 62
  [141/2738   5.1%] exit 2 U1,U1,U3,R1,D3,R1: exhausted states 33 best 8 0.0s | cpu 2m17s wall 2m20s eta~43m02s best 62
  [142/2738   5.2%] exit 2 U1,U1,U3,R1,D3,R2: exhausted states 38 best 8 0.0s | cpu 2m17s wall 2m20s eta~42m43s best 62
  [143/2738   5.2%] exit 2 U1,U1,U3,R1,D3,D1: exhausted states 15 best 8 0.0s | cpu 2m17s wall 2m20s eta~42m24s best 62
  [144/2738   5.3%] exit 2 U1,U1,U3,R1,D3,D2: exhausted states 20 best 8 0.0s | cpu 2m17s wall 2m20s eta~42m06s best 62
  [145/2738   5.3%] exit 2 U1,U1,U3,R2,U1,R1: exhausted states 3 best 6 0.0s | cpu 2m17s wall 2m20s eta~41m48s best 62
  [146/2738   5.3%] exit 2 U1,U1,U3,R2,U1,R2: exhausted states 2 best 6 0.0s | cpu 2m17s wall 2m20s eta~41m30s best 62
  [147/2738   5.4%] exit 2 U1,U1,U3,R2,U1,R3: exhausted states 2 best 6 0.0s | cpu 2m17s wall 2m20s eta~41m13s best 62
  [148/2738   5.4%] exit 2 U1,U1,U3,R2,U1,L1: exhausted states 1,046,159 best 54 5.877s | cpu 2m23s wall 2m26s eta~42m38s best 62
  [149/2738   5.4%] exit 2 U1,U1,U3,R2,U1,L2: exhausted states 216,072 best 48 1.125s | cpu 2m24s wall 2m27s eta~42m40s best 62
  [150/2738   5.5%] exit 2 U1,U1,U3,R2,U1,L3: exhausted states 40,477 best 42 0.151s | cpu 2m24s wall 2m27s eta~42m25s best 62
  [151/2738   5.5%] exit 2 U1,U1,U3,R2,U2,R1: exhausted states 60,587 best 34 0.172s | cpu 2m24s wall 2m27s eta~42m10s best 62
  [152/2738   5.6%] exit 2 U1,U1,U3,R2,U2,R2: exhausted states 124 best 12 0.0s | cpu 2m24s wall 2m27s eta~41m53s best 62
  [153/2738   5.6%] exit 2 U1,U1,U3,R2,U2,R3: exhausted states 124 best 12 0.0s | cpu 2m24s wall 2m27s eta~41m36s best 62
  [154/2738   5.6%] exit 2 U1,U1,U3,R2,U2,L1: exhausted states 201,609 best 44 1.162s | cpu 2m25s wall 2m28s eta~41m39s best 62
  [155/2738   5.7%] exit 2 U1,U1,U3,R2,U2,L2: exhausted states 38,834 best 42 0.179s | cpu 2m26s wall 2m29s eta~41m25s best 62
  [156/2738   5.7%] exit 2 U1,U1,U3,R2,U2,L3: exhausted states 9,006 best 26 0.03s | cpu 2m26s wall 2m29s eta~41m09s best 62
  [157/2738   5.7%] exit 2 U1,U1,U3,R2,U3,R1: exhausted states 41 best 10 0.0s | cpu 2m26s wall 2m29s eta~40m52s best 62
  [158/2738   5.8%] exit 2 U1,U1,U3,R2,U3,R2: exhausted states 40 best 10 0.0s | cpu 2m26s wall 2m29s eta~40m36s best 62
  [159/2738   5.8%] exit 2 U1,U1,U3,R2,U3,R3: exhausted states 40 best 10 0.0s | cpu 2m26s wall 2m29s eta~40m20s best 62
  [160/2738   5.8%] exit 2 U1,U1,U3,R2,U3,L1: exhausted states 13,947 best 28 0.036s | cpu 2m26s wall 2m29s eta~40m05s best 62
  [161/2738   5.9%] exit 2 U1,U1,U3,R2,U3,L2: exhausted states 8,206 best 25 0.02s | cpu 2m26s wall 2m29s eta~39m50s best 62
  [162/2738   5.9%] exit 2 U1,U1,U3,R2,U3,L3: exhausted states 3,754 best 23 0.007s | cpu 2m26s wall 2m29s eta~39m35s best 62
  [163/2738   6.0%] exit 2 U1,U1,U3,R2,R1,U1: exhausted states 3 best 6 0.0s | cpu 2m26s wall 2m29s eta~39m19s best 62
  [164/2738   6.0%] exit 2 U1,U1,U3,R2,R1,U2: exhausted states 2 best 6 0.0s | cpu 2m26s wall 2m29s eta~39m04s best 62
  [165/2738   6.0%] exit 2 U1,U1,U3,R2,R1,U3: exhausted states 2 best 6 0.0s | cpu 2m26s wall 2m29s eta~38m50s best 62
  [166/2738   6.1%] exit 2 U1,U1,U3,R2,R1,D1: exhausted states 30 best 8 0.0s | cpu 2m26s wall 2m29s eta~38m35s best 62
  [167/2738   6.1%] exit 2 U1,U1,U3,R2,R1,D2: exhausted states 27 best 8 0.0s | cpu 2m26s wall 2m29s eta~38m21s best 62
  [168/2738   6.1%] exit 2 U1,U1,U3,R2,R1,D3: exhausted states 27 best 8 0.0s | cpu 2m26s wall 2m29s eta~38m07s best 62
  [169/2738   6.2%] exit 2 U1,U1,U3,R2,R2,U1: exhausted states 7 best 7 0.0s | cpu 2m26s wall 2m29s eta~37m53s best 62
  [170/2738   6.2%] exit 2 U1,U1,U3,R2,R2,U2: exhausted states 6 best 7 0.0s | cpu 2m26s wall 2m29s eta~37m39s best 62
  [171/2738   6.2%] exit 2 U1,U1,U3,R2,R2,U3: exhausted states 6 best 7 0.0s | cpu 2m26s wall 2m29s eta~37m25s best 62
  [172/2738   6.3%] exit 2 U1,U1,U3,R2,R2,D1: exhausted states 383,778 best 40 1.727s | cpu 2m27s wall 2m31s eta~37m37s best 62
  [173/2738   6.3%] exit 2 U1,U1,U3,R2,R2,D2: exhausted states 56 best 10 0.0s | cpu 2m27s wall 2m31s eta~37m23s best 62
  [174/2738   6.4%] exit 2 U1,U1,U3,R2,R2,D3: exhausted states 56 best 10 0.0s | cpu 2m27s wall 2m31s eta~37m10s best 62
  [175/2738   6.4%] exit 2 U1,U1,U3,R2,D1,R1: exhausted states 25 best 8 0.0s | cpu 2m27s wall 2m31s eta~36m56s best 62
  [176/2738   6.4%] exit 2 U1,U1,U3,R2,D1,R2: exhausted states 1,919,592 best 56 10.847s | cpu 2m38s wall 2m42s eta~39m21s best 62
  [177/2738   6.5%] exit 2 U1,U1,U3,R2,D1,D1: exhausted states 15 best 8 0.0s | cpu 2m38s wall 2m42s eta~39m07s best 62
  [178/2738   6.5%] exit 2 U1,U1,U3,R2,D1,D3: exhausted states 154,826 best 57 0.698s | cpu 2m39s wall 2m42s eta~39m03s best 62
  [179/2738   6.5%] exit 2 U1,U1,U3,R2,D2,R1: exhausted states 343,486 best 50 1.859s | cpu 2m41s wall 2m44s eta~39m16s best 62
  [180/2738   6.6%] exit 2 U1,U1,U3,R2,D2,R2: exhausted states 64,606 best 30 0.152s | cpu 2m41s wall 2m45s eta~39m05s best 62
  [181/2738   6.6%] exit 2 U1,U1,U3,R2,D2,D1: exhausted states 15 best 8 0.0s | cpu 2m41s wall 2m45s eta~38m51s best 62
  [182/2738   6.6%] exit 2 U1,U1,U3,R2,D2,D2: exhausted states 20 best 8 0.0s | cpu 2m41s wall 2m45s eta~38m38s best 62
  [183/2738   6.7%] exit 2 U1,U1,U3,R2,D3,R1: exhausted states 33 best 8 0.0s | cpu 2m41s wall 2m45s eta~38m24s best 62
  [184/2738   6.7%] exit 2 U1,U1,U3,R2,D3,R2: exhausted states 38 best 8 0.0s | cpu 2m41s wall 2m45s eta~38m11s best 62
  [185/2738   6.8%] exit 2 U1,U1,U3,R2,D3,D1: exhausted states 15 best 8 0.0s | cpu 2m41s wall 2m45s eta~37m58s best 62
  [186/2738   6.8%] exit 2 U1,U1,U3,R2,D3,D2: exhausted states 20 best 8 0.0s | cpu 2m41s wall 2m45s eta~37m45s best 62
  [187/2738   6.8%] exit 2 U1,U1,U3,R3,U1,R1: exhausted states 3 best 6 0.0s | cpu 2m41s wall 2m45s eta~37m32s best 62
  [188/2738   6.9%] exit 2 U1,U1,U3,R3,U1,R2: exhausted states 2 best 6 0.0s | cpu 2m41s wall 2m45s eta~37m20s best 62
  [189/2738   6.9%] exit 2 U1,U1,U3,R3,U1,R3: exhausted states 2 best 6 0.0s | cpu 2m41s wall 2m45s eta~37m07s best 62
  [190/2738   6.9%] exit 2 U1,U1,U3,R3,U1,L1: exhausted states 504 best 15 0.001s | cpu 2m41s wall 2m45s eta~36m55s best 62
  [191/2738   7.0%] exit 2 U1,U1,U3,R3,U1,L2: exhausted states 501 best 15 0.001s | cpu 2m41s wall 2m45s eta~36m43s best 62
  [192/2738   7.0%] exit 2 U1,U1,U3,R3,U1,L3: exhausted states 501 best 15 0.001s | cpu 2m41s wall 2m45s eta~36m30s best 62
  [193/2738   7.0%] exit 2 U1,U1,U3,R3,U2,R1: exhausted states 9,953 best 30 0.021s | cpu 2m41s wall 2m45s eta~36m19s best 62
  [194/2738   7.1%] exit 2 U1,U1,U3,R3,U2,R2: exhausted states 124 best 12 0.0s | cpu 2m41s wall 2m45s eta~36m07s best 62
  [195/2738   7.1%] exit 2 U1,U1,U3,R3,U2,R3: exhausted states 124 best 12 0.0s | cpu 2m41s wall 2m45s eta~35m55s best 62
  [196/2738   7.2%] exit 2 U1,U1,U3,R3,U2,L1: exhausted states 504 best 15 0.001s | cpu 2m41s wall 2m45s eta~35m44s best 62
  [197/2738   7.2%] exit 2 U1,U1,U3,R3,U2,L2: exhausted states 501 best 15 0.001s | cpu 2m41s wall 2m45s eta~35m32s best 62
  [198/2738   7.2%] exit 2 U1,U1,U3,R3,U2,L3: exhausted states 501 best 15 0.001s | cpu 2m41s wall 2m45s eta~35m21s best 62
  [199/2738   7.3%] exit 2 U1,U1,U3,R3,U3,R1: exhausted states 41 best 10 0.0s | cpu 2m41s wall 2m45s eta~35m09s best 62
  [200/2738   7.3%] exit 2 U1,U1,U3,R3,U3,R2: exhausted states 40 best 10 0.0s | cpu 2m41s wall 2m45s eta~34m58s best 62
  [201/2738   7.3%] exit 2 U1,U1,U3,R3,U3,R3: exhausted states 40 best 10 0.0s | cpu 2m41s wall 2m45s eta~34m47s best 62
  [202/2738   7.4%] exit 2 U1,U1,U3,R3,U3,L1: exhausted states 504 best 15 0.001s | cpu 2m41s wall 2m45s eta~34m36s best 62
  [203/2738   7.4%] exit 2 U1,U1,U3,R3,U3,L2: exhausted states 501 best 15 0.001s | cpu 2m41s wall 2m45s eta~34m25s best 62
  [204/2738   7.5%] exit 2 U1,U1,U3,R3,U3,L3: exhausted states 501 best 15 0.001s | cpu 2m41s wall 2m45s eta~34m15s best 62
  [205/2738   7.5%] exit 2 U1,U1,U3,R3,R1,U1: exhausted states 3 best 6 0.0s | cpu 2m41s wall 2m45s eta~34m04s best 62
  [206/2738   7.5%] exit 2 U1,U1,U3,R3,R1,U2: exhausted states 2 best 6 0.0s | cpu 2m41s wall 2m45s eta~33m54s best 62
  [207/2738   7.6%] exit 2 U1,U1,U3,R3,R1,U3: exhausted states 2 best 6 0.0s | cpu 2m41s wall 2m45s eta~33m43s best 62
  [208/2738   7.6%] exit 2 U1,U1,U3,R3,R1,D1: exhausted states 30 best 8 0.0s | cpu 2m41s wall 2m45s eta~33m33s best 62
  [209/2738   7.6%] exit 2 U1,U1,U3,R3,R1,D2: exhausted states 27 best 8 0.0s | cpu 2m41s wall 2m45s eta~33m23s best 62
  [210/2738   7.7%] exit 2 U1,U1,U3,R3,R1,D3: exhausted states 27 best 8 0.0s | cpu 2m41s wall 2m45s eta~33m13s best 62
  [211/2738   7.7%] exit 2 U1,U1,U3,R3,R2,U1: exhausted states 7 best 7 0.0s | cpu 2m41s wall 2m45s eta~33m03s best 62
  [212/2738   7.7%] exit 2 U1,U1,U3,R3,R2,U2: exhausted states 6 best 7 0.0s | cpu 2m41s wall 2m45s eta~32m53s best 62
  [213/2738   7.8%] exit 2 U1,U1,U3,R3,R2,U3: exhausted states 6 best 7 0.0s | cpu 2m41s wall 2m45s eta~32m43s best 62
  [214/2738   7.8%] exit 2 U1,U1,U3,R3,R2,D1: exhausted states 27,766 best 34 0.07s | cpu 2m41s wall 2m45s eta~32m34s best 62
  [215/2738   7.9%] exit 2 U1,U1,U3,R3,R2,D2: exhausted states 56 best 10 0.0s | cpu 2m41s wall 2m45s eta~32m24s best 62
  [216/2738   7.9%] exit 2 U1,U1,U3,R3,R2,D3: exhausted states 56 best 10 0.0s | cpu 2m41s wall 2m45s eta~32m15s best 62
  [217/2738   7.9%] exit 2 U1,U1,U3,R3,D1,R1: exhausted states 25 best 8 0.0s | cpu 2m41s wall 2m45s eta~32m05s best 62
  [218/2738   8.0%] exit 2 U1,U1,U3,R3,D1,R2: exhausted states 167,594 best 42 0.446s | cpu 2m41s wall 2m46s eta~32m01s best 62
  [219/2738   8.0%] exit 2 U1,U1,U3,R3,D1,D1: exhausted states 15 best 8 0.0s | cpu 2m41s wall 2m46s eta~31m52s best 62
  [220/2738   8.0%] exit 2 U1,U1,U3,R3,D1,D3: exhausted states 12,122 best 21 0.019s | cpu 2m41s wall 2m46s eta~31m43s best 62
  [221/2738   8.1%] exit 2 U1,U1,U3,R3,D2,R1: exhausted states 6,235 best 19 0.012s | cpu 2m42s wall 2m46s eta~31m33s best 62
  [222/2738   8.1%] exit 2 U1,U1,U3,R3,D2,R2: exhausted states 9,964 best 26 0.023s | cpu 2m42s wall 2m46s eta~31m25s best 62
  [223/2738   8.1%] exit 2 U1,U1,U3,R3,D2,D1: exhausted states 15 best 8 0.0s | cpu 2m42s wall 2m46s eta~31m16s best 62
  [224/2738   8.2%] exit 2 U1,U1,U3,R3,D2,D2: exhausted states 20 best 8 0.0s | cpu 2m42s wall 2m46s eta~31m07s best 62
  [225/2738   8.2%] exit 2 U1,U1,U3,R3,D3,R1: exhausted states 33 best 8 0.0s | cpu 2m42s wall 2m46s eta~30m58s best 62
  [226/2738   8.3%] exit 2 U1,U1,U3,R3,D3,R2: exhausted states 38 best 8 0.0s | cpu 2m42s wall 2m46s eta~30m49s best 62
  [227/2738   8.3%] exit 2 U1,U1,U3,R3,D3,D1: exhausted states 15 best 8 0.0s | cpu 2m42s wall 2m46s eta~30m40s best 62
  [228/2738   8.3%] exit 2 U1,U1,U3,R3,D3,D2: exhausted states 20 best 8 0.0s | cpu 2m42s wall 2m46s eta~30m32s best 62
  [229/2738   8.4%] exit 2 U1,U1,R1,U1,U1,R1: exhausted states 3 best 6 0.0s | cpu 2m42s wall 2m46s eta~30m23s best 62
  [230/2738   8.4%] exit 2 U1,U1,R1,U1,U1,R2: exhausted states 2 best 6 0.0s | cpu 2m42s wall 2m46s eta~30m15s best 62
  [231/2738   8.4%] exit 2 U1,U1,R1,U1,U1,R3: exhausted states 2 best 6 0.0s | cpu 2m42s wall 2m46s eta~30m06s best 62
  [232/2738   8.5%] exit 2 U1,U1,R1,U1,U1,L1: exhausted states 298 best 12 0.0s | cpu 2m42s wall 2m46s eta~29m58s best 62
  [233/2738   8.5%] exit 2 U1,U1,R1,U1,U1,L2: exhausted states 295 best 12 0.0s | cpu 2m42s wall 2m46s eta~29m50s best 62
  [234/2738   8.5%] exit 2 U1,U1,R1,U1,U1,L3: exhausted states 295 best 12 0.0s | cpu 2m42s wall 2m46s eta~29m42s best 62
  [235/2738   8.6%] exit 2 U1,U1,R1,U1,U3,R1: exhausted states 37 best 10 0.0s | cpu 2m42s wall 2m46s eta~29m33s best 62
  [236/2738   8.6%] exit 2 U1,U1,R1,U1,U3,R2: exhausted states 36 best 10 0.0s | cpu 2m42s wall 2m46s eta~29m25s best 62
  [237/2738   8.7%] exit 2 U1,U1,R1,U1,U3,R3: exhausted states 36 best 10 0.0s | cpu 2m42s wall 2m46s eta~29m17s best 62
  [238/2738   8.7%] exit 2 U1,U1,R1,U1,U3,L1: exhausted states 374 best 12 0.0s | cpu 2m42s wall 2m46s eta~29m10s best 62
  [239/2738   8.7%] exit 2 U1,U1,R1,U1,U3,L2: exhausted states 371 best 12 0.0s | cpu 2m42s wall 2m46s eta~29m02s best 62
  [240/2738   8.8%] exit 2 U1,U1,R1,U1,U3,L3: exhausted states 371 best 12 0.001s | cpu 2m42s wall 2m46s eta~28m54s best 62
  [241/2738   8.8%] exit 2 U1,U1,R1,U1,R1,U1: exhausted states 3 best 6 0.0s | cpu 2m42s wall 2m46s eta~28m46s best 62
  [242/2738   8.8%] exit 2 U1,U1,R1,U1,R1,U2: exhausted states 2 best 6 0.0s | cpu 2m42s wall 2m46s eta~28m39s best 62
  [243/2738   8.9%] exit 2 U1,U1,R1,U1,R1,U3: exhausted states 2 best 6 0.0s | cpu 2m42s wall 2m46s eta~28m31s best 62
  [244/2738   8.9%] exit 2 U1,U1,R1,U1,R2,U1: exhausted states 7 best 7 0.0s | cpu 2m42s wall 2m46s eta~28m23s best 62
  [245/2738   8.9%] exit 2 U1,U1,R1,U1,R2,U2: exhausted states 6 best 7 0.0s | cpu 2m42s wall 2m46s eta~28m16s best 62
  [246/2738   9.0%] exit 2 U1,U1,R1,U1,R2,U3: exhausted states 6 best 7 0.0s | cpu 2m42s wall 2m46s eta~28m09s best 62
  [247/2738   9.0%] exit 2 U1,U1,R1,U1,R3,U1: exhausted states 561 best 14 0.001s | cpu 2m42s wall 2m46s eta~28m01s best 62
  [248/2738   9.1%] exit 2 U1,U1,R1,U1,R3,U2: exhausted states 560 best 14 0.001s | cpu 2m42s wall 2m46s eta~27m54s best 62
  [249/2738   9.1%] exit 2 U1,U1,R1,U1,R3,U3: exhausted states 560 best 14 0.001s | cpu 2m42s wall 2m46s eta~27m47s best 62
  [250/2738   9.1%] exit 2 U1,U1,R1,U2,U1,R1: exhausted states 3 best 6 0.0s | cpu 2m42s wall 2m46s eta~27m40s best 62
  [251/2738   9.2%] exit 2 U1,U1,R1,U2,U1,R2: exhausted states 2 best 6 0.0s | cpu 2m42s wall 2m46s eta~27m32s best 62
  [252/2738   9.2%] exit 2 U1,U1,R1,U2,U1,R3: exhausted states 2 best 6 0.0s | cpu 2m42s wall 2m46s eta~27m25s best 62
  [253/2738   9.2%] exit 2 U1,U1,R1,U2,U1,L1: exhausted states 298 best 12 0.0s | cpu 2m42s wall 2m46s eta~27m18s best 62
  [254/2738   9.3%] exit 2 U1,U1,R1,U2,U1,L2: exhausted states 295 best 12 0.0s | cpu 2m42s wall 2m46s eta~27m12s best 62
  [255/2738   9.3%] exit 2 U1,U1,R1,U2,U1,L3: exhausted states 295 best 12 0.0s | cpu 2m42s wall 2m46s eta~27m05s best 62
  [256/2738   9.3%] exit 2 U1,U1,R1,U2,U2,R1: exhausted states 7 best 7 0.0s | cpu 2m42s wall 2m46s eta~26m58s best 62
  [257/2738   9.4%] exit 2 U1,U1,R1,U2,U2,R2: exhausted states 6 best 7 0.0s | cpu 2m42s wall 2m46s eta~26m51s best 62
  [258/2738   9.4%] exit 2 U1,U1,R1,U2,U2,R3: exhausted states 6 best 7 0.0s | cpu 2m42s wall 2m46s eta~26m44s best 62
  [259/2738   9.5%] exit 2 U1,U1,R1,U2,U2,L1: exhausted states 374 best 12 0.001s | cpu 2m42s wall 2m46s eta~26m38s best 62
  [260/2738   9.5%] exit 2 U1,U1,R1,U2,U2,L2: exhausted states 371 best 12 0.0s | cpu 2m42s wall 2m46s eta~26m31s best 62
  [261/2738   9.5%] exit 2 U1,U1,R1,U2,U2,L3: exhausted states 371 best 12 0.0s | cpu 2m42s wall 2m47s eta~26m24s best 62
  [262/2738   9.6%] exit 2 U1,U1,R1,U2,R1,U1: exhausted states 3 best 6 0.0s | cpu 2m42s wall 2m47s eta~26m18s best 62
  [263/2738   9.6%] exit 2 U1,U1,R1,U2,R1,U2: exhausted states 2 best 6 0.0s | cpu 2m42s wall 2m47s eta~26m11s best 62
  [264/2738   9.6%] exit 2 U1,U1,R1,U2,R1,U3: exhausted states 2 best 6 0.0s | cpu 2m42s wall 2m47s eta~26m05s best 62
  [265/2738   9.7%] exit 2 U1,U1,R1,U2,R1,D1: exhausted states 6 best 6 0.0s | cpu 2m42s wall 2m47s eta~25m59s best 62
  [266/2738   9.7%] exit 2 U1,U1,R1,U2,R1,D2: exhausted states 3 best 6 0.0s | cpu 2m42s wall 2m47s eta~25m52s best 62
  [267/2738   9.8%] exit 2 U1,U1,R1,U2,R1,D3: exhausted states 3 best 6 0.0s | cpu 2m42s wall 2m47s eta~25m46s best 62
  [268/2738   9.8%] exit 2 U1,U1,R1,U2,R2,U1: exhausted states 7 best 7 0.0s | cpu 2m42s wall 2m47s eta~25m40s best 62
  [269/2738   9.8%] exit 2 U1,U1,R1,U2,R2,U2: exhausted states 6 best 7 0.0s | cpu 2m42s wall 2m47s eta~25m34s best 62
  [270/2738   9.9%] exit 2 U1,U1,R1,U2,R2,U3: exhausted states 6 best 7 0.0s | cpu 2m42s wall 2m47s eta~25m27s best 62
  [271/2738   9.9%] exit 2 U1,U1,R1,U2,R2,D1: exhausted states 6 best 6 0.0s | cpu 2m42s wall 2m47s eta~25m21s best 62
  [272/2738   9.9%] exit 2 U1,U1,R1,U2,R2,D2: exhausted states 3 best 6 0.0s | cpu 2m42s wall 2m47s eta~25m15s best 62
  [273/2738  10.0%] exit 2 U1,U1,R1,U2,R2,D3: exhausted states 3 best 6 0.0s | cpu 2m42s wall 2m47s eta~25m09s best 62
  [274/2738  10.0%] exit 2 U1,U1,R1,U2,R3,U1: exhausted states 561 best 14 0.001s | cpu 2m42s wall 2m47s eta~25m03s best 62
  [275/2738  10.0%] exit 2 U1,U1,R1,U2,R3,U2: exhausted states 560 best 14 0.001s | cpu 2m42s wall 2m47s eta~24m57s best 62
  [276/2738  10.1%] exit 2 U1,U1,R1,U2,R3,U3: exhausted states 560 best 14 0.001s | cpu 2m42s wall 2m47s eta~24m51s best 62
  [277/2738  10.1%] exit 2 U1,U1,R1,U2,R3,D1: exhausted states 6 best 6 0.0s | cpu 2m42s wall 2m47s eta~24m46s best 62
  [278/2738  10.2%] exit 2 U1,U1,R1,U2,R3,D2: exhausted states 3 best 6 0.0s | cpu 2m42s wall 2m47s eta~24m40s best 62
  [279/2738  10.2%] exit 2 U1,U1,R1,U2,R3,D3: exhausted states 3 best 6 0.0s | cpu 2m42s wall 2m47s eta~24m34s best 62
  [280/2738  10.2%] exit 2 U1,U1,R1,U3,U1,R1: exhausted states 3 best 6 0.0s | cpu 2m42s wall 2m47s eta~24m28s best 62
  [281/2738  10.3%] exit 2 U1,U1,R1,U3,U1,R2: exhausted states 2 best 6 0.0s | cpu 2m42s wall 2m47s eta~24m23s best 62
  [282/2738  10.3%] exit 2 U1,U1,R1,U3,U1,R3: exhausted states 2 best 6 0.0s | cpu 2m42s wall 2m47s eta~24m17s best 62
  [283/2738  10.3%] exit 2 U1,U1,R1,U3,U1,L1: exhausted states 298 best 12 0.0s | cpu 2m42s wall 2m47s eta~24m11s best 62
  [284/2738  10.4%] exit 2 U1,U1,R1,U3,U1,L2: exhausted states 295 best 12 0.0s | cpu 2m42s wall 2m47s eta~24m06s best 62
  [285/2738  10.4%] exit 2 U1,U1,R1,U3,U1,L3: exhausted states 295 best 12 0.0s | cpu 2m42s wall 2m47s eta~24m00s best 62
  [286/2738  10.4%] exit 2 U1,U1,R1,U3,U2,R1: exhausted states 7 best 7 0.0s | cpu 2m42s wall 2m47s eta~23m55s best 62
  [287/2738  10.5%] exit 2 U1,U1,R1,U3,U2,R2: exhausted states 6 best 7 0.0s | cpu 2m42s wall 2m47s eta~23m49s best 62
  [288/2738  10.5%] exit 2 U1,U1,R1,U3,U2,R3: exhausted states 6 best 7 0.0s | cpu 2m42s wall 2m47s eta~23m44s best 62
  [289/2738  10.6%] exit 2 U1,U1,R1,U3,U2,L1: exhausted states 374 best 12 0.0s | cpu 2m42s wall 2m47s eta~23m39s best 62
  [290/2738  10.6%] exit 2 U1,U1,R1,U3,U2,L2: exhausted states 371 best 12 0.0s | cpu 2m42s wall 2m47s eta~23m33s best 62
  [291/2738  10.6%] exit 2 U1,U1,R1,U3,U2,L3: exhausted states 371 best 12 0.0s | cpu 2m42s wall 2m47s eta~23m28s best 62
  [292/2738  10.7%] exit 2 U1,U1,R1,U3,R1,U1: exhausted states 3 best 6 0.0s | cpu 2m42s wall 2m47s eta~23m23s best 62
  [293/2738  10.7%] exit 2 U1,U1,R1,U3,R1,U2: exhausted states 2 best 6 0.0s | cpu 2m42s wall 2m47s eta~23m18s best 62
  [294/2738  10.7%] exit 2 U1,U1,R1,U3,R1,U3: exhausted states 2 best 6 0.0s | cpu 2m42s wall 2m47s eta~23m12s best 62
  [295/2738  10.8%] exit 2 U1,U1,R1,U3,R1,D1: exhausted states 16 best 8 0.0s | cpu 2m42s wall 2m47s eta~23m07s best 62
  [296/2738  10.8%] exit 2 U1,U1,R1,U3,R1,D2: exhausted states 13 best 8 0.0s | cpu 2m42s wall 2m47s eta~23m02s best 62
  [297/2738  10.8%] exit 2 U1,U1,R1,U3,R1,D3: exhausted states 13 best 8 0.0s | cpu 2m42s wall 2m47s eta~22m57s best 62
  [298/2738  10.9%] exit 2 U1,U1,R1,U3,R2,U1: exhausted states 7 best 7 0.0s | cpu 2m42s wall 2m47s eta~22m52s best 62
  [299/2738  10.9%] exit 2 U1,U1,R1,U3,R2,U2: exhausted states 6 best 7 0.0s | cpu 2m42s wall 2m47s eta~22m47s best 62
  [300/2738  11.0%] exit 2 U1,U1,R1,U3,R2,U3: exhausted states 6 best 7 0.0s | cpu 2m42s wall 2m47s eta~22m42s best 62
  [301/2738  11.0%] exit 2 U1,U1,R1,U3,R2,D1: exhausted states 16 best 8 0.0s | cpu 2m42s wall 2m47s eta~22m37s best 62
  [302/2738  11.0%] exit 2 U1,U1,R1,U3,R2,D2: exhausted states 13 best 8 0.0s | cpu 2m42s wall 2m47s eta~22m32s best 62
  [303/2738  11.1%] exit 2 U1,U1,R1,U3,R2,D3: exhausted states 13 best 8 0.0s | cpu 2m42s wall 2m47s eta~22m27s best 62
  [304/2738  11.1%] exit 2 U1,U1,R1,U3,R3,U1: exhausted states 561 best 14 0.001s | cpu 2m42s wall 2m47s eta~22m22s best 62
  [305/2738  11.1%] exit 2 U1,U1,R1,U3,R3,U2: exhausted states 560 best 14 0.001s | cpu 2m42s wall 2m47s eta~22m18s best 62
  [306/2738  11.2%] exit 2 U1,U1,R1,U3,R3,U3: exhausted states 560 best 14 0.001s | cpu 2m42s wall 2m47s eta~22m13s best 62
  [307/2738  11.2%] exit 2 U1,U1,R1,U3,R3,D1: exhausted states 16 best 8 0.0s | cpu 2m42s wall 2m47s eta~22m08s best 62
  [308/2738  11.2%] exit 2 U1,U1,R1,U3,R3,D2: exhausted states 13 best 8 0.0s | cpu 2m42s wall 2m47s eta~22m03s best 62
  [309/2738  11.3%] exit 2 U1,U1,R1,U3,R3,D3: exhausted states 13 best 8 0.0s | cpu 2m42s wall 2m47s eta~21m59s best 62
  [310/2738  11.3%] exit 2 U1,U1,R1,R1,U1,U1: exhausted states 750 best 14 0.001s | cpu 2m42s wall 2m47s eta~21m54s best 62
  [311/2738  11.4%] exit 2 U1,U1,R1,R1,U1,U3: exhausted states 749 best 14 0.001s | cpu 2m42s wall 2m47s eta~21m49s best 62
  [312/2738  11.4%] exit 2 U1,U1,R1,R1,U2,U1: exhausted states 750 best 14 0.001s | cpu 2m42s wall 2m47s eta~21m45s best 62
  [313/2738  11.4%] exit 2 U1,U1,R1,R1,U2,U2: exhausted states 749 best 14 0.001s | cpu 2m42s wall 2m47s eta~21m40s best 62
  [314/2738  11.5%] exit 2 U1,U1,R1,R1,U3,U1: exhausted states 750 best 14 0.001s | cpu 2m42s wall 2m47s eta~21m36s best 62
  [315/2738  11.5%] exit 2 U1,U1,R1,R1,U3,U2: exhausted states 749 best 14 0.001s | cpu 2m42s wall 2m47s eta~21m31s best 62
  [316/2738  11.5%] exit 2 U1,U1,R1,R1,D1,D1: exhausted states 3 best 6 0.0s | cpu 2m42s wall 2m47s eta~21m27s best 62
  [317/2738  11.6%] exit 2 U1,U1,R1,R1,D1,D3: exhausted states 2 best 6 0.0s | cpu 2m42s wall 2m47s eta~21m22s best 62
  [318/2738  11.6%] exit 2 U1,U1,R1,R1,D2,D1: exhausted states 3 best 6 0.0s | cpu 2m42s wall 2m47s eta~21m18s best 62
  [319/2738  11.7%] exit 2 U1,U1,R1,R1,D2,D2: exhausted states 2 best 6 0.0s | cpu 2m42s wall 2m47s eta~21m13s best 62
  [320/2738  11.7%] exit 2 U1,U1,R1,R1,D3,D1: exhausted states 3 best 6 0.0s | cpu 2m42s wall 2m48s eta~21m09s best 62
  [321/2738  11.7%] exit 2 U1,U1,R1,R1,D3,D2: exhausted states 2 best 6 0.0s | cpu 2m42s wall 2m48s eta~21m05s best 62
  [322/2738  11.8%] exit 2 U1,U1,R1,R3,U1,U1: exhausted states 2,967 best 24 0.003s | cpu 2m42s wall 2m48s eta~21m00s best 62
  [323/2738  11.8%] exit 2 U1,U1,R1,R3,U1,U3: exhausted states 13,477 best 38 0.022s | cpu 2m42s wall 2m48s eta~20m56s best 62
  [324/2738  11.8%] exit 2 U1,U1,R1,R3,U1,L1: exhausted states 13,497 best 28 0.014s | cpu 2m42s wall 2m48s eta~20m52s best 62
  [325/2738  11.9%] exit 2 U1,U1,R1,R3,U2,U1: exhausted states 2,967 best 24 0.003s | cpu 2m42s wall 2m48s eta~20m48s best 62
  [326/2738  11.9%] exit 2 U1,U1,R1,R3,U2,U2: exhausted states 11,255 best 38 0.018s | cpu 2m42s wall 2m48s eta~20m44s best 62
  [327/2738  11.9%] exit 2 U1,U1,R1,R3,U2,L1: exhausted states 13,383 best 28 0.015s | cpu 2m42s wall 2m48s eta~20m40s best 62
  [328/2738  12.0%] exit 2 U1,U1,R1,R3,U3,U1: exhausted states 2,967 best 24 0.003s | cpu 2m42s wall 2m48s eta~20m36s best 62
  [329/2738  12.0%] exit 2 U1,U1,R1,R3,U3,U2: exhausted states 11,255 best 38 0.018s | cpu 2m42s wall 2m48s eta~20m32s best 62
  [330/2738  12.1%] exit 2 U1,U1,R1,R3,U3,L1: exhausted states 13,383 best 28 0.017s | cpu 2m42s wall 2m48s eta~20m28s best 62
  [331/2738  12.1%] exit 2 U1,U1,R1,R3,D1,D1: exhausted states 3 best 6 0.0s | cpu 2m42s wall 2m48s eta~20m23s best 62
  [332/2738  12.1%] exit 2 U1,U1,R1,R3,D1,D3: exhausted states 2 best 6 0.0s | cpu 2m42s wall 2m48s eta~20m19s best 62
  [333/2738  12.2%] exit 2 U1,U1,R1,R3,D2,D1: exhausted states 3 best 6 0.0s | cpu 2m42s wall 2m48s eta~20m15s best 62
  [334/2738  12.2%] exit 2 U1,U1,R1,R3,D2,D2: exhausted states 2 best 6 0.0s | cpu 2m42s wall 2m48s eta~20m11s best 62
  [335/2738  12.2%] exit 2 U1,U1,R1,R3,D3,D1: exhausted states 3 best 6 0.0s | cpu 2m42s wall 2m48s eta~20m07s best 62
  [336/2738  12.3%] exit 2 U1,U1,R1,R3,D3,D2: exhausted states 2 best 6 0.0s | cpu 2m42s wall 2m48s eta~20m03s best 62
  [337/2738  12.3%] exit 2 U1,U1,R2,U1,U1,R1: exhausted states 3 best 6 0.0s | cpu 2m42s wall 2m48s eta~19m59s best 62
  [338/2738  12.3%] exit 2 U1,U1,R2,U1,U1,R2: exhausted states 2 best 6 0.0s | cpu 2m42s wall 2m48s eta~19m55s best 62
  [339/2738  12.4%] exit 2 U1,U1,R2,U1,U1,R3: exhausted states 2 best 6 0.0s | cpu 2m42s wall 2m48s eta~19m52s best 62
  [340/2738  12.4%] exit 2 U1,U1,R2,U1,U1,L1: exhausted states 5,730 best 28 0.008s | cpu 2m42s wall 2m48s eta~19m48s best 62
  [341/2738  12.5%] exit 2 U1,U1,R2,U1,U1,L2: exhausted states 1,752 best 22 0.004s | cpu 2m42s wall 2m48s eta~19m44s best 62
  [342/2738  12.5%] exit 2 U1,U1,R2,U1,U1,L3: exhausted states 1,702 best 22 0.004s | cpu 2m42s wall 2m48s eta~19m40s best 62
  [343/2738  12.5%] exit 2 U1,U1,R2,U1,U3,R1: exhausted states 37 best 10 0.0s | cpu 2m42s wall 2m48s eta~19m36s best 62
  [344/2738  12.6%] exit 2 U1,U1,R2,U1,U3,R2: exhausted states 36 best 10 0.0s | cpu 2m42s wall 2m48s eta~19m32s best 62
  [345/2738  12.6%] exit 2 U1,U1,R2,U1,U3,R3: exhausted states 36 best 10 0.0s | cpu 2m42s wall 2m48s eta~19m29s best 62
  [346/2738  12.6%] exit 2 U1,U1,R2,U1,U3,L1: exhausted states 27,738 best 28 0.06s | cpu 2m42s wall 2m48s eta~19m25s best 62
  [347/2738  12.7%] exit 2 U1,U1,R2,U1,U3,L2: exhausted states 5,121 best 22 0.011s | cpu 2m42s wall 2m48s eta~19m22s best 62
  [348/2738  12.7%] exit 2 U1,U1,R2,U1,U3,L3: exhausted states 4,257 best 22 0.01s | cpu 2m42s wall 2m48s eta~19m18s best 62
  [349/2738  12.7%] exit 2 U1,U1,R2,U1,R1,U1: exhausted states 3 best 6 0.0s | cpu 2m42s wall 2m48s eta~19m14s best 62
  [350/2738  12.8%] exit 2 U1,U1,R2,U1,R1,U2: exhausted states 2 best 6 0.0s | cpu 2m42s wall 2m48s eta~19m11s best 62
  [351/2738  12.8%] exit 2 U1,U1,R2,U1,R1,U3: exhausted states 2 best 6 0.0s | cpu 2m42s wall 2m48s eta~19m07s best 62
  [352/2738  12.9%] exit 2 U1,U1,R2,U1,R2,U1: exhausted states 5,298 best 26 0.008s | cpu 2m42s wall 2m48s eta~19m04s best 62
  [353/2738  12.9%] exit 2 U1,U1,R2,U1,R2,U2: exhausted states 3,701 best 24 0.006s | cpu 2m42s wall 2m48s eta~19m00s best 62
  [354/2738  12.9%] exit 2 U1,U1,R2,U1,R2,U3: exhausted states 3,401 best 24 0.005s | cpu 2m42s wall 2m48s eta~18m56s best 62
  [355/2738  13.0%] exit 2 U1,U1,R2,U1,R3,U1: exhausted states 1,541 best 24 0.002s | cpu 2m42s wall 2m48s eta~18m53s best 62
  [356/2738  13.0%] exit 2 U1,U1,R2,U1,R3,U2: exhausted states 1,540 best 24 0.002s | cpu 2m42s wall 2m48s eta~18m49s best 62
  [357/2738  13.0%] exit 2 U1,U1,R2,U1,R3,U3: exhausted states 1,540 best 24 0.002s | cpu 2m42s wall 2m48s eta~18m46s best 62
  [358/2738  13.1%] exit 2 U1,U1,R2,U1,L1,U1: exhausted states 322 best 12 0.0s | cpu 2m42s wall 2m48s eta~18m42s best 62
  [359/2738  13.1%] exit 2 U1,U1,R2,U1,L1,U2: exhausted states 51 best 9 0.0s | cpu 2m42s wall 2m48s eta~18m39s best 62
  [360/2738  13.1%] exit 2 U1,U1,R2,U1,L1,L1: exhausted states 19,835 best 32 0.026s | cpu 2m42s wall 2m48s eta~18m36s best 62
  [361/2738  13.2%] exit 2 U1,U1,R2,U1,L1,L3: exhausted states 3,334 best 18 0.005s | cpu 2m42s wall 2m48s eta~18m32s best 62
  [362/2738  13.2%] exit 2 U1,U1,R2,U1,L2,U1: exhausted states 3,656 best 28 0.004s | cpu 2m42s wall 2m49s eta~18m29s best 62
  [363/2738  13.3%] exit 2 U1,U1,R2,U1,L2,U2: exhausted states 163 best 15 0.0s | cpu 2m42s wall 2m49s eta~18m25s best 62
  [364/2738  13.3%] exit 2 U1,U1,R2,U1,L2,L1: exhausted states 5,054 best 23 0.008s | cpu 2m42s wall 2m49s eta~18m22s best 62
  [365/2738  13.3%] exit 2 U1,U1,R2,U1,L2,L2: exhausted states 15,401 best 28 0.03s | cpu 2m42s wall 2m49s eta~18m19s best 62
  [366/2738  13.4%] exit 2 U1,U1,R2,U1,L3,U1: exhausted states 330 best 12 0.0s | cpu 2m42s wall 2m49s eta~18m15s best 62
  [367/2738  13.4%] exit 2 U1,U1,R2,U1,L3,U2: exhausted states 59 best 9 0.0s | cpu 2m42s wall 2m49s eta~18m12s best 62
  [368/2738  13.4%] exit 2 U1,U1,R2,U1,L3,L1: exhausted states 1,001 best 18 0.002s | cpu 2m42s wall 2m49s eta~18m09s best 62
  [369/2738  13.5%] exit 2 U1,U1,R2,U1,L3,L2: exhausted states 2,103 best 18 0.003s | cpu 2m42s wall 2m49s eta~18m06s best 62
  [370/2738  13.5%] exit 2 U1,U1,R2,U2,U1,R1: exhausted states 3 best 6 0.0s | cpu 2m42s wall 2m49s eta~18m02s best 62
  [371/2738  13.6%] exit 2 U1,U1,R2,U2,U1,R2: exhausted states 2 best 6 0.0s | cpu 2m42s wall 2m49s eta~17m59s best 62
  [372/2738  13.6%] exit 2 U1,U1,R2,U2,U1,R3: exhausted states 2 best 6 0.0s | cpu 2m42s wall 2m49s eta~17m56s best 62
  [373/2738  13.6%] exit 2 U1,U1,R2,U2,U1,L1: exhausted states 3,380 best 28 0.01s | cpu 2m42s wall 2m49s eta~17m53s best 62
  [374/2738  13.7%] exit 2 U1,U1,R2,U2,U1,L2: exhausted states 1,194 best 22 0.003s | cpu 2m42s wall 2m49s eta~17m49s best 62
  [375/2738  13.7%] exit 2 U1,U1,R2,U2,U1,L3: exhausted states 1,194 best 22 0.003s | cpu 2m42s wall 2m49s eta~17m46s best 62
  [376/2738  13.7%] exit 2 U1,U1,R2,U2,U2,R1: exhausted states 7 best 7 0.0s | cpu 2m42s wall 2m49s eta~17m43s best 62
  [377/2738  13.8%] exit 2 U1,U1,R2,U2,U2,R2: exhausted states 6 best 7 0.0s | cpu 2m42s wall 2m49s eta~17m40s best 62
  [378/2738  13.8%] exit 2 U1,U1,R2,U2,U2,R3: exhausted states 6 best 7 0.0s | cpu 2m42s wall 2m49s eta~17m37s best 62
  [379/2738  13.8%] exit 2 U1,U1,R2,U2,U2,L1: exhausted states 2,413 best 21 0.004s | cpu 2m42s wall 2m49s eta~17m34s best 62
  [380/2738  13.9%] exit 2 U1,U1,R2,U2,U2,L2: exhausted states 1,685 best 19 0.002s | cpu 2m42s wall 2m49s eta~17m30s best 62
  [381/2738  13.9%] exit 2 U1,U1,R2,U2,U2,L3: exhausted states 1,685 best 19 0.002s | cpu 2m42s wall 2m49s eta~17m27s best 62
  [382/2738  14.0%] exit 2 U1,U1,R2,U2,R1,U1: exhausted states 3 best 6 0.0s | cpu 2m42s wall 2m49s eta~17m24s best 62
  [383/2738  14.0%] exit 2 U1,U1,R2,U2,R1,U2: exhausted states 2 best 6 0.0s | cpu 2m42s wall 2m49s eta~17m21s best 62
  [384/2738  14.0%] exit 2 U1,U1,R2,U2,R1,U3: exhausted states 2 best 6 0.0s | cpu 2m42s wall 2m49s eta~17m18s best 62
  [385/2738  14.1%] exit 2 U1,U1,R2,U2,R1,D1: exhausted states 6 best 6 0.0s | cpu 2m42s wall 2m49s eta~17m15s best 62
  [386/2738  14.1%] exit 2 U1,U1,R2,U2,R1,D2: exhausted states 3 best 6 0.0s | cpu 2m42s wall 2m49s eta~17m12s best 62
  [387/2738  14.1%] exit 2 U1,U1,R2,U2,R1,D3: exhausted states 3 best 6 0.0s | cpu 2m42s wall 2m49s eta~17m09s best 62
  [388/2738  14.2%] exit 2 U1,U1,R2,U2,R2,U1: exhausted states 4,588 best 24 0.009s | cpu 2m42s wall 2m49s eta~17m06s best 62
  [389/2738  14.2%] exit 2 U1,U1,R2,U2,R2,U2: exhausted states 4,181 best 24 0.008s | cpu 2m42s wall 2m49s eta~17m03s best 62
  [390/2738  14.2%] exit 2 U1,U1,R2,U2,R2,U3: exhausted states 4,181 best 24 0.007s | cpu 2m42s wall 2m49s eta~17m00s best 62
  [391/2738  14.3%] exit 2 U1,U1,R2,U2,R2,D1: exhausted states 6 best 6 0.0s | cpu 2m42s wall 2m49s eta~16m57s best 62
  [392/2738  14.3%] exit 2 U1,U1,R2,U2,R2,D2: exhausted states 3 best 6 0.0s | cpu 2m42s wall 2m49s eta~16m54s best 62
  [393/2738  14.4%] exit 2 U1,U1,R2,U2,R2,D3: exhausted states 3 best 6 0.0s | cpu 2m42s wall 2m49s eta~16m52s best 62
  [394/2738  14.4%] exit 2 U1,U1,R2,U2,R3,U1: exhausted states 1,757 best 24 0.003s | cpu 2m42s wall 2m49s eta~16m49s best 62
  [395/2738  14.4%] exit 2 U1,U1,R2,U2,R3,U2: exhausted states 1,756 best 24 0.002s | cpu 2m42s wall 2m49s eta~16m46s best 62
  [396/2738  14.5%] exit 2 U1,U1,R2,U2,R3,U3: exhausted states 1,756 best 24 0.003s | cpu 2m42s wall 2m49s eta~16m43s best 62
  [397/2738  14.5%] exit 2 U1,U1,R2,U2,R3,D1: exhausted states 6 best 6 0.0s | cpu 2m42s wall 2m49s eta~16m40s best 62
  [398/2738  14.5%] exit 2 U1,U1,R2,U2,R3,D2: exhausted states 3 best 6 0.0s | cpu 2m42s wall 2m49s eta~16m37s best 62
  [399/2738  14.6%] exit 2 U1,U1,R2,U2,R3,D3: exhausted states 3 best 6 0.0s | cpu 2m42s wall 2m49s eta~16m34s best 62
  [400/2738  14.6%] exit 2 U1,U1,R2,U2,L1,U1: exhausted states 322 best 12 0.0s | cpu 2m42s wall 2m49s eta~16m32s best 62
  [401/2738  14.6%] exit 2 U1,U1,R2,U2,L1,U2: exhausted states 51 best 9 0.0s | cpu 2m42s wall 2m49s eta~16m29s best 62
  [402/2738  14.7%] exit 2 U1,U1,R2,U2,L1,L1: exhausted states 5,159 best 23 0.01s | cpu 2m42s wall 2m49s eta~16m26s best 62
  [403/2738  14.7%] exit 2 U1,U1,R2,U2,L1,L3: exhausted states 3,964 best 18 0.006s | cpu 2m42s wall 2m49s eta~16m23s best 62
  [404/2738  14.8%] exit 2 U1,U1,R2,U2,L2,U1: exhausted states 7,948 best 28 0.012s | cpu 2m42s wall 2m49s eta~16m21s best 62
  [405/2738  14.8%] exit 2 U1,U1,R2,U2,L2,U2: exhausted states 273 best 15 0.001s | cpu 2m42s wall 2m49s eta~16m18s best 62
  [406/2738  14.8%] exit 2 U1,U1,R2,U2,L2,L1: exhausted states 4,011 best 23 0.01s | cpu 2m42s wall 2m49s eta~16m15s best 62
  [407/2738  14.9%] exit 2 U1,U1,R2,U2,L2,L2: exhausted states 3,423 best 20 0.008s | cpu 2m42s wall 2m49s eta~16m13s best 62
  [408/2738  14.9%] exit 2 U1,U1,R2,U2,L3,U1: exhausted states 330 best 12 0.0s | cpu 2m42s wall 2m49s eta~16m10s best 62
  [409/2738  14.9%] exit 2 U1,U1,R2,U2,L3,U2: exhausted states 59 best 9 0.0s | cpu 2m42s wall 2m49s eta~16m07s best 62
  [410/2738  15.0%] exit 2 U1,U1,R2,U2,L3,L1: exhausted states 1,149 best 18 0.002s | cpu 2m42s wall 2m49s eta~16m05s best 62
  [411/2738  15.0%] exit 2 U1,U1,R2,U2,L3,L2: exhausted states 1,139 best 18 0.002s | cpu 2m42s wall 2m49s eta~16m02s best 62
  [412/2738  15.0%] exit 2 U1,U1,R2,U3,U1,R1: exhausted states 3 best 6 0.0s | cpu 2m42s wall 2m50s eta~15m59s best 62
  [413/2738  15.1%] exit 2 U1,U1,R2,U3,U1,R2: exhausted states 2 best 6 0.0s | cpu 2m42s wall 2m50s eta~15m57s best 62
  [414/2738  15.1%] exit 2 U1,U1,R2,U3,U1,R3: exhausted states 2 best 6 0.0s | cpu 2m42s wall 2m50s eta~15m54s best 62
  [415/2738  15.2%] exit 2 U1,U1,R2,U3,U1,L1: exhausted states 1,044 best 20 0.001s | cpu 2m42s wall 2m50s eta~15m51s best 62
  [416/2738  15.2%] exit 2 U1,U1,R2,U3,U1,L2: exhausted states 807 best 16 0.001s | cpu 2m42s wall 2m50s eta~15m49s best 62
  [417/2738  15.2%] exit 2 U1,U1,R2,U3,U1,L3: exhausted states 807 best 16 0.001s | cpu 2m42s wall 2m50s eta~15m46s best 62
  [418/2738  15.3%] exit 2 U1,U1,R2,U3,U2,R1: exhausted states 7 best 7 0.0s | cpu 2m42s wall 2m50s eta~15m44s best 62
  [419/2738  15.3%] exit 2 U1,U1,R2,U3,U2,R2: exhausted states 6 best 7 0.0s | cpu 2m42s wall 2m50s eta~15m41s best 62
  [420/2738  15.3%] exit 2 U1,U1,R2,U3,U2,R3: exhausted states 6 best 7 0.0s | cpu 2m42s wall 2m50s eta~15m39s best 62
  [421/2738  15.4%] exit 2 U1,U1,R2,U3,U2,L1: exhausted states 1,371 best 20 0.001s | cpu 2m42s wall 2m50s eta~15m36s best 62
  [422/2738  15.4%] exit 2 U1,U1,R2,U3,U2,L2: exhausted states 1,219 best 16 0.001s | cpu 2m42s wall 2m50s eta~15m33s best 62
  [423/2738  15.4%] exit 2 U1,U1,R2,U3,U2,L3: exhausted states 1,219 best 16 0.001s | cpu 2m42s wall 2m50s eta~15m31s best 62
  [424/2738  15.5%] exit 2 U1,U1,R2,U3,R1,U1: exhausted states 3 best 6 0.0s | cpu 2m42s wall 2m50s eta~15m28s best 62
  [425/2738  15.5%] exit 2 U1,U1,R2,U3,R1,U2: exhausted states 2 best 6 0.0s | cpu 2m42s wall 2m50s eta~15m26s best 62
  [426/2738  15.6%] exit 2 U1,U1,R2,U3,R1,U3: exhausted states 2 best 6 0.0s | cpu 2m42s wall 2m50s eta~15m23s best 62
  [427/2738  15.6%] exit 2 U1,U1,R2,U3,R1,D1: exhausted states 16 best 8 0.0s | cpu 2m42s wall 2m50s eta~15m21s best 62
  [428/2738  15.6%] exit 2 U1,U1,R2,U3,R1,D2: exhausted states 13 best 8 0.0s | cpu 2m42s wall 2m50s eta~15m18s best 62
  [429/2738  15.7%] exit 2 U1,U1,R2,U3,R1,D3: exhausted states 13 best 8 0.0s | cpu 2m42s wall 2m50s eta~15m16s best 62
  [430/2738  15.7%] exit 2 U1,U1,R2,U3,R2,U1: exhausted states 2,787 best 24 0.004s | cpu 2m42s wall 2m50s eta~15m14s best 62
  [431/2738  15.7%] exit 2 U1,U1,R2,U3,R2,U2: exhausted states 3,062 best 24 0.004s | cpu 2m42s wall 2m50s eta~15m11s best 62
  [432/2738  15.8%] exit 2 U1,U1,R2,U3,R2,U3: exhausted states 3,062 best 24 0.004s | cpu 2m42s wall 2m50s eta~15m09s best 62
  [433/2738  15.8%] exit 2 U1,U1,R2,U3,R2,D1: exhausted states 16 best 8 0.0s | cpu 2m42s wall 2m50s eta~15m06s best 62
  [434/2738  15.9%] exit 2 U1,U1,R2,U3,R2,D2: exhausted states 13 best 8 0.0s | cpu 2m42s wall 2m50s eta~15m04s best 62
  [435/2738  15.9%] exit 2 U1,U1,R2,U3,R2,D3: exhausted states 13 best 8 0.0s | cpu 2m42s wall 2m50s eta~15m02s best 62
  [436/2738  15.9%] exit 2 U1,U1,R2,U3,R3,U1: exhausted states 1,587 best 24 0.002s | cpu 2m42s wall 2m50s eta~14m59s best 62
  [437/2738  16.0%] exit 2 U1,U1,R2,U3,R3,U2: exhausted states 1,586 best 24 0.002s | cpu 2m42s wall 2m50s eta~14m57s best 62
  [438/2738  16.0%] exit 2 U1,U1,R2,U3,R3,U3: exhausted states 1,586 best 24 0.002s | cpu 2m42s wall 2m50s eta~14m55s best 62
  [439/2738  16.0%] exit 2 U1,U1,R2,U3,R3,D1: exhausted states 16 best 8 0.0s | cpu 2m42s wall 2m50s eta~14m52s best 62
  [440/2738  16.1%] exit 2 U1,U1,R2,U3,R3,D2: exhausted states 13 best 8 0.0s | cpu 2m42s wall 2m50s eta~14m50s best 62
  [441/2738  16.1%] exit 2 U1,U1,R2,U3,R3,D3: exhausted states 13 best 8 0.0s | cpu 2m42s wall 2m50s eta~14m48s best 62
  [442/2738  16.1%] exit 2 U1,U1,R2,U3,L1,U1: exhausted states 322 best 12 0.0s | cpu 2m42s wall 2m50s eta~14m45s best 62
  [443/2738  16.2%] exit 2 U1,U1,R2,U3,L1,U2: exhausted states 51 best 9 0.0s | cpu 2m42s wall 2m50s eta~14m43s best 62
  [444/2738  16.2%] exit 2 U1,U1,R2,U3,L1,L1: exhausted states 593 best 16 0.001s | cpu 2m42s wall 2m50s eta~14m41s best 62
  [445/2738  16.3%] exit 2 U1,U1,R2,U3,L1,L3: exhausted states 6,032 best 18 0.009s | cpu 2m42s wall 2m50s eta~14m38s best 62
  [446/2738  16.3%] exit 2 U1,U1,R2,U3,L2,U1: exhausted states 6,912 best 28 0.009s | cpu 2m42s wall 2m50s eta~14m36s best 62
  [447/2738  16.3%] exit 2 U1,U1,R2,U3,L2,U2: exhausted states 393 best 15 0.001s | cpu 2m42s wall 2m50s eta~14m34s best 62
  [448/2738  16.4%] exit 2 U1,U1,R2,U3,L2,L1: exhausted states 1,549 best 18 0.002s | cpu 2m42s wall 2m50s eta~14m32s best 62
  [449/2738  16.4%] exit 2 U1,U1,R2,U3,L2,L2: exhausted states 744 best 16 0.001s | cpu 2m42s wall 2m50s eta~14m30s best 62
  [450/2738  16.4%] exit 2 U1,U1,R2,U3,L3,U1: exhausted states 330 best 12 0.0s | cpu 2m42s wall 2m50s eta~14m27s best 62
  [451/2738  16.5%] exit 2 U1,U1,R2,U3,L3,U2: exhausted states 59 best 9 0.0s | cpu 2m42s wall 2m50s eta~14m25s best 62
  [452/2738  16.5%] exit 2 U1,U1,R2,U3,L3,L1: exhausted states 629 best 16 0.001s | cpu 2m42s wall 2m50s eta~14m23s best 62
  [453/2738  16.5%] exit 2 U1,U1,R2,U3,L3,L2: exhausted states 744 best 16 0.001s | cpu 2m42s wall 2m50s eta~14m21s best 62
  [454/2738  16.6%] exit 2 U1,U1,R2,R1,U1,U1: exhausted states 9,279 best 26 0.01s | cpu 2m42s wall 2m50s eta~14m19s best 62
  [455/2738  16.6%] exit 2 U1,U1,R2,R1,U1,U3: exhausted states 4,370 best 24 0.006s | cpu 2m42s wall 2m50s eta~14m16s best 62
  [456/2738  16.7%] exit 2 U1,U1,R2,R1,U2,U1: exhausted states 4,203 best 24 0.006s | cpu 2m42s wall 2m50s eta~14m14s best 62
  [457/2738  16.7%] exit 2 U1,U1,R2,R1,U2,U2: exhausted states 4,370 best 24 0.006s | cpu 2m42s wall 2m50s eta~14m12s best 62
  [458/2738  16.7%] exit 2 U1,U1,R2,R1,U3,U1: exhausted states 4,203 best 24 0.005s | cpu 2m42s wall 2m50s eta~14m10s best 62
  [459/2738  16.8%] exit 2 U1,U1,R2,R1,U3,U2: exhausted states 4,370 best 24 0.006s | cpu 2m42s wall 2m50s eta~14m08s best 62
  [460/2738  16.8%] exit 2 U1,U1,R2,R1,D1,D1: exhausted states 3 best 6 0.0s | cpu 2m42s wall 2m50s eta~14m06s best 62
  [461/2738  16.8%] exit 2 U1,U1,R2,R1,D1,D3: exhausted states 2 best 6 0.0s | cpu 2m42s wall 2m50s eta~14m04s best 62
  [462/2738  16.9%] exit 2 U1,U1,R2,R1,D2,D1: exhausted states 3 best 6 0.0s | cpu 2m42s wall 2m50s eta~14m02s best 62
  [463/2738  16.9%] exit 2 U1,U1,R2,R1,D2,D2: exhausted states 2 best 6 0.0s | cpu 2m42s wall 2m50s eta~13m59s best 62
  [464/2738  16.9%] exit 2 U1,U1,R2,R1,D3,D1: exhausted states 3 best 6 0.0s | cpu 2m42s wall 2m50s eta~13m57s best 62
  [465/2738  17.0%] exit 2 U1,U1,R2,R1,D3,D2: exhausted states 2 best 6 0.0s | cpu 2m42s wall 2m50s eta~13m55s best 62
  [466/2738  17.0%] exit 2 U1,U1,R2,R2,U1,U1: exhausted states 76 best 11 0.0s | cpu 2m42s wall 2m50s eta~13m53s best 62
  [467/2738  17.1%] exit 2 U1,U1,R2,R2,U1,U3: exhausted states 78 best 11 0.0s | cpu 2m42s wall 2m51s eta~13m51s best 62
  [468/2738  17.1%] exit 2 U1,U1,R2,R2,U1,L1: exhausted states 221 best 11 0.0s | cpu 2m42s wall 2m51s eta~13m49s best 62
  [469/2738  17.1%] exit 2 U1,U1,R2,R2,U2,U1: exhausted states 76 best 11 0.0s | cpu 2m42s wall 2m51s eta~13m47s best 62
  [470/2738  17.2%] exit 2 U1,U1,R2,R2,U2,U2: exhausted states 78 best 11 0.0s | cpu 2m42s wall 2m51s eta~13m45s best 62
  [471/2738  17.2%] exit 2 U1,U1,R2,R2,U2,L1: exhausted states 221 best 11 0.0s | cpu 2m42s wall 2m51s eta~13m43s best 62
  [472/2738  17.2%] exit 2 U1,U1,R2,R2,U3,U1: exhausted states 76 best 11 0.0s | cpu 2m42s wall 2m51s eta~13m41s best 62
  [473/2738  17.3%] exit 2 U1,U1,R2,R2,U3,U2: exhausted states 78 best 11 0.0s | cpu 2m42s wall 2m51s eta~13m39s best 62
  [474/2738  17.3%] exit 2 U1,U1,R2,R2,U3,L1: exhausted states 221 best 11 0.0s | cpu 2m42s wall 2m51s eta~13m37s best 62
  [475/2738  17.3%] exit 2 U1,U1,R2,R2,D1,D1: exhausted states 3 best 6 0.0s | cpu 2m42s wall 2m51s eta~13m35s best 62
  [476/2738  17.4%] exit 2 U1,U1,R2,R2,D1,D3: exhausted states 2 best 6 0.0s | cpu 2m42s wall 2m51s eta~13m33s best 62
  [477/2738  17.4%] exit 2 U1,U1,R2,R2,D2,D1: exhausted states 3 best 6 0.0s | cpu 2m42s wall 2m51s eta~13m31s best 62
  [478/2738  17.5%] exit 2 U1,U1,R2,R2,D2,D2: exhausted states 2 best 6 0.0s | cpu 2m42s wall 2m51s eta~13m29s best 62
  [479/2738  17.5%] exit 2 U1,U1,R2,R2,D3,D1: exhausted states 3 best 6 0.0s | cpu 2m42s wall 2m51s eta~13m27s best 62
  [480/2738  17.5%] exit 2 U1,U1,R2,R2,D3,D2: exhausted states 2 best 6 0.0s | cpu 2m42s wall 2m51s eta~13m25s best 62
  [481/2738  17.6%] exit 2 U1,U1,R3,U1,U1,R1: exhausted states 3 best 6 0.0s | cpu 2m42s wall 2m51s eta~13m23s best 62
  [482/2738  17.6%] exit 2 U1,U1,R3,U1,U1,R2: exhausted states 2 best 6 0.0s | cpu 2m42s wall 2m51s eta~13m21s best 62
  [483/2738  17.6%] exit 2 U1,U1,R3,U1,U1,R3: exhausted states 2 best 6 0.0s | cpu 2m42s wall 2m51s eta~13m19s best 62
  [484/2738  17.7%] exit 2 U1,U1,R3,U1,U1,L1: exhausted states 374 best 12 0.0s | cpu 2m42s wall 2m51s eta~13m17s best 62
  [485/2738  17.7%] exit 2 U1,U1,R3,U1,U1,L2: exhausted states 371 best 12 0.0s | cpu 2m42s wall 2m51s eta~13m15s best 62
  [486/2738  17.8%] exit 2 U1,U1,R3,U1,U1,L3: exhausted states 371 best 12 0.001s | cpu 2m42s wall 2m51s eta~13m13s best 62
  [487/2738  17.8%] exit 2 U1,U1,R3,U1,U3,R1: exhausted states 37 best 10 0.0s | cpu 2m42s wall 2m51s eta~13m11s best 62
  [488/2738  17.8%] exit 2 U1,U1,R3,U1,U3,R2: exhausted states 36 best 10 0.0s | cpu 2m42s wall 2m51s eta~13m10s best 62
  [489/2738  17.9%] exit 2 U1,U1,R3,U1,U3,R3: exhausted states 36 best 10 0.0s | cpu 2m42s wall 2m51s eta~13m08s best 62
  [490/2738  17.9%] exit 2 U1,U1,R3,U1,U3,L1: exhausted states 7,567 best 28 0.014s | cpu 2m42s wall 2m51s eta~13m06s best 62
  [491/2738  17.9%] exit 2 U1,U1,R3,U1,U3,L2: exhausted states 2,145 best 22 0.004s | cpu 2m42s wall 2m51s eta~13m04s best 62
  [492/2738  18.0%] exit 2 U1,U1,R3,U1,U3,L3: exhausted states 1,713 best 22 0.003s | cpu 2m42s wall 2m51s eta~13m02s best 62
  [493/2738  18.0%] exit 2 U1,U1,R3,U1,R1,U1: exhausted states 3 best 6 0.0s | cpu 2m42s wall 2m51s eta~13m00s best 62
  [494/2738  18.0%] exit 2 U1,U1,R3,U1,R1,U2: exhausted states 2 best 6 0.0s | cpu 2m42s wall 2m51s eta~12m58s best 62
  [495/2738  18.1%] exit 2 U1,U1,R3,U1,R1,U3: exhausted states 2 best 6 0.0s | cpu 2m42s wall 2m51s eta~12m57s best 62
  [496/2738  18.1%] exit 2 U1,U1,R3,U1,R2,U1: exhausted states 1,683 best 16 0.002s | cpu 2m42s wall 2m51s eta~12m55s best 62
  [497/2738  18.2%] exit 2 U1,U1,R3,U1,R2,U2: exhausted states 1,868 best 16 0.003s | cpu 2m42s wall 2m51s eta~12m53s best 62
  [498/2738  18.2%] exit 2 U1,U1,R3,U1,R2,U3: exhausted states 1,202 best 15 0.003s | cpu 2m42s wall 2m51s eta~12m51s best 62
  [499/2738  18.2%] exit 2 U1,U1,R3,U1,R3,U1: exhausted states 513 best 14 0.001s | cpu 2m42s wall 2m51s eta~12m49s best 62
  [500/2738  18.3%] exit 2 U1,U1,R3,U1,R3,U2: exhausted states 512 best 14 0.001s | cpu 2m42s wall 2m51s eta~12m48s best 62
  [501/2738  18.3%] exit 2 U1,U1,R3,U1,R3,U3: exhausted states 512 best 14 0.001s | cpu 2m42s wall 2m51s eta~12m46s best 62
  [502/2738  18.3%] exit 2 U1,U1,R3,U1,L1,U1: exhausted states 232 best 12 0.0s | cpu 2m42s wall 2m51s eta~12m44s best 62
  [503/2738  18.4%] exit 2 U1,U1,R3,U1,L1,U2: exhausted states 387 best 12 0.0s | cpu 2m42s wall 2m51s eta~12m42s best 62
  [504/2738  18.4%] exit 2 U1,U1,R3,U1,L1,L1: exhausted states 150 best 10 0.0s | cpu 2m42s wall 2m51s eta~12m40s best 62
  [505/2738  18.4%] exit 2 U1,U1,R3,U1,L1,L3: exhausted states 809 best 18 0.001s | cpu 2m42s wall 2m51s eta~12m39s best 62
  [506/2738  18.5%] exit 2 U1,U1,R3,U1,L2,U1: exhausted states 1,650 best 20 0.002s | cpu 2m42s wall 2m51s eta~12m37s best 62
  [507/2738  18.5%] exit 2 U1,U1,R3,U1,L2,U2: exhausted states 1,199 best 18 0.002s | cpu 2m42s wall 2m51s eta~12m35s best 62
  [508/2738  18.6%] exit 2 U1,U1,R3,U1,L2,L1: exhausted states 394 best 18 0.001s | cpu 2m42s wall 2m51s eta~12m33s best 62
  [509/2738  18.6%] exit 2 U1,U1,R3,U1,L2,L2: exhausted states 137 best 10 0.0s | cpu 2m42s wall 2m51s eta~12m32s best 62
  [510/2738  18.6%] exit 2 U1,U1,R3,U1,L3,U1: exhausted states 240 best 12 0.0s | cpu 2m42s wall 2m51s eta~12m30s best 62
  [511/2738  18.7%] exit 2 U1,U1,R3,U1,L3,U2: exhausted states 503 best 12 0.001s | cpu 2m42s wall 2m51s eta~12m28s best 62
  [512/2738  18.7%] exit 2 U1,U1,R3,U1,L3,L1: exhausted states 186 best 12 0.0s | cpu 2m42s wall 2m51s eta~12m27s best 62
  [513/2738  18.7%] exit 2 U1,U1,R3,U1,L3,L2: exhausted states 137 best 10 0.0s | cpu 2m42s wall 2m51s eta~12m25s best 62
  [514/2738  18.8%] exit 2 U1,U1,R3,U2,U1,R1: exhausted states 3 best 6 0.0s | cpu 2m42s wall 2m51s eta~12m23s best 62
  [515/2738  18.8%] exit 2 U1,U1,R3,U2,U1,R2: exhausted states 2 best 6 0.0s | cpu 2m42s wall 2m51s eta~12m21s best 62
  [516/2738  18.8%] exit 2 U1,U1,R3,U2,U1,R3: exhausted states 2 best 6 0.0s | cpu 2m42s wall 2m51s eta~12m20s best 62
  [517/2738  18.9%] exit 2 U1,U1,R3,U2,U1,L1: exhausted states 374 best 12 0.001s | cpu 2m42s wall 2m51s eta~12m18s best 62
  [518/2738  18.9%] exit 2 U1,U1,R3,U2,U1,L2: exhausted states 371 best 12 0.001s | cpu 2m42s wall 2m51s eta~12m16s best 62
  [519/2738  19.0%] exit 2 U1,U1,R3,U2,U1,L3: exhausted states 371 best 12 0.001s | cpu 2m42s wall 2m51s eta~12m15s best 62
  [520/2738  19.0%] exit 2 U1,U1,R3,U2,U2,R1: exhausted states 7 best 7 0.0s | cpu 2m42s wall 2m51s eta~12m13s best 62
  [521/2738  19.0%] exit 2 U1,U1,R3,U2,U2,R2: exhausted states 6 best 7 0.0s | cpu 2m42s wall 2m51s eta~12m11s best 62
  [522/2738  19.1%] exit 2 U1,U1,R3,U2,U2,R3: exhausted states 6 best 7 0.0s | cpu 2m42s wall 2m52s eta~12m10s best 62
  [523/2738  19.1%] exit 2 U1,U1,R3,U2,U2,L1: exhausted states 701 best 12 0.001s | cpu 2m42s wall 2m52s eta~12m08s best 62
  [524/2738  19.1%] exit 2 U1,U1,R3,U2,U2,L2: exhausted states 693 best 12 0.001s | cpu 2m42s wall 2m52s eta~12m06s best 62
  [525/2738  19.2%] exit 2 U1,U1,R3,U2,U2,L3: exhausted states 693 best 12 0.001s | cpu 2m42s wall 2m52s eta~12m05s best 62
  [526/2738  19.2%] exit 2 U1,U1,R3,U2,R1,U1: exhausted states 3 best 6 0.0s | cpu 2m42s wall 2m52s eta~12m03s best 62
  [527/2738  19.2%] exit 2 U1,U1,R3,U2,R1,U2: exhausted states 2 best 6 0.0s | cpu 2m42s wall 2m52s eta~12m02s best 62
  [528/2738  19.3%] exit 2 U1,U1,R3,U2,R1,U3: exhausted states 2 best 6 0.0s | cpu 2m42s wall 2m52s eta~12m00s best 62
  [529/2738  19.3%] exit 2 U1,U1,R3,U2,R1,D1: exhausted states 6 best 6 0.0s | cpu 2m42s wall 2m52s eta~11m58s best 62
  [530/2738  19.4%] exit 2 U1,U1,R3,U2,R1,D2: exhausted states 3 best 6 0.0s | cpu 2m42s wall 2m52s eta~11m57s best 62
  [531/2738  19.4%] exit 2 U1,U1,R3,U2,R1,D3: exhausted states 3 best 6 0.0s | cpu 2m42s wall 2m52s eta~11m55s best 62
  [532/2738  19.4%] exit 2 U1,U1,R3,U2,R2,U1: exhausted states 1,719 best 16 0.003s | cpu 2m42s wall 2m52s eta~11m54s best 62
  [533/2738  19.5%] exit 2 U1,U1,R3,U2,R2,U2: exhausted states 1,868 best 16 0.003s | cpu 2m42s wall 2m52s eta~11m52s best 62
  [534/2738  19.5%] exit 2 U1,U1,R3,U2,R2,U3: exhausted states 1,868 best 16 0.003s | cpu 2m42s wall 2m52s eta~11m50s best 62
  [535/2738  19.5%] exit 2 U1,U1,R3,U2,R2,D1: exhausted states 6 best 6 0.0s | cpu 2m42s wall 2m52s eta~11m49s best 62
  [536/2738  19.6%] exit 2 U1,U1,R3,U2,R2,D2: exhausted states 3 best 6 0.0s | cpu 2m42s wall 2m52s eta~11m47s best 62
  [537/2738  19.6%] exit 2 U1,U1,R3,U2,R2,D3: exhausted states 3 best 6 0.0s | cpu 2m42s wall 2m52s eta~11m46s best 62
  [538/2738  19.6%] exit 2 U1,U1,R3,U2,R3,U1: exhausted states 513 best 14 0.001s | cpu 2m42s wall 2m52s eta~11m44s best 62
  [539/2738  19.7%] exit 2 U1,U1,R3,U2,R3,U2: exhausted states 512 best 14 0.001s | cpu 2m42s wall 2m52s eta~11m43s best 62
  [540/2738  19.7%] exit 2 U1,U1,R3,U2,R3,U3: exhausted states 512 best 14 0.001s | cpu 2m42s wall 2m52s eta~11m41s best 62
  [541/2738  19.8%] exit 2 U1,U1,R3,U2,R3,D1: exhausted states 6 best 6 0.0s | cpu 2m42s wall 2m52s eta~11m39s best 62
  [542/2738  19.8%] exit 2 U1,U1,R3,U2,R3,D2: exhausted states 3 best 6 0.0s | cpu 2m42s wall 2m52s eta~11m38s best 62
  [543/2738  19.8%] exit 2 U1,U1,R3,U2,R3,D3: exhausted states 3 best 6 0.0s | cpu 2m42s wall 2m52s eta~11m36s best 62
  [544/2738  19.9%] exit 2 U1,U1,R3,U2,L1,U1: exhausted states 232 best 12 0.0s | cpu 2m42s wall 2m52s eta~11m35s best 62
  [545/2738  19.9%] exit 2 U1,U1,R3,U2,L1,U2: exhausted states 387 best 12 0.001s | cpu 2m42s wall 2m52s eta~11m33s best 62
  [546/2738  19.9%] exit 2 U1,U1,R3,U2,L1,L1: exhausted states 150 best 10 0.0s | cpu 2m42s wall 2m52s eta~11m32s best 62
  [547/2738  20.0%] exit 2 U1,U1,R3,U2,L1,L3: exhausted states 1,169 best 18 0.002s | cpu 2m42s wall 2m52s eta~11m30s best 62
  [548/2738  20.0%] exit 2 U1,U1,R3,U2,L2,U1: exhausted states 3,066 best 20 0.004s | cpu 2m42s wall 2m52s eta~11m29s best 62
  [549/2738  20.1%] exit 2 U1,U1,R3,U2,L2,U2: exhausted states 1,901 best 18 0.004s | cpu 2m42s wall 2m52s eta~11m27s best 62
  [550/2738  20.1%] exit 2 U1,U1,R3,U2,L2,L1: exhausted states 626 best 18 0.001s | cpu 2m42s wall 2m52s eta~11m26s best 62
  [551/2738  20.1%] exit 2 U1,U1,R3,U2,L2,L2: exhausted states 137 best 10 0.0s | cpu 2m42s wall 2m52s eta~11m24s best 62
  [552/2738  20.2%] exit 2 U1,U1,R3,U2,L3,U1: exhausted states 240 best 12 0.0s | cpu 2m42s wall 2m52s eta~11m23s best 62
  [553/2738  20.2%] exit 2 U1,U1,R3,U2,L3,U2: exhausted states 503 best 12 0.001s | cpu 2m42s wall 2m52s eta~11m21s best 62
  [554/2738  20.2%] exit 2 U1,U1,R3,U2,L3,L1: exhausted states 186 best 12 0.0s | cpu 2m42s wall 2m52s eta~11m20s best 62
  [555/2738  20.3%] exit 2 U1,U1,R3,U2,L3,L2: exhausted states 137 best 10 0.0s | cpu 2m42s wall 2m52s eta~11m18s best 62
  [556/2738  20.3%] exit 2 U1,U1,R3,U3,U1,R1: exhausted states 3 best 6 0.0s | cpu 2m42s wall 2m52s eta~11m17s best 62
  [557/2738  20.3%] exit 2 U1,U1,R3,U3,U1,R2: exhausted states 2 best 6 0.0s | cpu 2m42s wall 2m52s eta~11m16s best 62
  [558/2738  20.4%] exit 2 U1,U1,R3,U3,U1,R3: exhausted states 2 best 6 0.0s | cpu 2m42s wall 2m52s eta~11m14s best 62
  [559/2738  20.4%] exit 2 U1,U1,R3,U3,U1,L1: exhausted states 374 best 12 0.001s | cpu 2m42s wall 2m52s eta~11m13s best 62
  [560/2738  20.5%] exit 2 U1,U1,R3,U3,U1,L2: exhausted states 371 best 12 0.001s | cpu 2m42s wall 2m52s eta~11m11s best 62
  [561/2738  20.5%] exit 2 U1,U1,R3,U3,U1,L3: exhausted states 371 best 12 0.0s | cpu 2m42s wall 2m52s eta~11m10s best 62
  [562/2738  20.5%] exit 2 U1,U1,R3,U3,U2,R1: exhausted states 7 best 7 0.0s | cpu 2m42s wall 2m52s eta~11m08s best 62
  [563/2738  20.6%] exit 2 U1,U1,R3,U3,U2,R2: exhausted states 6 best 7 0.0s | cpu 2m42s wall 2m52s eta~11m07s best 62
  [564/2738  20.6%] exit 2 U1,U1,R3,U3,U2,R3: exhausted states 6 best 7 0.0s | cpu 2m42s wall 2m52s eta~11m05s best 62
  [565/2738  20.6%] exit 2 U1,U1,R3,U3,U2,L1: exhausted states 701 best 12 0.001s | cpu 2m42s wall 2m52s eta~11m04s best 62
  [566/2738  20.7%] exit 2 U1,U1,R3,U3,U2,L2: exhausted states 693 best 12 0.001s | cpu 2m42s wall 2m52s eta~11m03s best 62
  [567/2738  20.7%] exit 2 U1,U1,R3,U3,U2,L3: exhausted states 693 best 12 0.001s | cpu 2m42s wall 2m52s eta~11m01s best 62
  [568/2738  20.7%] exit 2 U1,U1,R3,U3,R1,U1: exhausted states 3 best 6 0.0s | cpu 2m42s wall 2m52s eta~11m00s best 62
  [569/2738  20.8%] exit 2 U1,U1,R3,U3,R1,U2: exhausted states 2 best 6 0.0s | cpu 2m42s wall 2m52s eta~10m58s best 62
  [570/2738  20.8%] exit 2 U1,U1,R3,U3,R1,U3: exhausted states 2 best 6 0.0s | cpu 2m42s wall 2m52s eta~10m57s best 62
  [571/2738  20.9%] exit 2 U1,U1,R3,U3,R1,D1: exhausted states 16 best 8 0.0s | cpu 2m42s wall 2m52s eta~10m56s best 62
  [572/2738  20.9%] exit 2 U1,U1,R3,U3,R1,D2: exhausted states 13 best 8 0.0s | cpu 2m42s wall 2m52s eta~10m54s best 62
  [573/2738  20.9%] exit 2 U1,U1,R3,U3,R1,D3: exhausted states 13 best 8 0.0s | cpu 2m42s wall 2m52s eta~10m53s best 62
  [574/2738  21.0%] exit 2 U1,U1,R3,U3,R2,U1: exhausted states 1,839 best 16 0.003s | cpu 2m42s wall 2m52s eta~10m52s best 62
  [575/2738  21.0%] exit 2 U1,U1,R3,U3,R2,U2: exhausted states 1,868 best 16 0.003s | cpu 2m42s wall 2m52s eta~10m50s best 62
  [576/2738  21.0%] exit 2 U1,U1,R3,U3,R2,U3: exhausted states 1,868 best 16 0.003s | cpu 2m42s wall 2m52s eta~10m49s best 62
  [577/2738  21.1%] exit 2 U1,U1,R3,U3,R2,D1: exhausted states 16 best 8 0.0s | cpu 2m42s wall 2m53s eta~10m47s best 62
  [578/2738  21.1%] exit 2 U1,U1,R3,U3,R2,D2: exhausted states 13 best 8 0.0s | cpu 2m42s wall 2m53s eta~10m46s best 62
  [579/2738  21.1%] exit 2 U1,U1,R3,U3,R2,D3: exhausted states 13 best 8 0.0s | cpu 2m42s wall 2m53s eta~10m45s best 62
  [580/2738  21.2%] exit 2 U1,U1,R3,U3,R3,U1: exhausted states 513 best 14 0.001s | cpu 2m42s wall 2m53s eta~10m43s best 62
  [581/2738  21.2%] exit 2 U1,U1,R3,U3,R3,U2: exhausted states 512 best 14 0.001s | cpu 2m42s wall 2m53s eta~10m42s best 62
  [582/2738  21.3%] exit 2 U1,U1,R3,U3,R3,U3: exhausted states 512 best 14 0.001s | cpu 2m42s wall 2m53s eta~10m41s best 62
  [583/2738  21.3%] exit 2 U1,U1,R3,U3,R3,D1: exhausted states 16 best 8 0.0s | cpu 2m42s wall 2m53s eta~10m39s best 62
  [584/2738  21.3%] exit 2 U1,U1,R3,U3,R3,D2: exhausted states 13 best 8 0.0s | cpu 2m42s wall 2m53s eta~10m38s best 62
  [585/2738  21.4%] exit 2 U1,U1,R3,U3,R3,D3: exhausted states 13 best 8 0.0s | cpu 2m42s wall 2m53s eta~10m37s best 62
  [586/2738  21.4%] exit 2 U1,U1,R3,U3,L1,U1: exhausted states 232 best 12 0.0s | cpu 2m42s wall 2m53s eta~10m35s best 62
  [587/2738  21.4%] exit 2 U1,U1,R3,U3,L1,U2: exhausted states 387 best 12 0.001s | cpu 2m42s wall 2m53s eta~10m34s best 62
  [588/2738  21.5%] exit 2 U1,U1,R3,U3,L1,L1: exhausted states 150 best 10 0.0s | cpu 2m42s wall 2m53s eta~10m33s best 62
  [589/2738  21.5%] exit 2 U1,U1,R3,U3,L1,L3: exhausted states 2,369 best 18 0.004s | cpu 2m42s wall 2m53s eta~10m32s best 62
  [590/2738  21.5%] exit 2 U1,U1,R3,U3,L2,U1: exhausted states 3,186 best 20 0.004s | cpu 2m42s wall 2m53s eta~10m30s best 62
  [591/2738  21.6%] exit 2 U1,U1,R3,U3,L2,U2: exhausted states 2,021 best 18 0.004s | cpu 2m42s wall 2m53s eta~10m29s best 62
  [592/2738  21.6%] exit 2 U1,U1,R3,U3,L2,L1: exhausted states 1,106 best 18 0.001s | cpu 2m42s wall 2m53s eta~10m28s best 62
  [593/2738  21.7%] exit 2 U1,U1,R3,U3,L2,L2: exhausted states 137 best 10 0.0s | cpu 2m42s wall 2m53s eta~10m26s best 62
  [594/2738  21.7%] exit 2 U1,U1,R3,U3,L3,U1: exhausted states 240 best 12 0.001s | cpu 2m42s wall 2m53s eta~10m25s best 62
  [595/2738  21.7%] exit 2 U1,U1,R3,U3,L3,U2: exhausted states 503 best 12 0.001s | cpu 2m42s wall 2m53s eta~10m24s best 62
  [596/2738  21.8%] exit 2 U1,U1,R3,U3,L3,L1: exhausted states 186 best 12 0.0s | cpu 2m42s wall 2m53s eta~10m23s best 62
  [597/2738  21.8%] exit 2 U1,U1,R3,U3,L3,L2: exhausted states 137 best 10 0.0s | cpu 2m42s wall 2m53s eta~10m21s best 62
  [598/2738  21.8%] exit 2 U1,U1,R3,R1,U1,U1: exhausted states 1,243 best 15 0.001s | cpu 2m42s wall 2m53s eta~10m20s best 62
  [599/2738  21.9%] exit 2 U1,U1,R3,R1,U1,U3: exhausted states 1,458 best 15 0.002s | cpu 2m42s wall 2m53s eta~10m19s best 62
  [600/2738  21.9%] exit 2 U1,U1,R3,R1,U2,U1: exhausted states 1,243 best 15 0.001s | cpu 2m42s wall 2m53s eta~10m18s best 62
  [601/2738  22.0%] exit 2 U1,U1,R3,R1,U2,U2: exhausted states 1,458 best 15 0.001s | cpu 2m42s wall 2m53s eta~10m16s best 62
  [602/2738  22.0%] exit 2 U1,U1,R3,R1,U3,U1: exhausted states 1,243 best 15 0.001s | cpu 2m42s wall 2m53s eta~10m15s best 62
  [603/2738  22.0%] exit 2 U1,U1,R3,R1,U3,U2: exhausted states 1,458 best 15 0.002s | cpu 2m42s wall 2m53s eta~10m14s best 62
  [604/2738  22.1%] exit 2 U1,U1,R3,R1,D1,D1: exhausted states 3 best 6 0.0s | cpu 2m42s wall 2m53s eta~10m13s best 62
  [605/2738  22.1%] exit 2 U1,U1,R3,R1,D1,D3: exhausted states 2 best 6 0.0s | cpu 2m42s wall 2m53s eta~10m11s best 62
  [606/2738  22.1%] exit 2 U1,U1,R3,R1,D2,D1: exhausted states 3 best 6 0.0s | cpu 2m42s wall 2m53s eta~10m10s best 62
  [607/2738  22.2%] exit 2 U1,U1,R3,R1,D2,D2: exhausted states 2 best 6 0.0s | cpu 2m42s wall 2m53s eta~10m09s best 62
  [608/2738  22.2%] exit 2 U1,U1,R3,R1,D3,D1: exhausted states 3 best 6 0.0s | cpu 2m42s wall 2m53s eta~10m08s best 62
  [609/2738  22.2%] exit 2 U1,U1,R3,R1,D3,D2: exhausted states 2 best 6 0.0s | cpu 2m42s wall 2m53s eta~10m06s best 62
  [610/2738  22.3%] exit 2 U1,U1,R3,R2,U1,U1: exhausted states 694 best 14 0.001s | cpu 2m42s wall 2m53s eta~10m05s best 62
  [611/2738  22.3%] exit 2 U1,U1,R3,R2,U1,U3: exhausted states 696 best 14 0.002s | cpu 2m42s wall 2m53s eta~10m04s best 62
  [612/2738  22.4%] exit 2 U1,U1,R3,R2,U1,L1: exhausted states 1,859 best 14 0.005s | cpu 2m42s wall 2m53s eta~10m03s best 62
  [613/2738  22.4%] exit 2 U1,U1,R3,R2,U2,U1: exhausted states 694 best 14 0.001s | cpu 2m42s wall 2m53s eta~10m02s best 62
  [614/2738  22.4%] exit 2 U1,U1,R3,R2,U2,U2: exhausted states 696 best 14 0.001s | cpu 2m42s wall 2m53s eta~10m00s best 62
  [615/2738  22.5%] exit 2 U1,U1,R3,R2,U2,L1: exhausted states 1,859 best 14 0.002s | cpu 2m42s wall 2m53s eta~9m59s best 62
  [616/2738  22.5%] exit 2 U1,U1,R3,R2,U3,U1: exhausted states 694 best 14 0.001s | cpu 2m42s wall 2m53s eta~9m58s best 62
  [617/2738  22.5%] exit 2 U1,U1,R3,R2,U3,U2: exhausted states 696 best 14 0.001s | cpu 2m42s wall 2m53s eta~9m57s best 62
  [618/2738  22.6%] exit 2 U1,U1,R3,R2,U3,L1: exhausted states 1,859 best 14 0.002s | cpu 2m42s wall 2m53s eta~9m56s best 62
  [619/2738  22.6%] exit 2 U1,U1,R3,R2,D1,D1: exhausted states 3 best 6 0.0s | cpu 2m42s wall 2m53s eta~9m54s best 62
  [620/2738  22.6%] exit 2 U1,U1,R3,R2,D1,D3: exhausted states 2 best 6 0.0s | cpu 2m42s wall 2m53s eta~9m53s best 62
  [621/2738  22.7%] exit 2 U1,U1,R3,R2,D2,D1: exhausted states 3 best 6 0.0s | cpu 2m42s wall 2m53s eta~9m52s best 62
  [622/2738  22.7%] exit 2 U1,U1,R3,R2,D2,D2: exhausted states 2 best 6 0.0s | cpu 2m42s wall 2m53s eta~9m51s best 62
  [623/2738  22.8%] exit 2 U1,U1,R3,R2,D3,D1: exhausted states 3 best 6 0.0s | cpu 2m42s wall 2m53s eta~9m50s best 62
  [624/2738  22.8%] exit 2 U1,U1,R3,R2,D3,D2: exhausted states 2 best 6 0.0s | cpu 2m42s wall 2m53s eta~9m49s best 62
  [625/2738  22.8%] exit 2 U1,R1,U1,U1,U1,R1: exhausted states 3 best 6 0.0s | cpu 2m42s wall 2m53s eta~9m47s best 62
  [626/2738  22.9%] exit 2 U1,R1,U1,U1,U1,R2: exhausted states 2 best 6 0.0s | cpu 2m42s wall 2m53s eta~9m46s best 62
  [627/2738  22.9%] exit 2 U1,R1,U1,U1,U1,R3: exhausted states 2 best 6 0.0s | cpu 2m42s wall 2m53s eta~9m45s best 62
  [628/2738  22.9%] exit 2 U1,R1,U1,U1,U1,L1: exhausted states 878 best 20 0.001s | cpu 2m42s wall 2m53s eta~9m44s best 62
  [629/2738  23.0%] exit 2 U1,R1,U1,U1,U1,L2: exhausted states 744 best 16 0.001s | cpu 2m42s wall 2m53s eta~9m43s best 62
  [630/2738  23.0%] exit 2 U1,R1,U1,U1,U1,L3: exhausted states 744 best 16 0.001s | cpu 2m42s wall 2m53s eta~9m42s best 62
  [631/2738  23.0%] exit 2 U1,R1,U1,U1,U3,R1: exhausted states 13 best 8 0.0s | cpu 2m42s wall 2m54s eta~9m41s best 62
  [632/2738  23.1%] exit 2 U1,R1,U1,U1,U3,R2: exhausted states 12 best 8 0.0s | cpu 2m42s wall 2m54s eta~9m39s best 62
  [633/2738  23.1%] exit 2 U1,R1,U1,U1,U3,R3: exhausted states 12 best 8 0.0s | cpu 2m42s wall 2m54s eta~9m38s best 62
  [634/2738  23.2%] exit 2 U1,R1,U1,U1,U3,L1: exhausted states 11,780 best 28 0.018s | cpu 2m42s wall 2m54s eta~9m37s best 62
  [635/2738  23.2%] exit 2 U1,R1,U1,U1,U3,L2: exhausted states 3,692 best 22 0.006s | cpu 2m42s wall 2m54s eta~9m36s best 62
  [636/2738  23.2%] exit 2 U1,R1,U1,U1,U3,L3: exhausted states 3,548 best 22 0.006s | cpu 2m42s wall 2m54s eta~9m35s best 62
  [637/2738  23.3%] exit 2 U1,R1,U1,U1,R1,U1: exhausted states 3 best 6 0.0s | cpu 2m42s wall 2m54s eta~9m34s best 62
  [638/2738  23.3%] exit 2 U1,R1,U1,U1,R1,U2: exhausted states 2 best 6 0.0s | cpu 2m42s wall 2m54s eta~9m33s best 62
  [639/2738  23.3%] exit 2 U1,R1,U1,U1,R1,U3: exhausted states 2 best 6 0.0s | cpu 2m42s wall 2m54s eta~9m32s best 62
  [640/2738  23.4%] exit 2 U1,R1,U1,U1,R2,U1: exhausted states 3,283 best 24 0.004s | cpu 2m42s wall 2m54s eta~9m31s best 62
  [641/2738  23.4%] exit 2 U1,R1,U1,U1,R2,U2: exhausted states 3,662 best 24 0.004s | cpu 2m42s wall 2m54s eta~9m29s best 62
  [642/2738  23.4%] exit 2 U1,R1,U1,U1,R2,U3: exhausted states 2,940 best 24 0.003s | cpu 2m42s wall 2m54s eta~9m28s best 62
  [643/2738  23.5%] exit 2 U1,R1,U1,U1,R3,U1: exhausted states 1,543 best 24 0.002s | cpu 2m42s wall 2m54s eta~9m27s best 62
  [644/2738  23.5%] exit 2 U1,R1,U1,U1,R3,U2: exhausted states 1,542 best 24 0.002s | cpu 2m42s wall 2m54s eta~9m26s best 62
  [645/2738  23.6%] exit 2 U1,R1,U1,U1,R3,U3: exhausted states 1,542 best 24 0.002s | cpu 2m42s wall 2m54s eta~9m25s best 62
  [646/2738  23.6%] exit 2 U1,R1,U1,U1,L1,U1: exhausted states 358 best 12 0.0s | cpu 2m42s wall 2m54s eta~9m24s best 62
  [647/2738  23.6%] exit 2 U1,R1,U1,U1,L1,U2: exhausted states 423 best 12 0.001s | cpu 2m42s wall 2m54s eta~9m23s best 62
  [648/2738  23.7%] exit 2 U1,R1,U1,U1,L1,L1: exhausted states 631 best 16 0.001s | cpu 2m42s wall 2m54s eta~9m22s best 62
  [649/2738  23.7%] exit 2 U1,R1,U1,U1,L1,L3: exhausted states 1,892 best 18 0.002s | cpu 2m42s wall 2m54s eta~9m21s best 62
  [650/2738  23.7%] exit 2 U1,R1,U1,U1,L2,U1: exhausted states 3,570 best 28 0.004s | cpu 2m42s wall 2m54s eta~9m20s best 62
  [651/2738  23.8%] exit 2 U1,R1,U1,U1,L2,U2: exhausted states 1,297 best 18 0.002s | cpu 2m42s wall 2m54s eta~9m19s best 62
  [652/2738  23.8%] exit 2 U1,R1,U1,U1,L2,L1: exhausted states 875 best 18 0.001s | cpu 2m42s wall 2m54s eta~9m18s best 62
  [653/2738  23.8%] exit 2 U1,R1,U1,U1,L2,L2: exhausted states 722 best 16 0.001s | cpu 2m42s wall 2m54s eta~9m17s best 62
  [654/2738  23.9%] exit 2 U1,R1,U1,U1,L3,U1: exhausted states 366 best 12 0.0s | cpu 2m42s wall 2m54s eta~9m15s best 62
  [655/2738  23.9%] exit 2 U1,R1,U1,U1,L3,U2: exhausted states 545 best 12 0.001s | cpu 2m42s wall 2m54s eta~9m14s best 62
  [656/2738  24.0%] exit 2 U1,R1,U1,U1,L3,L1: exhausted states 667 best 16 0.001s | cpu 2m42s wall 2m54s eta~9m13s best 62
  [657/2738  24.0%] exit 2 U1,R1,U1,U1,L3,L2: exhausted states 722 best 16 0.001s | cpu 2m42s wall 2m54s eta~9m12s best 62
  [658/2738  24.0%] exit 2 U1,R1,U1,U3,U1,R1: exhausted states 3 best 6 0.0s | cpu 2m42s wall 2m54s eta~9m11s best 62
  [659/2738  24.1%] exit 2 U1,R1,U1,U3,U1,R2: exhausted states 2 best 6 0.0s | cpu 2m42s wall 2m54s eta~9m10s best 62
  [660/2738  24.1%] exit 2 U1,R1,U1,U3,U1,R3: exhausted states 2 best 6 0.0s | cpu 2m42s wall 2m54s eta~9m09s best 62
  [661/2738  24.1%] exit 2 U1,R1,U1,U3,U1,L1: exhausted states 1,142 best 20 0.001s | cpu 2m42s wall 2m54s eta~9m08s best 62
  [662/2738  24.2%] exit 2 U1,R1,U1,U3,U1,L2: exhausted states 896 best 16 0.001s | cpu 2m42s wall 2m54s eta~9m07s best 62
  [663/2738  24.2%] exit 2 U1,R1,U1,U3,U1,L3: exhausted states 896 best 16 0.001s | cpu 2m42s wall 2m54s eta~9m06s best 62
  [664/2738  24.3%] exit 2 U1,R1,U1,U3,U2,R1: exhausted states 4,559 best 20 0.005s | cpu 2m42s wall 2m54s eta~9m05s best 62
  [665/2738  24.3%] exit 2 U1,R1,U1,U3,U2,R2: exhausted states 76 best 12 0.0s | cpu 2m42s wall 2m54s eta~9m04s best 62
  [666/2738  24.3%] exit 2 U1,R1,U1,U3,U2,R3: exhausted states 76 best 12 0.0s | cpu 2m42s wall 2m54s eta~9m03s best 62
  [667/2738  24.4%] exit 2 U1,R1,U1,U3,U2,L1: exhausted states 59,852 best 36 0.103s | cpu 2m42s wall 2m54s eta~9m02s best 62
  [668/2738  24.4%] exit 2 U1,R1,U1,U3,U2,L2: exhausted states 29,649 best 36 0.065s | cpu 2m42s wall 2m54s eta~9m01s best 62
  [669/2738  24.4%] exit 2 U1,R1,U1,U3,U2,L3: exhausted states 4,621 best 22 0.007s | cpu 2m42s wall 2m54s eta~9m00s best 62
  [670/2738  24.5%] exit 2 U1,R1,U1,U3,R1,U1: exhausted states 3 best 6 0.0s | cpu 2m42s wall 2m54s eta~8m59s best 62
  [671/2738  24.5%] exit 2 U1,R1,U1,U3,R1,U2: exhausted states 2 best 6 0.0s | cpu 2m42s wall 2m54s eta~8m58s best 62
  [672/2738  24.5%] exit 2 U1,R1,U1,U3,R1,U3: exhausted states 2 best 6 0.0s | cpu 2m42s wall 2m54s eta~8m57s best 62
  [673/2738  24.6%] exit 2 U1,R1,U1,U3,R1,D1: exhausted states 16 best 8 0.0s | cpu 2m42s wall 2m54s eta~8m56s best 62
  [674/2738  24.6%] exit 2 U1,R1,U1,U3,R1,D2: exhausted states 13 best 8 0.0s | cpu 2m42s wall 2m55s eta~8m55s best 62
  [675/2738  24.7%] exit 2 U1,R1,U1,U3,R1,D3: exhausted states 13 best 8 0.0s | cpu 2m42s wall 2m55s eta~8m54s best 62
  [676/2738  24.7%] exit 2 U1,R1,U1,U3,R2,U1: exhausted states 3,821 best 24 0.007s | cpu 2m42s wall 2m55s eta~8m53s best 62
  [677/2738  24.7%] exit 2 U1,R1,U1,U3,R2,U2: exhausted states 4,142 best 24 0.005s | cpu 2m42s wall 2m55s eta~8m52s best 62
  [678/2738  24.8%] exit 2 U1,R1,U1,U3,R2,U3: exhausted states 4,142 best 24 0.007s | cpu 2m42s wall 2m55s eta~8m52s best 62
  [679/2738  24.8%] exit 2 U1,R1,U1,U3,R2,D1: exhausted states 16 best 8 0.0s | cpu 2m42s wall 2m55s eta~8m51s best 62
  [680/2738  24.8%] exit 2 U1,R1,U1,U3,R2,D2: exhausted states 13 best 8 0.0s | cpu 2m42s wall 2m55s eta~8m50s best 62
  [681/2738  24.9%] exit 2 U1,R1,U1,U3,R2,D3: exhausted states 13 best 8 0.0s | cpu 2m42s wall 2m55s eta~8m49s best 62
  [682/2738  24.9%] exit 2 U1,R1,U1,U3,R3,U1: exhausted states 1,759 best 24 0.003s | cpu 2m42s wall 2m55s eta~8m48s best 62
  [683/2738  24.9%] exit 2 U1,R1,U1,U3,R3,U2: exhausted states 1,758 best 24 0.002s | cpu 2m42s wall 2m55s eta~8m47s best 62
  [684/2738  25.0%] exit 2 U1,R1,U1,U3,R3,U3: exhausted states 1,758 best 24 0.002s | cpu 2m42s wall 2m55s eta~8m46s best 62
  [685/2738  25.0%] exit 2 U1,R1,U1,U3,R3,D1: exhausted states 16 best 8 0.0s | cpu 2m42s wall 2m55s eta~8m45s best 62
  [686/2738  25.1%] exit 2 U1,R1,U1,U3,R3,D2: exhausted states 13 best 8 0.0s | cpu 2m42s wall 2m55s eta~8m44s best 62
  [687/2738  25.1%] exit 2 U1,R1,U1,U3,R3,D3: exhausted states 13 best 8 0.0s | cpu 2m42s wall 2m55s eta~8m43s best 62
  [688/2738  25.1%] exit 2 U1,R1,U1,U3,L1,U1: exhausted states 358 best 12 0.0s | cpu 2m42s wall 2m55s eta~8m42s best 62
  [689/2738  25.2%] exit 2 U1,R1,U1,U3,L1,U2: exhausted states 423 best 12 0.001s | cpu 2m42s wall 2m55s eta~8m41s best 62
  [690/2738  25.2%] exit 2 U1,R1,U1,U3,L1,L1: exhausted states 885 best 16 0.001s | cpu 2m42s wall 2m55s eta~8m40s best 62
  [691/2738  25.2%] exit 2 U1,R1,U1,U3,L1,L3: exhausted states 8,846 best 22 0.014s | cpu 2m42s wall 2m55s eta~8m39s best 62
  [692/2738  25.3%] exit 2 U1,R1,U1,U3,L2,U1: exhausted states 7,860 best 28 0.009s | cpu 2m42s wall 2m55s eta~8m38s best 62
  [693/2738  25.3%] exit 2 U1,R1,U1,U3,L2,U2: exhausted states 2,175 best 18 0.004s | cpu 2m42s wall 2m55s eta~8m37s best 62
  [694/2738  25.3%] exit 2 U1,R1,U1,U3,L2,L1: exhausted states 1,841 best 18 0.002s | cpu 2m42s wall 2m55s eta~8m36s best 62
  [695/2738  25.4%] exit 2 U1,R1,U1,U3,L2,L2: exhausted states 1,124 best 16 0.001s | cpu 2m42s wall 2m55s eta~8m35s best 62
  [696/2738  25.4%] exit 2 U1,R1,U1,U3,L3,U1: exhausted states 366 best 12 0.0s | cpu 2m42s wall 2m55s eta~8m34s best 62
  [697/2738  25.5%] exit 2 U1,R1,U1,U3,L3,U2: exhausted states 545 best 12 0.001s | cpu 2m42s wall 2m55s eta~8m33s best 62
  [698/2738  25.5%] exit 2 U1,R1,U1,U3,L3,L1: exhausted states 921 best 16 0.001s | cpu 2m42s wall 2m55s eta~8m32s best 62
  [699/2738  25.5%] exit 2 U1,R1,U1,U3,L3,L2: exhausted states 1,124 best 16 0.001s | cpu 2m42s wall 2m55s eta~8m31s best 62
  [700/2738  25.6%] exit 2 U1,R1,U1,R1,U1,U1: exhausted states 3,068 best 24 0.003s | cpu 2m42s wall 2m55s eta~8m31s best 62
  [701/2738  25.6%] exit 2 U1,R1,U1,R1,U1,U3: exhausted states 3,477 best 24 0.003s | cpu 2m42s wall 2m55s eta~8m30s best 62
  [702/2738  25.6%] exit 2 U1,R1,U1,R1,U2,U1: exhausted states 3,068 best 24 0.003s | cpu 2m42s wall 2m55s eta~8m29s best 62
  [703/2738  25.7%] exit 2 U1,R1,U1,R1,U2,U2: exhausted states 3,477 best 24 0.003s | cpu 2m42s wall 2m55s eta~8m28s best 62
  [704/2738  25.7%] exit 2 U1,R1,U1,R1,U3,U1: exhausted states 3,068 best 24 0.003s | cpu 2m43s wall 2m55s eta~8m27s best 62
  [705/2738  25.7%] exit 2 U1,R1,U1,R1,U3,U2: exhausted states 3,477 best 24 0.003s | cpu 2m43s wall 2m55s eta~8m26s best 62
  [706/2738  25.8%] exit 2 U1,R1,U1,R2,U1,U1: exhausted states 750 best 14 0.001s | cpu 2m43s wall 2m55s eta~8m25s best 62
  [707/2738  25.8%] exit 2 U1,R1,U1,R2,U1,U3: exhausted states 752 best 14 0.001s | cpu 2m43s wall 2m55s eta~8m24s best 62
  [708/2738  25.9%] exit 2 U1,R1,U1,R2,U1,L1: exhausted states 897 best 14 0.001s | cpu 2m43s wall 2m55s eta~8m23s best 62
  [709/2738  25.9%] exit 2 U1,R1,U1,R2,U2,U1: exhausted states 750 best 14 0.001s | cpu 2m43s wall 2m55s eta~8m22s best 62
  [710/2738  25.9%] exit 2 U1,R1,U1,R2,U2,U2: exhausted states 752 best 14 0.001s | cpu 2m43s wall 2m55s eta~8m21s best 62
  [711/2738  26.0%] exit 2 U1,R1,U1,R2,U2,L1: exhausted states 897 best 14 0.001s | cpu 2m43s wall 2m55s eta~8m20s best 62
  [712/2738  26.0%] exit 2 U1,R1,U1,R2,U3,U1: exhausted states 750 best 14 0.001s | cpu 2m43s wall 2m55s eta~8m20s best 62
  [713/2738  26.0%] exit 2 U1,R1,U1,R2,U3,U2: exhausted states 752 best 14 0.001s | cpu 2m43s wall 2m55s eta~8m19s best 62
  [714/2738  26.1%] exit 2 U1,R1,U1,R2,U3,L1: exhausted states 897 best 14 0.001s | cpu 2m43s wall 2m55s eta~8m18s best 62
  [715/2738  26.1%] exit 2 U1,R1,U1,R3,U1,U1: exhausted states 2,967 best 24 0.003s | cpu 2m43s wall 2m55s eta~8m17s best 62
  [716/2738  26.2%] exit 2 U1,R1,U1,R3,U1,U3: exhausted states 10,714 best 38 0.021s | cpu 2m43s wall 2m55s eta~8m16s best 62
  [717/2738  26.2%] exit 2 U1,R1,U1,R3,U1,L1: exhausted states 12,827 best 28 0.015s | cpu 2m43s wall 2m55s eta~8m15s best 62
  [718/2738  26.2%] exit 2 U1,R1,U1,R3,U2,U1: exhausted states 2,967 best 24 0.003s | cpu 2m43s wall 2m55s eta~8m14s best 62
  [719/2738  26.3%] exit 2 U1,R1,U1,R3,U2,U2: exhausted states 8,194 best 38 0.017s | cpu 2m43s wall 2m55s eta~8m14s best 62
  [720/2738  26.3%] exit 2 U1,R1,U1,R3,U2,L1: exhausted states 12,827 best 28 0.016s | cpu 2m43s wall 2m55s eta~8m13s best 62
  [721/2738  26.3%] exit 2 U1,R1,U1,R3,U3,U1: exhausted states 2,967 best 24 0.003s | cpu 2m43s wall 2m55s eta~8m12s best 62
  [722/2738  26.4%] exit 2 U1,R1,U1,R3,U3,U2: exhausted states 8,492 best 38 0.017s | cpu 2m43s wall 2m56s eta~8m11s best 62
  [723/2738  26.4%] exit 2 U1,R1,U1,R3,U3,L1: exhausted states 12,827 best 28 0.017s | cpu 2m43s wall 2m56s eta~8m10s best 62
  [724/2738  26.4%] exit 2 U1,R1,U2,U1,U1,R1: exhausted states 3 best 6 0.0s | cpu 2m43s wall 2m56s eta~8m09s best 62
  [725/2738  26.5%] exit 2 U1,R1,U2,U1,U1,R2: exhausted states 2 best 6 0.0s | cpu 2m43s wall 2m56s eta~8m08s best 62
  [726/2738  26.5%] exit 2 U1,R1,U2,U1,U1,R3: exhausted states 2 best 6 0.0s | cpu 2m43s wall 2m56s eta~8m08s best 62
  [727/2738  26.6%] exit 2 U1,R1,U2,U1,U1,L1: exhausted states 878 best 20 0.001s | cpu 2m43s wall 2m56s eta~8m07s best 62
  [728/2738  26.6%] exit 2 U1,R1,U2,U1,U1,L2: exhausted states 744 best 16 0.001s | cpu 2m43s wall 2m56s eta~8m06s best 62
  [729/2738  26.6%] exit 2 U1,R1,U2,U1,U1,L3: exhausted states 744 best 16 0.001s | cpu 2m43s wall 2m56s eta~8m05s best 62
  [730/2738  26.7%] exit 2 U1,R1,U2,U1,U3,R1: exhausted states 25 best 9 0.0s | cpu 2m43s wall 2m56s eta~8m04s best 62
  [731/2738  26.7%] exit 2 U1,R1,U2,U1,U3,R2: exhausted states 24 best 9 0.0s | cpu 2m43s wall 2m56s eta~8m03s best 62
  [732/2738  26.7%] exit 2 U1,R1,U2,U1,U3,R3: exhausted states 24 best 9 0.0s | cpu 2m43s wall 2m56s eta~8m02s best 62
  [733/2738  26.8%] exit 2 U1,R1,U2,U1,U3,L1: exhausted states 15,740 best 28 0.025s | cpu 2m43s wall 2m56s eta~8m02s best 62
  [734/2738  26.8%] exit 2 U1,R1,U2,U1,U3,L2: exhausted states 3,980 best 22 0.007s | cpu 2m43s wall 2m56s eta~8m01s best 62
  [735/2738  26.8%] exit 2 U1,R1,U2,U1,U3,L3: exhausted states 3,692 best 22 0.006s | cpu 2m43s wall 2m56s eta~8m00s best 62
  [736/2738  26.9%] exit 2 U1,R1,U2,U1,R1,U1: exhausted states 3 best 6 0.0s | cpu 2m43s wall 2m56s eta~7m59s best 62
  [737/2738  26.9%] exit 2 U1,R1,U2,U1,R1,U2: exhausted states 2 best 6 0.0s | cpu 2m43s wall 2m56s eta~7m58s best 62
  [738/2738  27.0%] exit 2 U1,R1,U2,U1,R1,U3: exhausted states 2 best 6 0.0s | cpu 2m43s wall 2m56s eta~7m57s best 62
  [739/2738  27.0%] exit 2 U1,R1,U2,U1,R2,U1: exhausted states 3,283 best 24 0.004s | cpu 2m43s wall 2m56s eta~7m57s best 62
  [740/2738  27.0%] exit 2 U1,R1,U2,U1,R2,U2: exhausted states 3,662 best 24 0.005s | cpu 2m43s wall 2m56s eta~7m56s best 62
  [741/2738  27.1%] exit 2 U1,R1,U2,U1,R2,U3: exhausted states 2,940 best 24 0.003s | cpu 2m43s wall 2m56s eta~7m55s best 62
  [742/2738  27.1%] exit 2 U1,R1,U2,U1,R3,U1: exhausted states 1,543 best 24 0.002s | cpu 2m43s wall 2m56s eta~7m54s best 62
  [743/2738  27.1%] exit 2 U1,R1,U2,U1,R3,U2: exhausted states 1,542 best 24 0.002s | cpu 2m43s wall 2m56s eta~7m53s best 62
  [744/2738  27.2%] exit 2 U1,R1,U2,U1,R3,U3: exhausted states 1,542 best 24 0.002s | cpu 2m43s wall 2m56s eta~7m52s best 62
  [745/2738  27.2%] exit 2 U1,R1,U2,U1,L1,U1: exhausted states 358 best 12 0.001s | cpu 2m43s wall 2m56s eta~7m52s best 62
  [746/2738  27.2%] exit 2 U1,R1,U2,U1,L1,U2: exhausted states 423 best 12 0.001s | cpu 2m43s wall 2m56s eta~7m51s best 62
  [747/2738  27.3%] exit 2 U1,R1,U2,U1,L1,L1: exhausted states 631 best 16 0.001s | cpu 2m43s wall 2m56s eta~7m50s best 62
  [748/2738  27.3%] exit 2 U1,R1,U2,U1,L1,L3: exhausted states 1,892 best 18 0.003s | cpu 2m43s wall 2m56s eta~7m49s best 62
  [749/2738  27.4%] exit 2 U1,R1,U2,U1,L2,U1: exhausted states 3,570 best 28 0.004s | cpu 2m43s wall 2m56s eta~7m48s best 62
  [750/2738  27.4%] exit 2 U1,R1,U2,U1,L2,U2: exhausted states 1,297 best 18 0.002s | cpu 2m43s wall 2m56s eta~7m48s best 62
  [751/2738  27.4%] exit 2 U1,R1,U2,U1,L2,L1: exhausted states 875 best 18 0.001s | cpu 2m43s wall 2m56s eta~7m47s best 62
  [752/2738  27.5%] exit 2 U1,R1,U2,U1,L2,L2: exhausted states 722 best 16 0.001s | cpu 2m43s wall 2m56s eta~7m46s best 62
  [753/2738  27.5%] exit 2 U1,R1,U2,U1,L3,U1: exhausted states 366 best 12 0.001s | cpu 2m43s wall 2m56s eta~7m45s best 62
  [754/2738  27.5%] exit 2 U1,R1,U2,U1,L3,U2: exhausted states 545 best 12 0.001s | cpu 2m43s wall 2m56s eta~7m44s best 62
  [755/2738  27.6%] exit 2 U1,R1,U2,U1,L3,L1: exhausted states 667 best 16 0.001s | cpu 2m43s wall 2m56s eta~7m44s best 62
  [756/2738  27.6%] exit 2 U1,R1,U2,U1,L3,L2: exhausted states 722 best 16 0.003s | cpu 2m43s wall 2m56s eta~7m43s best 62
  [757/2738  27.6%] exit 2 U1,R1,U2,U2,U1,R1: exhausted states 3 best 6 0.0s | cpu 2m43s wall 2m56s eta~7m42s best 62
  [758/2738  27.7%] exit 2 U1,R1,U2,U2,U1,R2: exhausted states 2 best 6 0.0s | cpu 2m43s wall 2m56s eta~7m41s best 62
  [759/2738  27.7%] exit 2 U1,R1,U2,U2,U1,R3: exhausted states 2 best 6 0.0s | cpu 2m43s wall 2m56s eta~7m40s best 62
  [760/2738  27.8%] exit 2 U1,R1,U2,U2,U1,L1: exhausted states 1,142 best 20 0.001s | cpu 2m43s wall 2m56s eta~7m40s best 62
  [761/2738  27.8%] exit 2 U1,R1,U2,U2,U1,L2: exhausted states 896 best 16 0.001s | cpu 2m43s wall 2m56s eta~7m39s best 62
  [762/2738  27.8%] exit 2 U1,R1,U2,U2,U1,L3: exhausted states 896 best 16 0.001s | cpu 2m43s wall 2m56s eta~7m38s best 62
  [763/2738  27.9%] exit 2 U1,R1,U2,U2,U2,R1: exhausted states 7 best 7 0.0s | cpu 2m43s wall 2m56s eta~7m37s best 62
  [764/2738  27.9%] exit 2 U1,R1,U2,U2,U2,R2: exhausted states 6 best 7 0.0s | cpu 2m43s wall 2m56s eta~7m36s best 62
  [765/2738  27.9%] exit 2 U1,R1,U2,U2,U2,R3: exhausted states 6 best 7 0.0s | cpu 2m43s wall 2m56s eta~7m36s best 62
  [766/2738  28.0%] exit 2 U1,R1,U2,U2,U2,L1: exhausted states 1,607 best 20 0.001s | cpu 2m43s wall 2m56s eta~7m35s best 62
  [767/2738  28.0%] exit 2 U1,R1,U2,U2,U2,L2: exhausted states 1,393 best 16 0.001s | cpu 2m43s wall 2m56s eta~7m34s best 62
  [768/2738  28.0%] exit 2 U1,R1,U2,U2,U2,L3: exhausted states 1,393 best 16 0.002s | cpu 2m43s wall 2m56s eta~7m33s best 62
  [769/2738  28.1%] exit 2 U1,R1,U2,U2,R1,U1: exhausted states 3 best 6 0.0s | cpu 2m43s wall 2m56s eta~7m33s best 62
  [770/2738  28.1%] exit 2 U1,R1,U2,U2,R1,U2: exhausted states 2 best 6 0.0s | cpu 2m43s wall 2m56s eta~7m32s best 62
  [771/2738  28.2%] exit 2 U1,R1,U2,U2,R1,U3: exhausted states 2 best 6 0.0s | cpu 2m43s wall 2m56s eta~7m31s best 62
  [772/2738  28.2%] exit 2 U1,R1,U2,U2,R1,D1: exhausted states 6 best 6 0.0s | cpu 2m43s wall 2m56s eta~7m30s best 62
  [773/2738  28.2%] exit 2 U1,R1,U2,U2,R1,D2: exhausted states 3 best 6 0.0s | cpu 2m43s wall 2m57s eta~7m29s best 62
  [774/2738  28.3%] exit 2 U1,R1,U2,U2,R1,D3: exhausted states 3 best 6 0.0s | cpu 2m43s wall 2m57s eta~7m29s best 62
  [775/2738  28.3%] exit 2 U1,R1,U2,U2,R2,U1: exhausted states 3,701 best 24 0.004s | cpu 2m43s wall 2m57s eta~7m28s best 62
  [776/2738  28.3%] exit 2 U1,R1,U2,U2,R2,U2: exhausted states 4,142 best 24 0.005s | cpu 2m43s wall 2m57s eta~7m27s best 62
  [777/2738  28.4%] exit 2 U1,R1,U2,U2,R2,U3: exhausted states 4,142 best 24 0.006s | cpu 2m43s wall 2m57s eta~7m26s best 62
  [778/2738  28.4%] exit 2 U1,R1,U2,U2,R2,D1: exhausted states 6 best 6 0.0s | cpu 2m43s wall 2m57s eta~7m26s best 62
  [779/2738  28.5%] exit 2 U1,R1,U2,U2,R2,D2: exhausted states 3 best 6 0.0s | cpu 2m43s wall 2m57s eta~7m25s best 62
  [780/2738  28.5%] exit 2 U1,R1,U2,U2,R2,D3: exhausted states 3 best 6 0.0s | cpu 2m43s wall 2m57s eta~7m24s best 62
  [781/2738  28.5%] exit 2 U1,R1,U2,U2,R3,U1: exhausted states 1,759 best 24 0.002s | cpu 2m43s wall 2m57s eta~7m23s best 62
  [782/2738  28.6%] exit 2 U1,R1,U2,U2,R3,U2: exhausted states 1,758 best 24 0.002s | cpu 2m43s wall 2m57s eta~7m23s best 62
  [783/2738  28.6%] exit 2 U1,R1,U2,U2,R3,U3: exhausted states 1,758 best 24 0.002s | cpu 2m43s wall 2m57s eta~7m22s best 62
  [784/2738  28.6%] exit 2 U1,R1,U2,U2,R3,D1: exhausted states 6 best 6 0.0s | cpu 2m43s wall 2m57s eta~7m21s best 62
  [785/2738  28.7%] exit 2 U1,R1,U2,U2,R3,D2: exhausted states 3 best 6 0.0s | cpu 2m43s wall 2m57s eta~7m20s best 62
  [786/2738  28.7%] exit 2 U1,R1,U2,U2,R3,D3: exhausted states 3 best 6 0.0s | cpu 2m43s wall 2m57s eta~7m20s best 62
  [787/2738  28.7%] exit 2 U1,R1,U2,U2,L1,U1: exhausted states 358 best 12 0.0s | cpu 2m43s wall 2m57s eta~7m19s best 62
  [788/2738  28.8%] exit 2 U1,R1,U2,U2,L1,U2: exhausted states 423 best 12 0.001s | cpu 2m43s wall 2m57s eta~7m18s best 62
  [789/2738  28.8%] exit 2 U1,R1,U2,U2,L1,L1: exhausted states 885 best 16 0.002s | cpu 2m43s wall 2m57s eta~7m17s best 62
  [790/2738  28.9%] exit 2 U1,R1,U2,U2,L1,L3: exhausted states 4,286 best 20 0.011s | cpu 2m43s wall 2m57s eta~7m17s best 62
  [791/2738  28.9%] exit 2 U1,R1,U2,U2,L2,U1: exhausted states 7,740 best 28 0.014s | cpu 2m43s wall 2m57s eta~7m16s best 62
  [792/2738  28.9%] exit 2 U1,R1,U2,U2,L2,U2: exhausted states 2,055 best 18 0.004s | cpu 2m43s wall 2m57s eta~7m15s best 62
  [793/2738  29.0%] exit 2 U1,R1,U2,U2,L2,L1: exhausted states 1,361 best 18 0.001s | cpu 2m43s wall 2m57s eta~7m15s best 62
  [794/2738  29.0%] exit 2 U1,R1,U2,U2,L2,L2: exhausted states 1,124 best 16 0.001s | cpu 2m43s wall 2m57s eta~7m14s best 62
  [795/2738  29.0%] exit 2 U1,R1,U2,U2,L3,U1: exhausted states 366 best 12 0.0s | cpu 2m43s wall 2m57s eta~7m13s best 62
  [796/2738  29.1%] exit 2 U1,R1,U2,U2,L3,U2: exhausted states 545 best 12 0.001s | cpu 2m43s wall 2m57s eta~7m12s best 62
  [797/2738  29.1%] exit 2 U1,R1,U2,U2,L3,L1: exhausted states 921 best 16 0.001s | cpu 2m43s wall 2m57s eta~7m12s best 62
  [798/2738  29.1%] exit 2 U1,R1,U2,U2,L3,L2: exhausted states 1,124 best 16 0.001s | cpu 2m43s wall 2m57s eta~7m11s best 62
  [799/2738  29.2%] exit 2 U1,R1,U2,R1,U1,U1: exhausted states 3,068 best 24 0.005s | cpu 2m43s wall 2m57s eta~7m10s best 62
  [800/2738  29.2%] exit 2 U1,R1,U2,R1,U1,U3: exhausted states 3,477 best 24 0.004s | cpu 2m43s wall 2m57s eta~7m10s best 62
  [801/2738  29.3%] exit 2 U1,R1,U2,R1,U2,U1: exhausted states 3,068 best 24 0.003s | cpu 2m43s wall 2m57s eta~7m09s best 62
  [802/2738  29.3%] exit 2 U1,R1,U2,R1,U2,U2: exhausted states 3,477 best 24 0.003s | cpu 2m43s wall 2m57s eta~7m08s best 62
  [803/2738  29.3%] exit 2 U1,R1,U2,R1,U3,U1: exhausted states 3,068 best 24 0.003s | cpu 2m43s wall 2m57s eta~7m07s best 62
  [804/2738  29.4%] exit 2 U1,R1,U2,R1,U3,U2: exhausted states 3,477 best 24 0.004s | cpu 2m43s wall 2m57s eta~7m07s best 62
  [805/2738  29.4%] exit 2 U1,R1,U2,R2,U1,U1: exhausted states 750 best 14 0.001s | cpu 2m43s wall 2m57s eta~7m06s best 62
  [806/2738  29.4%] exit 2 U1,R1,U2,R2,U1,U3: exhausted states 752 best 14 0.001s | cpu 2m43s wall 2m57s eta~7m05s best 62
  [807/2738  29.5%] exit 2 U1,R1,U2,R2,U1,L1: exhausted states 2,015 best 14 0.002s | cpu 2m43s wall 2m57s eta~7m05s best 62
  [808/2738  29.5%] exit 2 U1,R1,U2,R2,U2,U1: exhausted states 750 best 14 0.001s | cpu 2m43s wall 2m57s eta~7m04s best 62
  [809/2738  29.5%] exit 2 U1,R1,U2,R2,U2,U2: exhausted states 752 best 14 0.001s | cpu 2m43s wall 2m57s eta~7m03s best 62
  [810/2738  29.6%] exit 2 U1,R1,U2,R2,U2,L1: exhausted states 2,015 best 14 0.002s | cpu 2m43s wall 2m57s eta~7m03s best 62
  [811/2738  29.6%] exit 2 U1,R1,U2,R2,U3,U1: exhausted states 750 best 14 0.001s | cpu 2m43s wall 2m57s eta~7m02s best 62
  [812/2738  29.7%] exit 2 U1,R1,U2,R2,U3,U2: exhausted states 752 best 14 0.001s | cpu 2m43s wall 2m57s eta~7m01s best 62
  [813/2738  29.7%] exit 2 U1,R1,U2,R2,U3,L1: exhausted states 2,015 best 14 0.002s | cpu 2m43s wall 2m57s eta~7m00s best 62
  [814/2738  29.7%] exit 2 U1,R1,U2,R3,U1,U1: exhausted states 2,967 best 24 0.003s | cpu 2m43s wall 2m57s eta~7m00s best 62
  [815/2738  29.8%] exit 2 U1,R1,U2,R3,U1,U3: exhausted states 10,714 best 38 0.019s | cpu 2m43s wall 2m57s eta~6m59s best 62
  [816/2738  29.8%] exit 2 U1,R1,U2,R3,U1,L1: exhausted states 12,827 best 28 0.014s | cpu 2m43s wall 2m57s eta~6m58s best 62
  [817/2738  29.8%] exit 2 U1,R1,U2,R3,U2,U1: exhausted states 2,967 best 24 0.003s | cpu 2m43s wall 2m57s eta~6m58s best 62
  [818/2738  29.9%] exit 2 U1,R1,U2,R3,U2,U2: exhausted states 8,492 best 38 0.018s | cpu 2m43s wall 2m57s eta~6m57s best 62
  [819/2738  29.9%] exit 2 U1,R1,U2,R3,U2,L1: exhausted states 12,827 best 28 0.016s | cpu 2m43s wall 2m57s eta~6m57s best 62
  [820/2738  29.9%] exit 2 U1,R1,U2,R3,U3,U1: exhausted states 2,967 best 24 0.004s | cpu 2m43s wall 2m57s eta~6m56s best 62
  [821/2738  30.0%] exit 2 U1,R1,U2,R3,U3,U2: exhausted states 8,492 best 38 0.017s | cpu 2m43s wall 2m58s eta~6m55s best 62
  [822/2738  30.0%] exit 2 U1,R1,U2,R3,U3,L1: exhausted states 12,827 best 28 0.018s | cpu 2m43s wall 2m58s eta~6m55s best 62
  [823/2738  30.1%] exit 2 U1,R1,U3,U1,U1,R1: exhausted states 3 best 6 0.0s | cpu 2m43s wall 2m58s eta~6m54s best 62
  [824/2738  30.1%] exit 2 U1,R1,U3,U1,U1,R2: exhausted states 2 best 6 0.0s | cpu 2m43s wall 2m58s eta~6m53s best 62
  [825/2738  30.1%] exit 2 U1,R1,U3,U1,U1,R3: exhausted states 2 best 6 0.0s | cpu 2m43s wall 2m58s eta~6m53s best 62
  [826/2738  30.2%] exit 2 U1,R1,U3,U1,U1,L1: exhausted states 878 best 20 0.001s | cpu 2m43s wall 2m58s eta~6m52s best 62
  [827/2738  30.2%] exit 2 U1,R1,U3,U1,U1,L2: exhausted states 744 best 16 0.001s | cpu 2m43s wall 2m58s eta~6m51s best 62
  [828/2738  30.2%] exit 2 U1,R1,U3,U1,U1,L3: exhausted states 744 best 16 0.001s | cpu 2m43s wall 2m58s eta~6m51s best 62
  [829/2738  30.3%] exit 2 U1,R1,U3,U1,U3,R1: exhausted states 25 best 10 0.0s | cpu 2m43s wall 2m58s eta~6m50s best 62
  [830/2738  30.3%] exit 2 U1,R1,U3,U1,U3,R2: exhausted states 24 best 10 0.0s | cpu 2m43s wall 2m58s eta~6m49s best 62
  [831/2738  30.4%] exit 2 U1,R1,U3,U1,U3,R3: exhausted states 24 best 10 0.0s | cpu 2m43s wall 2m58s eta~6m49s best 62
  [832/2738  30.4%] exit 2 U1,R1,U3,U1,U3,L1: exhausted states 15,740 best 28 0.035s | cpu 2m43s wall 2m58s eta~6m48s best 62
  [833/2738  30.4%] exit 2 U1,R1,U3,U1,U3,L2: exhausted states 3,980 best 22 0.007s | cpu 2m43s wall 2m58s eta~6m47s best 62
  [834/2738  30.5%] exit 2 U1,R1,U3,U1,U3,L3: exhausted states 3,692 best 22 0.008s | cpu 2m43s wall 2m58s eta~6m47s best 62
  [835/2738  30.5%] exit 2 U1,R1,U3,U1,R1,U1: exhausted states 3 best 6 0.0s | cpu 2m43s wall 2m58s eta~6m46s best 62
  [836/2738  30.5%] exit 2 U1,R1,U3,U1,R1,U2: exhausted states 2 best 6 0.0s | cpu 2m43s wall 2m58s eta~6m45s best 62
  [837/2738  30.6%] exit 2 U1,R1,U3,U1,R1,U3: exhausted states 2 best 6 0.0s | cpu 2m43s wall 2m58s eta~6m45s best 62
  [838/2738  30.6%] exit 2 U1,R1,U3,U1,R2,U1: exhausted states 2,519 best 24 0.003s | cpu 2m43s wall 2m58s eta~6m44s best 62
  [839/2738  30.6%] exit 2 U1,R1,U3,U1,R2,U2: exhausted states 2,928 best 24 0.003s | cpu 2m43s wall 2m58s eta~6m43s best 62
  [840/2738  30.7%] exit 2 U1,R1,U3,U1,R2,U3: exhausted states 2,928 best 24 0.004s | cpu 2m43s wall 2m58s eta~6m43s best 62
  [841/2738  30.7%] exit 2 U1,R1,U3,U1,R3,U1: exhausted states 1,543 best 24 0.002s | cpu 2m43s wall 2m58s eta~6m42s best 62
  [842/2738  30.8%] exit 2 U1,R1,U3,U1,R3,U2: exhausted states 1,542 best 24 0.002s | cpu 2m43s wall 2m58s eta~6m41s best 62
  [843/2738  30.8%] exit 2 U1,R1,U3,U1,R3,U3: exhausted states 1,542 best 24 0.003s | cpu 2m43s wall 2m58s eta~6m41s best 62
  [844/2738  30.8%] exit 2 U1,R1,U3,U1,L1,U1: exhausted states 358 best 12 0.001s | cpu 2m43s wall 2m58s eta~6m40s best 62
  [845/2738  30.9%] exit 2 U1,R1,U3,U1,L1,U2: exhausted states 423 best 12 0.001s | cpu 2m43s wall 2m58s eta~6m40s best 62
  [846/2738  30.9%] exit 2 U1,R1,U3,U1,L1,L1: exhausted states 631 best 16 0.001s | cpu 2m43s wall 2m58s eta~6m39s best 62
  [847/2738  30.9%] exit 2 U1,R1,U3,U1,L1,L3: exhausted states 1,472 best 16 0.002s | cpu 2m43s wall 2m58s eta~6m38s best 62
  [848/2738  31.0%] exit 2 U1,R1,U3,U1,L2,U1: exhausted states 3,558 best 28 0.004s | cpu 2m43s wall 2m58s eta~6m38s best 62
  [849/2738  31.0%] exit 2 U1,R1,U3,U1,L2,U2: exhausted states 575 best 12 0.001s | cpu 2m43s wall 2m58s eta~6m37s best 62
  [850/2738  31.0%] exit 2 U1,R1,U3,U1,L2,L1: exhausted states 875 best 18 0.001s | cpu 2m43s wall 2m58s eta~6m36s best 62
  [851/2738  31.1%] exit 2 U1,R1,U3,U1,L2,L2: exhausted states 722 best 16 0.001s | cpu 2m43s wall 2m58s eta~6m36s best 62
  [852/2738  31.1%] exit 2 U1,R1,U3,U1,L3,U1: exhausted states 366 best 12 0.0s | cpu 2m43s wall 2m58s eta~6m35s best 62
  [853/2738  31.2%] exit 2 U1,R1,U3,U1,L3,U2: exhausted states 545 best 12 0.001s | cpu 2m43s wall 2m58s eta~6m34s best 62
  [854/2738  31.2%] exit 2 U1,R1,U3,U1,L3,L1: exhausted states 667 best 16 0.001s | cpu 2m43s wall 2m58s eta~6m34s best 62
  [855/2738  31.2%] exit 2 U1,R1,U3,U1,L3,L2: exhausted states 722 best 16 0.001s | cpu 2m43s wall 2m58s eta~6m33s best 62
  [856/2738  31.3%] exit 2 U1,R1,U3,U2,U1,R1: exhausted states 3 best 6 0.0s | cpu 2m43s wall 2m58s eta~6m33s best 62
  [857/2738  31.3%] exit 2 U1,R1,U3,U2,U1,R2: exhausted states 2 best 6 0.0s | cpu 2m43s wall 2m58s eta~6m32s best 62
  [858/2738  31.3%] exit 2 U1,R1,U3,U2,U1,R3: exhausted states 2 best 6 0.0s | cpu 2m43s wall 2m58s eta~6m31s best 62
  [859/2738  31.4%] exit 2 U1,R1,U3,U2,U1,L1: exhausted states 1,142 best 20 0.001s | cpu 2m43s wall 2m58s eta~6m31s best 62
  [860/2738  31.4%] exit 2 U1,R1,U3,U2,U1,L2: exhausted states 896 best 16 0.001s | cpu 2m43s wall 2m58s eta~6m30s best 62
  [861/2738  31.4%] exit 2 U1,R1,U3,U2,U1,L3: exhausted states 896 best 16 0.001s | cpu 2m43s wall 2m58s eta~6m29s best 62
  [862/2738  31.5%] exit 2 U1,R1,U3,U2,U2,R1: exhausted states 7 best 7 0.0s | cpu 2m43s wall 2m58s eta~6m29s best 62
  [863/2738  31.5%] exit 2 U1,R1,U3,U2,U2,R2: exhausted states 6 best 7 0.0s | cpu 2m43s wall 2m58s eta~6m28s best 62
  [864/2738  31.6%] exit 2 U1,R1,U3,U2,U2,R3: exhausted states 6 best 7 0.0s | cpu 2m43s wall 2m58s eta~6m28s best 62
  [865/2738  31.6%] exit 2 U1,R1,U3,U2,U2,L1: exhausted states 1,607 best 20 0.002s | cpu 2m43s wall 2m58s eta~6m27s best 62
  [866/2738  31.6%] exit 2 U1,R1,U3,U2,U2,L2: exhausted states 1,393 best 16 0.001s | cpu 2m43s wall 2m58s eta~6m26s best 62
  [867/2738  31.7%] exit 2 U1,R1,U3,U2,U2,L3: exhausted states 1,393 best 16 0.001s | cpu 2m43s wall 2m58s eta~6m26s best 62
  [868/2738  31.7%] exit 2 U1,R1,U3,U2,R1,U1: exhausted states 3 best 6 0.0s | cpu 2m43s wall 2m59s eta~6m25s best 62
  [869/2738  31.7%] exit 2 U1,R1,U3,U2,R1,U2: exhausted states 2 best 6 0.0s | cpu 2m43s wall 2m59s eta~6m25s best 62
  [870/2738  31.8%] exit 2 U1,R1,U3,U2,R1,U3: exhausted states 2 best 6 0.0s | cpu 2m43s wall 2m59s eta~6m24s best 62
  [871/2738  31.8%] exit 2 U1,R1,U3,U2,R1,D1: exhausted states 6 best 6 0.0s | cpu 2m43s wall 2m59s eta~6m23s best 62
  [872/2738  31.8%] exit 2 U1,R1,U3,U2,R1,D2: exhausted states 3 best 6 0.0s | cpu 2m43s wall 2m59s eta~6m23s best 62
  [873/2738  31.9%] exit 2 U1,R1,U3,U2,R1,D3: exhausted states 3 best 6 0.0s | cpu 2m43s wall 2m59s eta~6m22s best 62
  [874/2738  31.9%] exit 2 U1,R1,U3,U2,R2,U1: exhausted states 3,701 best 24 0.006s | cpu 2m43s wall 2m59s eta~6m22s best 62
  [875/2738  32.0%] exit 2 U1,R1,U3,U2,R2,U2: exhausted states 4,142 best 24 0.006s | cpu 2m43s wall 2m59s eta~6m21s best 62
  [876/2738  32.0%] exit 2 U1,R1,U3,U2,R2,U3: exhausted states 4,142 best 24 0.006s | cpu 2m43s wall 2m59s eta~6m20s best 62
  [877/2738  32.0%] exit 2 U1,R1,U3,U2,R2,D1: exhausted states 6 best 6 0.0s | cpu 2m43s wall 2m59s eta~6m20s best 62
  [878/2738  32.1%] exit 2 U1,R1,U3,U2,R2,D2: exhausted states 3 best 6 0.0s | cpu 2m43s wall 2m59s eta~6m19s best 62
  [879/2738  32.1%] exit 2 U1,R1,U3,U2,R2,D3: exhausted states 3 best 6 0.0s | cpu 2m43s wall 2m59s eta~6m19s best 62
  [880/2738  32.1%] exit 2 U1,R1,U3,U2,R3,U1: exhausted states 1,759 best 24 0.002s | cpu 2m43s wall 2m59s eta~6m18s best 62
  [881/2738  32.2%] exit 2 U1,R1,U3,U2,R3,U2: exhausted states 1,758 best 24 0.003s | cpu 2m43s wall 2m59s eta~6m17s best 62
  [882/2738  32.2%] exit 2 U1,R1,U3,U2,R3,U3: exhausted states 1,758 best 24 0.003s | cpu 2m43s wall 2m59s eta~6m17s best 62
  [883/2738  32.2%] exit 2 U1,R1,U3,U2,R3,D1: exhausted states 6 best 6 0.0s | cpu 2m43s wall 2m59s eta~6m16s best 62
  [884/2738  32.3%] exit 2 U1,R1,U3,U2,R3,D2: exhausted states 3 best 6 0.0s | cpu 2m43s wall 2m59s eta~6m16s best 62
  [885/2738  32.3%] exit 2 U1,R1,U3,U2,R3,D3: exhausted states 3 best 6 0.0s | cpu 2m43s wall 2m59s eta~6m15s best 62
  [886/2738  32.4%] exit 2 U1,R1,U3,U2,L1,U1: exhausted states 358 best 12 0.001s | cpu 2m43s wall 2m59s eta~6m14s best 62
  [887/2738  32.4%] exit 2 U1,R1,U3,U2,L1,U2: exhausted states 423 best 12 0.001s | cpu 2m43s wall 2m59s eta~6m14s best 62
  [888/2738  32.4%] exit 2 U1,R1,U3,U2,L1,L1: exhausted states 885 best 16 0.001s | cpu 2m43s wall 2m59s eta~6m13s best 62
  [889/2738  32.5%] exit 2 U1,R1,U3,U2,L1,L3: exhausted states 4,286 best 20 0.006s | cpu 2m43s wall 2m59s eta~6m13s best 62
  [890/2738  32.5%] exit 2 U1,R1,U3,U2,L2,U1: exhausted states 7,740 best 28 0.01s | cpu 2m43s wall 2m59s eta~6m12s best 62
  [891/2738  32.5%] exit 2 U1,R1,U3,U2,L2,U2: exhausted states 2,055 best 18 0.004s | cpu 2m43s wall 2m59s eta~6m12s best 62
  [892/2738  32.6%] exit 2 U1,R1,U3,U2,L2,L1: exhausted states 1,361 best 18 0.002s | cpu 2m43s wall 2m59s eta~6m11s best 62
  [893/2738  32.6%] exit 2 U1,R1,U3,U2,L2,L2: exhausted states 1,124 best 16 0.001s | cpu 2m43s wall 2m59s eta~6m10s best 62
  [894/2738  32.7%] exit 2 U1,R1,U3,U2,L3,U1: exhausted states 366 best 12 0.0s | cpu 2m43s wall 2m59s eta~6m10s best 62
  [895/2738  32.7%] exit 2 U1,R1,U3,U2,L3,U2: exhausted states 545 best 12 0.001s | cpu 2m43s wall 2m59s eta~6m09s best 62
  [896/2738  32.7%] exit 2 U1,R1,U3,U2,L3,L1: exhausted states 921 best 16 0.001s | cpu 2m43s wall 2m59s eta~6m09s best 62
  [897/2738  32.8%] exit 2 U1,R1,U3,U2,L3,L2: exhausted states 1,124 best 16 0.002s | cpu 2m43s wall 2m59s eta~6m08s best 62
  [898/2738  32.8%] exit 2 U1,R1,U3,R1,U1,U1: exhausted states 3,047 best 24 0.004s | cpu 2m43s wall 2m59s eta~6m08s best 62
  [899/2738  32.8%] exit 2 U1,R1,U3,R1,U1,U3: exhausted states 3,456 best 24 0.003s | cpu 2m43s wall 2m59s eta~6m07s best 62
  [900/2738  32.9%] exit 2 U1,R1,U3,R1,U2,U1: exhausted states 3,047 best 24 0.004s | cpu 2m43s wall 2m59s eta~6m06s best 62
  [901/2738  32.9%] exit 2 U1,R1,U3,R1,U2,U2: exhausted states 3,456 best 24 0.004s | cpu 2m43s wall 2m59s eta~6m06s best 62
  [902/2738  32.9%] exit 2 U1,R1,U3,R1,U3,U1: exhausted states 3,047 best 24 0.004s | cpu 2m43s wall 2m59s eta~6m05s best 62
  [903/2738  33.0%] exit 2 U1,R1,U3,R1,U3,U2: exhausted states 3,456 best 24 0.006s | cpu 2m43s wall 2m59s eta~6m05s best 62
  [904/2738  33.0%] exit 2 U1,R1,U3,R1,D1,D1: exhausted states 2 best 6 0.0s | cpu 2m43s wall 2m59s eta~6m04s best 62
  [905/2738  33.1%] exit 2 U1,R1,U3,R1,D1,D3: exhausted states 1 best 6 0.0s | cpu 2m43s wall 2m59s eta~6m04s best 62
  [906/2738  33.1%] exit 2 U1,R1,U3,R1,D2,D1: exhausted states 2 best 6 0.0s | cpu 2m43s wall 2m59s eta~6m03s best 62
  [907/2738  33.1%] exit 2 U1,R1,U3,R1,D2,D2: exhausted states 1 best 6 0.0s | cpu 2m43s wall 2m59s eta~6m03s best 62
  [908/2738  33.2%] exit 2 U1,R1,U3,R1,D3,D1: exhausted states 2 best 6 0.0s | cpu 2m43s wall 2m59s eta~6m02s best 62
  [909/2738  33.2%] exit 2 U1,R1,U3,R1,D3,D2: exhausted states 1 best 6 0.0s | cpu 2m43s wall 2m59s eta~6m01s best 62
  [910/2738  33.2%] exit 2 U1,R1,U3,R2,U1,U1: exhausted states 750 best 14 0.001s | cpu 2m43s wall 2m59s eta~6m01s best 62
  [911/2738  33.3%] exit 2 U1,R1,U3,R2,U1,U3: exhausted states 752 best 14 0.001s | cpu 2m43s wall 2m59s eta~6m00s best 62
  [912/2738  33.3%] exit 2 U1,R1,U3,R2,U1,L1: exhausted states 2,015 best 14 0.002s | cpu 2m43s wall 2m59s eta~6m00s best 62
  [913/2738  33.3%] exit 2 U1,R1,U3,R2,U2,U1: exhausted states 750 best 14 0.001s | cpu 2m43s wall 2m59s eta~5m59s best 62
  [914/2738  33.4%] exit 2 U1,R1,U3,R2,U2,U2: exhausted states 752 best 14 0.001s | cpu 2m43s wall 2m59s eta~5m59s best 62
  [915/2738  33.4%] exit 2 U1,R1,U3,R2,U2,L1: exhausted states 2,015 best 14 0.004s | cpu 2m43s wall 3m00s eta~5m58s best 62
  [916/2738  33.5%] exit 2 U1,R1,U3,R2,U3,U1: exhausted states 750 best 14 0.002s | cpu 2m43s wall 3m00s eta~5m58s best 62
  [917/2738  33.5%] exit 2 U1,R1,U3,R2,U3,U2: exhausted states 752 best 14 0.002s | cpu 2m43s wall 3m00s eta~5m57s best 62
  [918/2738  33.5%] exit 2 U1,R1,U3,R2,U3,L1: exhausted states 2,015 best 14 0.005s | cpu 2m43s wall 3m00s eta~5m57s best 62
  [919/2738  33.6%] exit 2 U1,R1,U3,R2,D1,D1: exhausted states 2 best 6 0.0s | cpu 2m43s wall 3m00s eta~5m56s best 62
  [920/2738  33.6%] exit 2 U1,R1,U3,R2,D1,D3: exhausted states 1 best 6 0.0s | cpu 2m43s wall 3m00s eta~5m55s best 62
  [921/2738  33.6%] exit 2 U1,R1,U3,R2,D2,D1: exhausted states 2 best 6 0.0s | cpu 2m43s wall 3m00s eta~5m55s best 62
  [922/2738  33.7%] exit 2 U1,R1,U3,R2,D2,D2: exhausted states 1 best 6 0.0s | cpu 2m43s wall 3m00s eta~5m54s best 62
  [923/2738  33.7%] exit 2 U1,R1,U3,R2,D3,D1: exhausted states 2 best 6 0.0s | cpu 2m43s wall 3m00s eta~5m54s best 62
  [924/2738  33.7%] exit 2 U1,R1,U3,R2,D3,D2: exhausted states 1 best 6 0.0s | cpu 2m43s wall 3m00s eta~5m53s best 62
  [925/2738  33.8%] exit 2 U1,R1,U3,R3,U1,U1: exhausted states 2,967 best 24 0.004s | cpu 2m43s wall 3m00s eta~5m53s best 62
  [926/2738  33.8%] exit 2 U1,R1,U3,R3,U1,U3: exhausted states 10,714 best 38 0.023s | cpu 2m43s wall 3m00s eta~5m52s best 62
  [927/2738  33.9%] exit 2 U1,R1,U3,R3,U1,L1: exhausted states 12,827 best 28 0.015s | cpu 2m43s wall 3m00s eta~5m52s best 62
  [928/2738  33.9%] exit 2 U1,R1,U3,R3,U2,U1: exhausted states 2,967 best 24 0.004s | cpu 2m43s wall 3m00s eta~5m51s best 62
  [929/2738  33.9%] exit 2 U1,R1,U3,R3,U2,U2: exhausted states 8,492 best 38 0.021s | cpu 2m43s wall 3m00s eta~5m51s best 62
  [930/2738  34.0%] exit 2 U1,R1,U3,R3,U2,L1: exhausted states 12,827 best 28 0.017s | cpu 2m43s wall 3m00s eta~5m50s best 62
  [931/2738  34.0%] exit 2 U1,R1,U3,R3,U3,U1: exhausted states 2,967 best 24 0.004s | cpu 2m43s wall 3m00s eta~5m50s best 62
  [932/2738  34.0%] exit 2 U1,R1,U3,R3,U3,U2: exhausted states 8,492 best 38 0.016s | cpu 2m43s wall 3m00s eta~5m49s best 62
  [933/2738  34.1%] exit 2 U1,R1,U3,R3,U3,L1: exhausted states 12,827 best 28 0.02s | cpu 2m43s wall 3m00s eta~5m49s best 62
  [934/2738  34.1%] exit 2 U1,R1,U3,R3,D1,D1: exhausted states 2 best 6 0.0s | cpu 2m43s wall 3m00s eta~5m48s best 62
  [935/2738  34.1%] exit 2 U1,R1,U3,R3,D1,D3: exhausted states 1 best 6 0.0s | cpu 2m43s wall 3m00s eta~5m48s best 62
  [936/2738  34.2%] exit 2 U1,R1,U3,R3,D2,D1: exhausted states 2 best 6 0.0s | cpu 2m43s wall 3m00s eta~5m47s best 62
  [937/2738  34.2%] exit 2 U1,R1,U3,R3,D2,D2: exhausted states 1 best 6 0.0s | cpu 2m43s wall 3m00s eta~5m47s best 62
  [938/2738  34.3%] exit 2 U1,R1,U3,R3,D3,D1: exhausted states 2 best 6 0.0s | cpu 2m43s wall 3m00s eta~5m46s best 62
  [939/2738  34.3%] exit 2 U1,R1,U3,R3,D3,D2: exhausted states 1 best 6 0.0s | cpu 2m43s wall 3m00s eta~5m46s best 62
  [940/2738  34.3%] exit 2 U1,R1,R1,U1,U1,U1: exhausted states 4,544 best 24 0.005s | cpu 2m43s wall 3m00s eta~5m45s best 62
  [941/2738  34.4%] exit 2 U1,R1,R1,U1,U1,U3: exhausted states 28,196 best 38 0.056s | cpu 2m43s wall 3m00s eta~5m45s best 62
  [942/2738  34.4%] exit 2 U1,R1,R1,U1,U1,L1: exhausted states 18,965 best 28 0.019s | cpu 2m43s wall 3m00s eta~5m44s best 62
  [943/2738  34.4%] exit 2 U1,R1,R1,U1,U3,U1: exhausted states 4,544 best 24 0.004s | cpu 2m43s wall 3m00s eta~5m44s best 62
  [944/2738  34.5%] exit 2 U1,R1,R1,U1,U3,U2: exhausted states 37,782 best 38 0.078s | cpu 2m43s wall 3m00s eta~5m43s best 62
  [945/2738  34.5%] exit 2 U1,R1,R1,U1,U3,L1: exhausted states 18,965 best 28 0.021s | cpu 2m43s wall 3m00s eta~5m43s best 62
  [946/2738  34.6%] exit 2 U1,R1,R1,U2,U1,U1: exhausted states 4,544 best 24 0.005s | cpu 2m43s wall 3m00s eta~5m42s best 62
  [947/2738  34.6%] exit 2 U1,R1,R1,U2,U1,U3: exhausted states 28,196 best 38 0.058s | cpu 2m43s wall 3m01s eta~5m42s best 62
  [948/2738  34.6%] exit 2 U1,R1,R1,U2,U1,L1: exhausted states 18,965 best 28 0.022s | cpu 2m44s wall 3m01s eta~5m41s best 62
  [949/2738  34.7%] exit 2 U1,R1,R1,U2,U2,U1: exhausted states 4,544 best 24 0.004s | cpu 2m44s wall 3m01s eta~5m41s best 62
  [950/2738  34.7%] exit 2 U1,R1,R1,U2,U2,U2: exhausted states 13,082 best 38 0.025s | cpu 2m44s wall 3m01s eta~5m40s best 62
  [951/2738  34.7%] exit 2 U1,R1,R1,U2,U2,L1: exhausted states 18,965 best 28 0.021s | cpu 2m44s wall 3m01s eta~5m40s best 62
  [952/2738  34.8%] exit 2 U1,R1,R1,U3,U1,U1: exhausted states 4,544 best 24 0.004s | cpu 2m44s wall 3m01s eta~5m39s best 62
  [953/2738  34.8%] exit 2 U1,R1,R1,U3,U1,U3: exhausted states 28,196 best 38 0.055s | cpu 2m44s wall 3m01s eta~5m39s best 62
  [954/2738  34.8%] exit 2 U1,R1,R1,U3,U1,L1: exhausted states 18,965 best 28 0.022s | cpu 2m44s wall 3m01s eta~5m39s best 62
  [955/2738  34.9%] exit 2 U1,R1,R1,U3,U2,U1: exhausted states 4,544 best 24 0.006s | cpu 2m44s wall 3m01s eta~5m38s best 62
  [956/2738  34.9%] exit 2 U1,R1,R1,U3,U2,U2: exhausted states 13,082 best 38 0.025s | cpu 2m44s wall 3m01s eta~5m38s best 62
  [957/2738  35.0%] exit 2 U1,R1,R1,U3,U2,L1: exhausted states 18,965 best 28 0.022s | cpu 2m44s wall 3m01s eta~5m37s best 62
  [958/2738  35.0%] exit 2 U1,R1,R3,U1,U1,U1: exhausted states 74,475 best 34 0.139s | cpu 2m44s wall 3m01s eta~5m37s best 62
  [959/2738  35.0%] exit 2 U1,R1,R3,U1,U1,U3: exhausted states 933,645 best 48 3.539s | cpu 2m47s wall 3m05s eta~5m43s best 62
  [960/2738  35.1%] exit 2 U1,R1,R3,U1,U1,L1: exhausted states 134,873 best 34 0.221s | cpu 2m48s wall 3m05s eta~5m43s best 62
  [961/2738  35.1%] exit 2 U1,R1,R3,U1,U3,U1: exhausted states 290,022 best 50 0.881s | cpu 2m48s wall 3m06s eta~5m44s best 62
  [962/2738  35.1%] exit 2 U1,R1,R3,U1,U3,U2: exhausted states 3,757,337 best 55 24.214s | cpu 3m13s wall 3m30s eta~6m28s best 62
  ** new campaign best: depth 64 (exit 2, U1,R1,R3,U1,U3,L1)
  [963/2738  35.2%] exit 2 U1,R1,R3,U1,U3,L1: exhausted states 5,271,938 best 64 31.794s | cpu 3m44s wall 4m02s eta~7m26s best 64
  [964/2738  35.2%] exit 2 U1,R1,R3,U1,L1,U1: exhausted states 69,703 best 34 0.091s | cpu 3m45s wall 4m02s eta~7m26s best 64
  ** new campaign best: depth 67 (exit 2, U1,R1,R3,U1,L1,U2)
  [965/2738  35.2%] exit 2 U1,R1,R3,U1,L1,U2: exhausted states 13,654,097 best 67 122.129s | cpu 5m47s wall 6m04s eta~11m09s best 67
  [966/2738  35.3%] exit 2 U1,R1,R3,U1,L1,L1: exhausted states 25,320 best 29 0.04s | cpu 5m47s wall 6m04s eta~11m08s best 67
  [967/2738  35.3%] exit 2 U1,R1,R3,U1,L1,L3: exhausted states 560,203 best 44 1.969s | cpu 5m49s wall 6m06s eta~11m11s best 67
  [968/2738  35.4%] exit 2 U1,R1,R3,U2,U1,U1: exhausted states 74,475 best 34 0.199s | cpu 5m49s wall 6m06s eta~11m10s best 67
  [969/2738  35.4%] exit 2 U1,R1,R3,U2,U1,U3: exhausted states 923,717 best 48 5.333s | cpu 5m54s wall 6m12s eta~11m19s best 67
  [970/2738  35.4%] exit 2 U1,R1,R3,U2,U1,L1: exhausted states 134,873 best 34 0.253s | cpu 5m54s wall 6m12s eta~11m18s best 67
  [971/2738  35.5%] exit 2 U1,R1,R3,U2,U2,U1: exhausted states 108,315 best 35 0.243s | cpu 5m55s wall 6m12s eta~11m18s best 67
  [972/2738  35.5%] exit 2 U1,R1,R3,U2,U2,U2: exhausted states 132,052 best 46 0.325s | cpu 5m55s wall 6m13s eta~11m17s best 67
  ** new campaign best: depth 72 (exit 2, U1,R1,R3,U2,U2,L1)
  [973/2738  35.5%] exit 2 U1,R1,R3,U2,U2,L1: exhausted states 3,390,110 best 72 34.732s | cpu 6m30s wall 6m47s eta~12m19s best 72
  [974/2738  35.6%] exit 2 U1,R1,R3,U2,L1,U1: exhausted states 69,703 best 34 0.11s | cpu 6m30s wall 6m47s eta~12m18s best 72
  [975/2738  35.6%] exit 2 U1,R1,R3,U2,L1,U2: exhausted states 5,052,371 best 64 88.819s | cpu 7m59s wall 8m16s eta~14m58s best 72
  [976/2738  35.6%] exit 2 U1,R1,R3,U2,L1,L1: exhausted states 25,320 best 29 0.051s | cpu 7m59s wall 8m16s eta~14m57s best 72
  [977/2738  35.7%] exit 2 U1,R1,R3,U2,L1,L3: exhausted states 557,035 best 44 2.217s | cpu 8m01s wall 8m19s eta~14m59s best 72
  [978/2738  35.7%] exit 2 U1,R1,R3,U3,U1,U1: exhausted states 74,475 best 34 0.195s | cpu 8m01s wall 8m19s eta~14m58s best 72
  [979/2738  35.8%] exit 2 U1,R1,R3,U3,U1,U3: exhausted states 897,633 best 48 5.135s | cpu 8m06s wall 8m24s eta~15m06s best 72
  [980/2738  35.8%] exit 2 U1,R1,R3,U3,U1,L1: exhausted states 134,873 best 34 0.34s | cpu 8m07s wall 8m24s eta~15m05s best 72
  [981/2738  35.8%] exit 2 U1,R1,R3,U3,U2,U1: exhausted states 108,315 best 35 0.287s | cpu 8m07s wall 8m25s eta~15m04s best 72
  [982/2738  35.9%] exit 2 U1,R1,R3,U3,U2,U2: exhausted states 132,052 best 46 0.387s | cpu 8m07s wall 8m25s eta~15m04s best 72
  [983/2738  35.9%] exit 2 U1,R1,R3,U3,U2,L1: exhausted states 2,676,575 best 70 26.63s | cpu 8m34s wall 8m52s eta~15m50s best 72
  [984/2738  35.9%] exit 2 U1,R1,R3,U3,L1,U1: exhausted states 69,703 best 34 0.147s | cpu 8m34s wall 8m52s eta~15m49s best 72
  [985/2738  36.0%] exit 2 U1,R1,R3,U3,L1,U2: exhausted states 3,145,663 best 62 41.136s | cpu 9m15s wall 9m33s eta~17m00s best 72
  [986/2738  36.0%] exit 2 U1,R1,R3,U3,L1,L1: exhausted states 25,320 best 29 0.09s | cpu 9m15s wall 9m33s eta~16m59s best 72
  [987/2738  36.0%] exit 2 U1,R1,R3,U3,L1,L3: exhausted states 549,499 best 42 2.29s | cpu 9m18s wall 9m36s eta~17m01s best 72
  [988/2738  36.1%] exit 2 U1,R2,U1,U1,U1,R1: exhausted states 3 best 6 0.0s | cpu 9m18s wall 9m36s eta~17m00s best 72
  [989/2738  36.1%] exit 2 U1,R2,U1,U1,U1,R2: exhausted states 2 best 6 0.0s | cpu 9m18s wall 9m36s eta~16m58s best 72
  [990/2738  36.2%] exit 2 U1,R2,U1,U1,U1,R3: exhausted states 2 best 6 0.0s | cpu 9m18s wall 9m36s eta~16m57s best 72
  [991/2738  36.2%] exit 2 U1,R2,U1,U1,U1,L1: exhausted states 292,323 best 43 1.23s | cpu 9m19s wall 9m37s eta~16m57s best 72
  [992/2738  36.2%] exit 2 U1,R2,U1,U1,U1,L2: exhausted states 99,007 best 40 0.549s | cpu 9m19s wall 9m37s eta~16m57s best 72
  [993/2738  36.3%] exit 2 U1,R2,U1,U1,U1,L3: exhausted states 41,199 best 35 0.257s | cpu 9m20s wall 9m38s eta~16m56s best 72
  [994/2738  36.3%] exit 2 U1,R2,U1,U1,U3,R1: exhausted states 13 best 8 0.0s | cpu 9m20s wall 9m38s eta~16m54s best 72
  [995/2738  36.3%] exit 2 U1,R2,U1,U1,U3,R2: exhausted states 12 best 8 0.0s | cpu 9m20s wall 9m38s eta~16m52s best 72
  [996/2738  36.4%] exit 2 U1,R2,U1,U1,U3,R3: exhausted states 12 best 8 0.0s | cpu 9m20s wall 9m38s eta~16m51s best 72
  [997/2738  36.4%] exit 2 U1,R2,U1,U1,U3,L1: exhausted states 313,942 best 44 1.962s | cpu 9m22s wall 9m40s eta~16m53s best 72
  [998/2738  36.4%] exit 2 U1,R2,U1,U1,U3,L2: exhausted states 57,708 best 34 0.416s | cpu 9m22s wall 9m40s eta~16m52s best 72
  [999/2738  36.5%] exit 2 U1,R2,U1,U1,U3,L3: exhausted states 47,615 best 34 0.382s | cpu 9m22s wall 9m41s eta~16m51s best 72
  [1000/2738  36.5%] exit 2 U1,R2,U1,U1,R1,U1: exhausted states 3 best 6 0.0s | cpu 9m22s wall 9m41s eta~16m50s best 72
  [1001/2738  36.6%] exit 2 U1,R2,U1,U1,R1,U2: exhausted states 2 best 6 0.0s | cpu 9m22s wall 9m41s eta~16m48s best 72
  [1002/2738  36.6%] exit 2 U1,R2,U1,U1,R1,U3: exhausted states 2 best 6 0.0s | cpu 9m22s wall 9m41s eta~16m46s best 72
  [1003/2738  36.6%] exit 2 U1,R2,U1,U1,R2,U1: exhausted states 69,573 best 39 0.689s | cpu 9m23s wall 9m41s eta~16m46s best 72
  [1004/2738  36.7%] exit 2 U1,R2,U1,U1,R2,U2: exhausted states 18,304 best 33 0.051s | cpu 9m23s wall 9m41s eta~16m45s best 72
  [1005/2738  36.7%] exit 2 U1,R2,U1,U1,R2,U3: exhausted states 15,812 best 33 0.044s | cpu 9m23s wall 9m42s eta~16m43s best 72
  [1006/2738  36.7%] exit 2 U1,R2,U1,U1,R3,U1: exhausted states 10,993 best 27 0.033s | cpu 9m23s wall 9m42s eta~16m42s best 72
  [1007/2738  36.8%] exit 2 U1,R2,U1,U1,R3,U2: exhausted states 5,923 best 26 0.017s | cpu 9m23s wall 9m42s eta~16m40s best 72
  [1008/2738  36.8%] exit 2 U1,R2,U1,U1,R3,U3: exhausted states 5,923 best 26 0.016s | cpu 9m23s wall 9m42s eta~16m39s best 72
  [1009/2738  36.9%] exit 2 U1,R2,U1,U1,L1,U1: exhausted states 233,364 best 43 1.112s | cpu 9m24s wall 9m43s eta~16m39s best 72
  [1010/2738  36.9%] exit 2 U1,R2,U1,U1,L1,U2: exhausted states 696 best 12 0.001s | cpu 9m24s wall 9m43s eta~16m38s best 72
  [1011/2738  36.9%] exit 2 U1,R2,U1,U1,L1,U3: exhausted states 5,385 best 22 0.013s | cpu 9m24s wall 9m43s eta~16m36s best 72
  [1012/2738  37.0%] exit 2 U1,R2,U1,U1,L1,L1: exhausted states 1,201,251 best 51 9.502s | cpu 9m34s wall 9m52s eta~16m51s best 72
  [1013/2738  37.0%] exit 2 U1,R2,U1,U1,L1,L3: exhausted states 34,634 best 31 0.112s | cpu 9m34s wall 9m53s eta~16m49s best 72
  [1014/2738  37.0%] exit 2 U1,R2,U1,U1,L2,U1: exhausted states 32,402 best 37 0.129s | cpu 9m34s wall 9m53s eta~16m48s best 72
  [1015/2738  37.1%] exit 2 U1,R2,U1,U1,L2,U2: exhausted states 2,200 best 18 0.003s | cpu 9m34s wall 9m53s eta~16m47s best 72
  [1016/2738  37.1%] exit 2 U1,R2,U1,U1,L2,U3: exhausted states 4,561 best 23 0.013s | cpu 9m34s wall 9m53s eta~16m45s best 72
  [1017/2738  37.1%] exit 2 U1,R2,U1,U1,L2,L1: exhausted states 81,751 best 37 0.814s | cpu 9m35s wall 9m54s eta~16m45s best 72
  [1018/2738  37.2%] exit 2 U1,R2,U1,U1,L2,L2: exhausted states 308,430 best 40 2.069s | cpu 9m37s wall 9m56s eta~16m47s best 72
  [1019/2738  37.2%] exit 2 U1,R2,U1,U1,L3,U1: exhausted states 4,742 best 29 0.021s | cpu 9m37s wall 9m56s eta~16m45s best 72
  [1020/2738  37.3%] exit 2 U1,R2,U1,U1,L3,U2: exhausted states 980 best 12 0.001s | cpu 9m37s wall 9m56s eta~16m44s best 72
  [1021/2738  37.3%] exit 2 U1,R2,U1,U1,L3,U3: exhausted states 3,235 best 18 0.006s | cpu 9m37s wall 9m56s eta~16m42s best 72
  [1022/2738  37.3%] exit 2 U1,R2,U1,U1,L3,L1: exhausted states 17,043 best 29 0.143s | cpu 9m37s wall 9m56s eta~16m41s best 72
  [1023/2738  37.4%] exit 2 U1,R2,U1,U1,L3,L2: exhausted states 45,356 best 30 0.278s | cpu 9m37s wall 9m56s eta~16m40s best 72
  [1024/2738  37.4%] exit 2 U1,R2,U1,U3,U1,R1: exhausted states 3 best 6 0.0s | cpu 9m37s wall 9m56s eta~16m38s best 72
  [1025/2738  37.4%] exit 2 U1,R2,U1,U3,U1,R2: exhausted states 2 best 6 0.0s | cpu 9m37s wall 9m56s eta~16m37s best 72
  [1026/2738  37.5%] exit 2 U1,R2,U1,U3,U1,R3: exhausted states 2 best 6 0.0s | cpu 9m37s wall 9m56s eta~16m35s best 72
  ** new campaign best: depth 80 (exit 2, U1,R2,U1,U3,U1,L1)
  [1027/2738  37.5%] exit 2 U1,R2,U1,U3,U1,L1: exhausted states 3,692,563 best 80 128.353s | cpu 11m46s wall 12m05s eta~20m08s best 80
  [1028/2738  37.5%] exit 2 U1,R2,U1,U3,U1,L2: exhausted states 1,207,141 best 74 37.41s | cpu 12m23s wall 12m42s eta~21m08s best 80
  [1029/2738  37.6%] exit 2 U1,R2,U1,U3,U1,L3: exhausted states 100,332 best 42 1.209s | cpu 12m24s wall 12m43s eta~21m08s best 80
  [1030/2738  37.6%] exit 2 U1,R2,U1,U3,U2,R1: exhausted states 2,218,851 best 54 50.364s | cpu 13m15s wall 13m34s eta~22m30s best 80
  [1031/2738  37.7%] exit 2 U1,R2,U1,U3,U2,R2: exhausted states 1,221,353 best 58 61.784s | cpu 14m17s wall 14m36s eta~24m10s best 80
  [1032/2738  37.7%] exit 2 U1,R2,U1,U3,U2,R3: exhausted states 87,884 best 36 0.661s | cpu 14m17s wall 14m36s eta~24m09s best 80
  [1033/2738  37.7%] exit 2 U1,R2,U1,U3,U2,L1: exhausted states 10,450,596 best 58 239.003s | cpu 18m16s wall 18m35s eta~30m41s best 80
  [1034/2738  37.8%] exit 2 U1,R2,U1,U3,U2,L2: exhausted states 3,311,987 best 54 70.309s | cpu 19m27s wall 19m46s eta~32m34s best 80
  [1035/2738  37.8%] exit 2 U1,R2,U1,U3,U2,L3: exhausted states 875,711 best 46 13.273s | cpu 19m40s wall 19m59s eta~32m53s best 80
  [1036/2738  37.8%] exit 2 U1,R2,U1,U3,R1,U1: exhausted states 3 best 6 0.0s | cpu 19m40s wall 19m59s eta~32m50s best 80
  [1037/2738  37.9%] exit 2 U1,R2,U1,U3,R1,U2: exhausted states 2 best 6 0.0s | cpu 19m40s wall 19m59s eta~32m47s best 80
  [1038/2738  37.9%] exit 2 U1,R2,U1,U3,R1,U3: exhausted states 2 best 6 0.0s | cpu 19m40s wall 19m59s eta~32m44s best 80
  [1039/2738  37.9%] exit 2 U1,R2,U1,U3,R1,D1: exhausted states 16 best 8 0.0s | cpu 19m40s wall 19m59s eta~32m41s best 80
  [1040/2738  38.0%] exit 2 U1,R2,U1,U3,R1,D2: exhausted states 13 best 8 0.0s | cpu 19m40s wall 19m59s eta~32m38s best 80
  [1041/2738  38.0%] exit 2 U1,R2,U1,U3,R1,D3: exhausted states 13 best 8 0.0s | cpu 19m40s wall 19m59s eta~32m35s best 80
  [1042/2738  38.1%] exit 2 U1,R2,U1,U3,R2,U1: exhausted states 5,616,027 best 64 145.043s | cpu 22m05s wall 22m24s eta~36m28s best 80
  [1043/2738  38.1%] exit 2 U1,R2,U1,U3,R2,U2: exhausted states 540,274 best 42 7.484s | cpu 22m12s wall 22m32s eta~36m37s best 80
  [1044/2738  38.1%] exit 2 U1,R2,U1,U3,R2,U3: exhausted states 280,328 best 42 1.951s | cpu 22m14s wall 22m34s eta~36m37s best 80
  [1045/2738  38.2%] exit 2 U1,R2,U1,U3,R2,D1: exhausted states 16 best 8 0.0s | cpu 22m14s wall 22m34s eta~36m33s best 80
  [1046/2738  38.2%] exit 2 U1,R2,U1,U3,R2,D2: exhausted states 13 best 8 0.0s | cpu 22m14s wall 22m34s eta~36m30s best 80
  [1047/2738  38.2%] exit 2 U1,R2,U1,U3,R2,D3: exhausted states 13 best 8 0.0s | cpu 22m14s wall 22m34s eta~36m27s best 80
  [1048/2738  38.3%] exit 2 U1,R2,U1,U3,R3,U1: exhausted states 28,687 best 30 0.12s | cpu 22m14s wall 22m34s eta~36m23s best 80
  [1049/2738  38.3%] exit 2 U1,R2,U1,U3,R3,U2: exhausted states 32,396 best 30 0.234s | cpu 22m15s wall 22m34s eta~36m20s best 80
  [1050/2738  38.3%] exit 2 U1,R2,U1,U3,R3,U3: exhausted states 25,100 best 28 0.125s | cpu 22m15s wall 22m34s eta~36m17s best 80
  [1051/2738  38.4%] exit 2 U1,R2,U1,U3,R3,D1: exhausted states 16 best 8 0.0s | cpu 22m15s wall 22m34s eta~36m14s best 80
  [1052/2738  38.4%] exit 2 U1,R2,U1,U3,R3,D2: exhausted states 13 best 8 0.0s | cpu 22m15s wall 22m34s eta~36m11s best 80
  [1053/2738  38.5%] exit 2 U1,R2,U1,U3,R3,D3: exhausted states 13 best 8 0.0s | cpu 22m15s wall 22m34s eta~36m07s best 80
  [1054/2738  38.5%] exit 2 U1,R2,U1,U3,L1,U1: exhausted states 13,594 best 26 0.033s | cpu 22m15s wall 22m34s eta~36m04s best 80
  [1055/2738  38.5%] exit 2 U1,R2,U1,U3,L1,U2: exhausted states 1,292,847 best 74 24.989s | cpu 22m40s wall 22m59s eta~36m41s best 80
  [1056/2738  38.6%] exit 2 U1,R2,U1,U3,L1,U3: exhausted states 4,792 best 22 0.012s | cpu 22m40s wall 22m59s eta~36m37s best 80
  ** new campaign best: depth 85 (exit 2, U1,R2,U1,U3,L1,D1)
  [1057/2738  38.6%] exit 2 U1,R2,U1,U3,L1,D1: exhausted states 23,337,999 best 85 442.1s | cpu 30m02s wall 30m21s eta~48m17s best 85
  [1058/2738  38.6%] exit 2 U1,R2,U1,U3,L1,D2: exhausted states 2,764,144 best 54 63.851s | cpu 31m06s wall 31m25s eta~49m54s best 85
  [1059/2738  38.7%] exit 2 U1,R2,U1,U3,L1,D3: exhausted states 14,002 best 28 0.089s | cpu 31m06s wall 31m25s eta~49m50s best 85
  [1060/2738  38.7%] exit 2 U1,R2,U1,U3,L1,L1: exhausted states 231,292 best 40 1.596s | cpu 31m07s wall 31m27s eta~49m48s best 85
  [1061/2738  38.8%] exit 2 U1,R2,U1,U3,L1,L3: exhausted states 2,045,599 best 85 59.668s | cpu 32m07s wall 32m27s eta~51m17s best 85
  [1062/2738  38.8%] exit 2 U1,R2,U1,U3,L2,U1: exhausted states 289,126 best 42 1.54s | cpu 32m09s wall 32m28s eta~51m15s best 85
  [1063/2738  38.8%] exit 2 U1,R2,U1,U3,L2,U2: exhausted states 430,556 best 46 5.542s | cpu 32m14s wall 32m34s eta~51m19s best 85
  [1064/2738  38.9%] exit 2 U1,R2,U1,U3,L2,U3: exhausted states 18,420 best 32 0.05s | cpu 32m14s wall 32m34s eta~51m14s best 85
  [1065/2738  38.9%] exit 2 U1,R2,U1,U3,L2,D1: exhausted states 6,835,345 best 72 103.276s | cpu 33m58s wall 34m17s eta~53m52s best 85
  [1066/2738  38.9%] exit 2 U1,R2,U1,U3,L2,D2: exhausted states 717,723 best 50 8.852s | cpu 34m06s wall 34m26s eta~54m01s best 85
  [1067/2738  39.0%] exit 2 U1,R2,U1,U3,L2,D3: exhausted states 7,218 best 28 0.047s | cpu 34m06s wall 34m26s eta~53m56s best 85
  [1068/2738  39.0%] exit 2 U1,R2,U1,U3,L2,L1: exhausted states 99,636 best 32 0.471s | cpu 34m07s wall 34m27s eta~53m52s best 85
  [1069/2738  39.0%] exit 2 U1,R2,U1,U3,L2,L2: exhausted states 3,264,513 best 72 55.282s | cpu 35m02s wall 35m22s eta~55m13s best 85
  [1070/2738  39.1%] exit 2 U1,R2,U1,U3,L3,U1: exhausted states 1,986 best 20 0.004s | cpu 35m02s wall 35m22s eta~55m08s best 85
  [1071/2738  39.1%] exit 2 U1,R2,U1,U3,L3,U2: exhausted states 36,525 best 32 0.228s | cpu 35m02s wall 35m22s eta~55m04s best 85
  [1072/2738  39.2%] exit 2 U1,R2,U1,U3,L3,U3: exhausted states 3,572 best 18 0.006s | cpu 35m02s wall 35m22s eta~54m59s best 85
  [1073/2738  39.2%] exit 2 U1,R2,U1,U3,L3,D1: exhausted states 437,622 best 46 3.577s | cpu 35m06s wall 35m26s eta~54m59s best 85
  [1074/2738  39.2%] exit 2 U1,R2,U1,U3,L3,D2: exhausted states 57,110 best 33 0.436s | cpu 35m06s wall 35m26s eta~54m55s best 85
  [1075/2738  39.3%] exit 2 U1,R2,U1,U3,L3,D3: exhausted states 2,976 best 24 0.013s | cpu 35m06s wall 35m26s eta~54m50s best 85
  [1076/2738  39.3%] exit 2 U1,R2,U1,U3,L3,L1: exhausted states 10,684 best 24 0.032s | cpu 35m07s wall 35m26s eta~54m45s best 85
  [1077/2738  39.3%] exit 2 U1,R2,U1,U3,L3,L2: exhausted states 202,336 best 46 1.382s | cpu 35m08s wall 35m28s eta~54m42s best 85
  [1078/2738  39.4%] exit 2 U1,R2,U1,R1,U1,U1: exhausted states 44,931 best 33 0.058s | cpu 35m08s wall 35m28s eta~54m37s best 85
  [1079/2738  39.4%] exit 2 U1,R2,U1,R1,U1,U3: exhausted states 20,900 best 33 0.032s | cpu 35m08s wall 35m28s eta~54m32s best 85
  [1080/2738  39.4%] exit 2 U1,R2,U1,R1,U2,U1: exhausted states 35,882 best 33 0.111s | cpu 35m08s wall 35m28s eta~54m27s best 85
  [1081/2738  39.5%] exit 2 U1,R2,U1,R1,U2,U2: exhausted states 22,052 best 33 0.038s | cpu 35m08s wall 35m28s eta~54m22s best 85
  [1082/2738  39.5%] exit 2 U1,R2,U1,R1,U3,U1: exhausted states 38,568 best 33 0.16s | cpu 35m08s wall 35m28s eta~54m18s best 85
  [1083/2738  39.6%] exit 2 U1,R2,U1,R1,U3,U2: exhausted states 20,612 best 33 0.032s | cpu 35m08s wall 35m28s eta~54m13s best 85
  [1084/2738  39.6%] exit 2 U1,R2,U1,R2,U1,U1: exhausted states 109,109 best 38 0.308s | cpu 35m09s wall 35m29s eta~54m08s best 85
  [1085/2738  39.6%] exit 2 U1,R2,U1,R2,U1,U3: exhausted states 517,796 best 55 4.676s | cpu 35m13s wall 35m33s eta~54m10s best 85
  [1086/2738  39.7%] exit 2 U1,R2,U1,R2,U1,L1: exhausted states 213,819 best 38 0.76s | cpu 35m14s wall 35m34s eta~54m07s best 85
  [1087/2738  39.7%] exit 2 U1,R2,U1,R2,U2,U1: exhausted states 118,766 best 38 0.378s | cpu 35m14s wall 35m35s eta~54m02s best 85
  [1088/2738  39.7%] exit 2 U1,R2,U1,R2,U2,U2: exhausted states 160,203 best 44 0.839s | cpu 35m15s wall 35m35s eta~53m59s best 85
  [1089/2738  39.8%] exit 2 U1,R2,U1,R2,U2,L1: exhausted states 180,339 best 38 0.803s | cpu 35m16s wall 35m36s eta~53m55s best 85
  [1090/2738  39.8%] exit 2 U1,R2,U1,R2,U3,U1: exhausted states 111,604 best 38 0.307s | cpu 35m16s wall 35m37s eta~53m51s best 85
  [1091/2738  39.8%] exit 2 U1,R2,U1,R2,U3,U2: exhausted states 133,747 best 44 0.568s | cpu 35m17s wall 35m37s eta~53m47s best 85
  [1092/2738  39.9%] exit 2 U1,R2,U1,R2,U3,L1: exhausted states 145,231 best 34 0.534s | cpu 35m17s wall 35m38s eta~53m42s best 85
  [1093/2738  39.9%] exit 2 U1,R2,U1,R3,U1,U1: exhausted states 15,443 best 33 0.024s | cpu 35m18s wall 35m38s eta~53m38s best 85
  [1094/2738  40.0%] exit 2 U1,R2,U1,R3,U1,U3: exhausted states 109,375 best 46 0.529s | cpu 35m18s wall 35m38s eta~53m34s best 85
  [1095/2738  40.0%] exit 2 U1,R2,U1,R3,U1,L1: exhausted states 57,572 best 33 0.127s | cpu 35m18s wall 35m38s eta~53m29s best 85
  [1096/2738  40.0%] exit 2 U1,R2,U1,R3,U2,U1: exhausted states 15,443 best 33 0.028s | cpu 35m18s wall 35m38s eta~53m24s best 85
  [1097/2738  40.1%] exit 2 U1,R2,U1,R3,U2,U2: exhausted states 37,439 best 46 0.116s | cpu 35m18s wall 35m39s eta~53m19s best 85
  [1098/2738  40.1%] exit 2 U1,R2,U1,R3,U2,L1: exhausted states 56,088 best 33 0.139s | cpu 35m18s wall 35m39s eta~53m15s best 85
  [1099/2738  40.1%] exit 2 U1,R2,U1,R3,U3,U1: exhausted states 15,443 best 33 0.036s | cpu 35m18s wall 35m39s eta~53m10s best 85
  [1100/2738  40.2%] exit 2 U1,R2,U1,R3,U3,U2: exhausted states 37,439 best 46 0.124s | cpu 35m19s wall 35m39s eta~53m05s best 85
  [1101/2738  40.2%] exit 2 U1,R2,U1,R3,U3,L1: exhausted states 56,088 best 33 0.147s | cpu 35m19s wall 35m39s eta~53m01s best 85
  [1102/2738  40.2%] exit 2 U1,R2,U1,L1,U1,U1: exhausted states 444 best 12 0.001s | cpu 35m19s wall 35m39s eta~52m56s best 85
  [1103/2738  40.3%] exit 2 U1,R2,U1,L1,U1,U3: exhausted states 7,746 best 24 0.015s | cpu 35m19s wall 35m39s eta~52m51s best 85
  [1104/2738  40.3%] exit 2 U1,R2,U1,L1,U1,L1: exhausted states 574 best 13 0.001s | cpu 35m19s wall 35m39s eta~52m46s best 85
  [1105/2738  40.4%] exit 2 U1,R2,U1,L1,U1,L2: exhausted states 397 best 12 0.001s | cpu 35m19s wall 35m39s eta~52m42s best 85
  [1106/2738  40.4%] exit 2 U1,R2,U1,L1,U1,L3: exhausted states 631 best 12 0.001s | cpu 35m19s wall 35m39s eta~52m37s best 85
  [1107/2738  40.4%] exit 2 U1,R2,U1,L1,U2,U1: exhausted states 144 best 10 0.0s | cpu 35m19s wall 35m39s eta~52m32s best 85
  [1108/2738  40.5%] exit 2 U1,R2,U1,L1,U2,U2: exhausted states 257 best 10 0.0s | cpu 35m19s wall 35m39s eta~52m27s best 85
  [1109/2738  40.5%] exit 2 U1,R2,U1,L1,U2,L1: exhausted states 289 best 13 0.0s | cpu 35m19s wall 35m39s eta~52m23s best 85
  [1110/2738  40.5%] exit 2 U1,R2,U1,L1,U2,L2: exhausted states 104 best 9 0.0s | cpu 35m19s wall 35m39s eta~52m18s best 85
  [1111/2738  40.6%] exit 2 U1,R2,U1,L1,U2,L3: exhausted states 260 best 11 0.0s | cpu 35m19s wall 35m39s eta~52m13s best 85
  [1112/2738  40.6%] exit 2 U1,R2,U1,L1,L1,U1: exhausted states 604 best 13 0.001s | cpu 35m19s wall 35m39s eta~52m08s best 85
  [1113/2738  40.7%] exit 2 U1,R2,U1,L1,L1,U3: exhausted states 601 best 13 0.001s | cpu 35m19s wall 35m39s eta~52m04s best 85
  [1114/2738  40.7%] exit 2 U1,R2,U1,L1,L1,D1: exhausted states 2,357,884 best 50 11.781s | cpu 35m31s wall 35m51s eta~52m16s best 85
  [1115/2738  40.7%] exit 2 U1,R2,U1,L1,L1,D2: exhausted states 2,001 best 15 0.002s | cpu 35m31s wall 35m51s eta~52m12s best 85
  [1116/2738  40.8%] exit 2 U1,R2,U1,L1,L1,D3: exhausted states 915 best 15 0.001s | cpu 35m31s wall 35m51s eta~52m07s best 85
  [1117/2738  40.8%] exit 2 U1,R2,U1,L1,L1,L1: exhausted states 477 best 13 0.0s | cpu 35m31s wall 35m51s eta~52m02s best 85
  [1118/2738  40.8%] exit 2 U1,R2,U1,L1,L1,L3: exhausted states 2,182 best 17 0.002s | cpu 35m31s wall 35m51s eta~51m57s best 85
  [1119/2738  40.9%] exit 2 U1,R2,U1,L1,L3,U1: exhausted states 52,558 best 34 0.23s | cpu 35m31s wall 35m51s eta~51m53s best 85
  [1120/2738  40.9%] exit 2 U1,R2,U1,L1,L3,U3: exhausted states 12,721 best 22 0.019s | cpu 35m31s wall 35m52s eta~51m48s best 85
  [1121/2738  40.9%] exit 2 U1,R2,U1,L1,L3,D1: exhausted states 192,795 best 34 0.61s | cpu 35m31s wall 35m52s eta~51m45s best 85
  [1122/2738  41.0%] exit 2 U1,R2,U1,L1,L3,D2: exhausted states 60,032 best 31 0.119s | cpu 35m32s wall 35m52s eta~51m40s best 85
  [1123/2738  41.0%] exit 2 U1,R2,U1,L1,L3,D3: exhausted states 7,587 best 19 0.013s | cpu 35m32s wall 35m52s eta~51m35s best 85
  [1124/2738  41.1%] exit 2 U1,R2,U1,L1,L3,L1: exhausted states 5,352 best 20 0.007s | cpu 35m32s wall 35m52s eta~51m31s best 85
  [1125/2738  41.1%] exit 2 U1,R2,U1,L1,L3,L2: exhausted states 110,580 best 32 0.434s | cpu 35m32s wall 35m53s eta~51m27s best 85
  [1126/2738  41.1%] exit 2 U1,R2,U1,L2,U1,U1: exhausted states 98,202 best 44 0.289s | cpu 35m32s wall 35m53s eta~51m23s best 85
  [1127/2738  41.2%] exit 2 U1,R2,U1,L2,U1,U3: exhausted states 55,776 best 39 0.153s | cpu 35m32s wall 35m53s eta~51m18s best 85
  [1128/2738  41.2%] exit 2 U1,R2,U1,L2,U1,R1: exhausted states 121,425 best 42 0.442s | cpu 35m33s wall 35m54s eta~51m14s best 85
  [1129/2738  41.2%] exit 2 U1,R2,U1,L2,U1,R2: exhausted states 123,461 best 42 0.462s | cpu 35m33s wall 35m54s eta~51m10s best 85
  [1130/2738  41.3%] exit 2 U1,R2,U1,L2,U1,R3: exhausted states 13,605 best 34 0.03s | cpu 35m33s wall 35m54s eta~51m06s best 85
  [1131/2738  41.3%] exit 2 U1,R2,U1,L2,U1,L1: exhausted states 1,172 best 20 0.002s | cpu 35m33s wall 35m54s eta~51m01s best 85
  [1132/2738  41.3%] exit 2 U1,R2,U1,L2,U1,L2: exhausted states 18,161 best 32 0.055s | cpu 35m33s wall 35m54s eta~50m57s best 85
  [1133/2738  41.4%] exit 2 U1,R2,U1,L2,U1,L3: exhausted states 937 best 15 0.001s | cpu 35m33s wall 35m54s eta~50m52s best 85
  [1134/2738  41.4%] exit 2 U1,R2,U1,L2,U2,U1: exhausted states 1,021 best 21 0.003s | cpu 35m33s wall 35m54s eta~50m48s best 85
  [1135/2738  41.5%] exit 2 U1,R2,U1,L2,U2,U2: exhausted states 726 best 18 0.001s | cpu 35m33s wall 35m54s eta~50m43s best 85
  [1136/2738  41.5%] exit 2 U1,R2,U1,L2,U2,R1: exhausted states 3,350 best 22 0.007s | cpu 35m33s wall 35m54s eta~50m38s best 85
  [1137/2738  41.5%] exit 2 U1,R2,U1,L2,U2,R2: exhausted states 3,226 best 19 0.007s | cpu 35m33s wall 35m54s eta~50m34s best 85
  [1138/2738  41.6%] exit 2 U1,R2,U1,L2,U2,R3: exhausted states 1,073 best 18 0.002s | cpu 35m33s wall 35m54s eta~50m29s best 85
  [1139/2738  41.6%] exit 2 U1,R2,U1,L2,U2,L1: exhausted states 887 best 20 0.002s | cpu 35m33s wall 35m54s eta~50m25s best 85
  [1140/2738  41.6%] exit 2 U1,R2,U1,L2,U2,L2: exhausted states 2,194 best 20 0.006s | cpu 35m33s wall 35m55s eta~50m20s best 85
  [1141/2738  41.7%] exit 2 U1,R2,U1,L2,U2,L3: exhausted states 464 best 15 0.001s | cpu 35m33s wall 35m55s eta~50m16s best 85
  [1142/2738  41.7%] exit 2 U1,R2,U1,L2,L1,U1: exhausted states 27,196 best 38 0.059s | cpu 35m34s wall 35m55s eta~50m11s best 85
  [1143/2738  41.7%] exit 2 U1,R2,U1,L2,L1,U3: exhausted states 5,623 best 24 0.012s | cpu 35m34s wall 35m55s eta~50m07s best 85
  [1144/2738  41.8%] exit 2 U1,R2,U1,L2,L1,D1: exhausted states 367,639 best 34 1.564s | cpu 35m35s wall 35m56s eta~50m05s best 85
  [1145/2738  41.8%] exit 2 U1,R2,U1,L2,L1,D2: exhausted states 13,933 best 26 0.028s | cpu 35m35s wall 35m56s eta~50m00s best 85
  [1146/2738  41.9%] exit 2 U1,R2,U1,L2,L1,D3: exhausted states 5,415 best 26 0.008s | cpu 35m35s wall 35m56s eta~49m56s best 85
  [1147/2738  41.9%] exit 2 U1,R2,U1,L2,L1,L1: exhausted states 7,845 best 26 0.013s | cpu 35m35s wall 35m56s eta~49m51s best 85
  [1148/2738  41.9%] exit 2 U1,R2,U1,L2,L1,L3: exhausted states 35,860 best 25 0.092s | cpu 35m35s wall 35m56s eta~49m47s best 85
  [1149/2738  42.0%] exit 2 U1,R2,U1,L2,L2,U1: exhausted states 941 best 16 0.001s | cpu 35m35s wall 35m56s eta~49m42s best 85
  [1150/2738  42.0%] exit 2 U1,R2,U1,L2,L2,U3: exhausted states 1,528 best 18 0.002s | cpu 35m35s wall 35m56s eta~49m38s best 85
  [1151/2738  42.0%] exit 2 U1,R2,U1,L2,L2,D1: exhausted states 2,561,537 best 59 18.001s | cpu 35m53s wall 36m14s eta~49m58s best 85
  [1152/2738  42.1%] exit 2 U1,R2,U1,L2,L2,D2: exhausted states 6,207 best 26 0.008s | cpu 35m53s wall 36m15s eta~49m54s best 85
  [1153/2738  42.1%] exit 2 U1,R2,U1,L2,L2,D3: exhausted states 531 best 14 0.001s | cpu 35m53s wall 36m15s eta~49m49s best 85
  [1154/2738  42.1%] exit 2 U1,R2,U1,L2,L2,L1: exhausted states 339 best 12 0.0s | cpu 35m53s wall 36m15s eta~49m45s best 85
  [1155/2738  42.2%] exit 2 U1,R2,U1,L2,L2,L2: exhausted states 608 best 12 0.001s | cpu 35m53s wall 36m15s eta~49m41s best 85
  [1156/2738  42.2%] exit 2 U1,R2,U1,L3,U1,U1: exhausted states 420 best 12 0.001s | cpu 35m53s wall 36m15s eta~49m36s best 85
  [1157/2738  42.3%] exit 2 U1,R2,U1,L3,U1,U3: exhausted states 12,995 best 29 0.024s | cpu 35m53s wall 36m15s eta~49m32s best 85
  [1158/2738  42.3%] exit 2 U1,R2,U1,L3,U1,R1: exhausted states 950 best 16 0.001s | cpu 35m53s wall 36m15s eta~49m27s best 85
  [1159/2738  42.3%] exit 2 U1,R2,U1,L3,U1,R2: exhausted states 3,135 best 16 0.004s | cpu 35m53s wall 36m15s eta~49m23s best 85
  [1160/2738  42.4%] exit 2 U1,R2,U1,L3,U1,R3: exhausted states 1,593 best 14 0.002s | cpu 35m53s wall 36m15s eta~49m19s best 85
  [1161/2738  42.4%] exit 2 U1,R2,U1,L3,U1,L1: exhausted states 502 best 14 0.001s | cpu 35m53s wall 36m15s eta~49m14s best 85
  [1162/2738  42.4%] exit 2 U1,R2,U1,L3,U1,L2: exhausted states 2,365 best 18 0.003s | cpu 35m53s wall 36m15s eta~49m10s best 85
  [1163/2738  42.5%] exit 2 U1,R2,U1,L3,U1,L3: exhausted states 487 best 12 0.001s | cpu 35m53s wall 36m15s eta~49m05s best 85
  [1164/2738  42.5%] exit 2 U1,R2,U1,L3,U2,U1: exhausted states 120 best 10 0.0s | cpu 35m53s wall 36m15s eta~49m01s best 85
  [1165/2738  42.5%] exit 2 U1,R2,U1,L3,U2,U2: exhausted states 248 best 10 0.0s | cpu 35m53s wall 36m15s eta~48m57s best 85
  [1166/2738  42.6%] exit 2 U1,R2,U1,L3,U2,R1: exhausted states 250 best 14 0.0s | cpu 35m53s wall 36m15s eta~48m52s best 85
  [1167/2738  42.6%] exit 2 U1,R2,U1,L3,U2,R2: exhausted states 915 best 16 0.001s | cpu 35m53s wall 36m15s eta~48m48s best 85
  [1168/2738  42.7%] exit 2 U1,R2,U1,L3,U2,R3: exhausted states 393 best 12 0.001s | cpu 35m53s wall 36m15s eta~48m44s best 85
  [1169/2738  42.7%] exit 2 U1,R2,U1,L3,U2,L1: exhausted states 217 best 14 0.0s | cpu 35m53s wall 36m15s eta~48m39s best 85
  [1170/2738  42.7%] exit 2 U1,R2,U1,L3,U2,L2: exhausted states 680 best 16 0.001s | cpu 35m53s wall 36m15s eta~48m35s best 85
  [1171/2738  42.8%] exit 2 U1,R2,U1,L3,U2,L3: exhausted states 164 best 11 0.0s | cpu 35m53s wall 36m15s eta~48m31s best 85
  [1172/2738  42.8%] exit 2 U1,R2,U1,L3,L1,U1: exhausted states 568 best 14 0.001s | cpu 35m53s wall 36m15s eta~48m26s best 85
  [1173/2738  42.8%] exit 2 U1,R2,U1,L3,L1,U3: exhausted states 565 best 14 0.001s | cpu 35m53s wall 36m15s eta~48m22s best 85
  [1174/2738  42.9%] exit 2 U1,R2,U1,L3,L1,D1: exhausted states 39,633 best 27 0.137s | cpu 35m53s wall 36m15s eta~48m18s best 85
  [1175/2738  42.9%] exit 2 U1,R2,U1,L3,L1,D2: exhausted states 2,265 best 16 0.003s | cpu 35m53s wall 36m15s eta~48m13s best 85
  [1176/2738  43.0%] exit 2 U1,R2,U1,L3,L1,D3: exhausted states 1,035 best 16 0.002s | cpu 35m53s wall 36m15s eta~48m09s best 85
  [1177/2738  43.0%] exit 2 U1,R2,U1,L3,L1,L1: exhausted states 561 best 14 0.001s | cpu 35m53s wall 36m15s eta~48m05s best 85
  [1178/2738  43.0%] exit 2 U1,R2,U1,L3,L1,L3: exhausted states 5,311 best 21 0.012s | cpu 35m53s wall 36m15s eta~48m01s best 85
  [1179/2738  43.1%] exit 2 U1,R2,U1,L3,L2,U1: exhausted states 1,011 best 17 0.001s | cpu 35m53s wall 36m15s eta~47m56s best 85
  [1180/2738  43.1%] exit 2 U1,R2,U1,L3,L2,U3: exhausted states 1,610 best 18 0.003s | cpu 35m53s wall 36m15s eta~47m52s best 85
  [1181/2738  43.1%] exit 2 U1,R2,U1,L3,L2,D1: exhausted states 67,960 best 31 0.162s | cpu 35m54s wall 36m15s eta~47m48s best 85
  [1182/2738  43.2%] exit 2 U1,R2,U1,L3,L2,D2: exhausted states 6,655 best 27 0.011s | cpu 35m54s wall 36m15s eta~47m44s best 85
  [1183/2738  43.2%] exit 2 U1,R2,U1,L3,L2,D3: exhausted states 579 best 15 0.001s | cpu 35m54s wall 36m15s eta~47m40s best 85
  [1184/2738  43.2%] exit 2 U1,R2,U1,L3,L2,L1: exhausted states 363 best 13 0.001s | cpu 35m54s wall 36m15s eta~47m35s best 85
  [1185/2738  43.3%] exit 2 U1,R2,U1,L3,L2,L2: exhausted states 668 best 13 0.001s | cpu 35m54s wall 36m15s eta~47m31s best 85
  [1186/2738  43.3%] exit 2 U1,R2,U2,U1,U1,R1: exhausted states 3 best 6 0.0s | cpu 35m54s wall 36m15s eta~47m27s best 85
  [1187/2738  43.4%] exit 2 U1,R2,U2,U1,U1,R2: exhausted states 2 best 6 0.0s | cpu 35m54s wall 36m15s eta~47m23s best 85
  [1188/2738  43.4%] exit 2 U1,R2,U2,U1,U1,R3: exhausted states 2 best 6 0.0s | cpu 35m54s wall 36m15s eta~47m19s best 85
  [1189/2738  43.4%] exit 2 U1,R2,U2,U1,U1,L1: exhausted states 125,363 best 37 1.221s | cpu 35m55s wall 36m17s eta~47m16s best 85
  [1190/2738  43.5%] exit 2 U1,R2,U2,U1,U1,L2: exhausted states 40,812 best 37 0.454s | cpu 35m55s wall 36m17s eta~47m12s best 85
  [1191/2738  43.5%] exit 2 U1,R2,U2,U1,U1,L3: exhausted states 21,048 best 35 0.22s | cpu 35m56s wall 36m17s eta~47m08s best 85
  [1192/2738  43.5%] exit 2 U1,R2,U2,U1,U3,R1: exhausted states 25 best 9 0.0s | cpu 35m56s wall 36m17s eta~47m04s best 85
  [1193/2738  43.6%] exit 2 U1,R2,U2,U1,U3,R2: exhausted states 24 best 9 0.0s | cpu 35m56s wall 36m17s eta~47m00s best 85
  [1194/2738  43.6%] exit 2 U1,R2,U2,U1,U3,R3: exhausted states 24 best 9 0.0s | cpu 35m56s wall 36m17s eta~46m56s best 85
  [1195/2738  43.6%] exit 2 U1,R2,U2,U1,U3,L1: exhausted states 605,466 best 45 3.125s | cpu 35m59s wall 36m21s eta~46m56s best 85
  [1196/2738  43.7%] exit 2 U1,R2,U2,U1,U3,L2: exhausted states 92,916 best 35 0.562s | cpu 35m59s wall 36m21s eta~46m52s best 85
  [1197/2738  43.7%] exit 2 U1,R2,U2,U1,U3,L3: exhausted states 71,729 best 35 0.464s | cpu 36m00s wall 36m22s eta~46m49s best 85
  [1198/2738  43.8%] exit 2 U1,R2,U2,U1,R1,U1: exhausted states 3 best 6 0.0s | cpu 36m00s wall 36m22s eta~46m45s best 85
  [1199/2738  43.8%] exit 2 U1,R2,U2,U1,R1,U2: exhausted states 2 best 6 0.0s | cpu 36m00s wall 36m22s eta~46m41s best 85
  [1200/2738  43.8%] exit 2 U1,R2,U2,U1,R1,U3: exhausted states 2 best 6 0.0s | cpu 36m00s wall 36m22s eta~46m36s best 85
  [1201/2738  43.9%] exit 2 U1,R2,U2,U1,R2,U1: exhausted states 74,847 best 39 1.297s | cpu 36m01s wall 36m23s eta~46m34s best 85
  [1202/2738  43.9%] exit 2 U1,R2,U2,U1,R2,U2: exhausted states 21,622 best 33 0.048s | cpu 36m01s wall 36m23s eta~46m30s best 85
  [1203/2738  43.9%] exit 2 U1,R2,U2,U1,R2,U3: exhausted states 19,706 best 33 0.044s | cpu 36m01s wall 36m23s eta~46m26s best 85
  [1204/2738  44.0%] exit 2 U1,R2,U2,U1,R3,U1: exhausted states 10,133 best 26 0.024s | cpu 36m01s wall 36m23s eta~46m22s best 85
  [1205/2738  44.0%] exit 2 U1,R2,U2,U1,R3,U2: exhausted states 7,175 best 26 0.014s | cpu 36m01s wall 36m23s eta~46m18s best 85
  [1206/2738  44.0%] exit 2 U1,R2,U2,U1,R3,U3: exhausted states 7,175 best 26 0.015s | cpu 36m01s wall 36m23s eta~46m14s best 85
  [1207/2738  44.1%] exit 2 U1,R2,U2,U1,L1,U1: exhausted states 125,040 best 37 1.41s | cpu 36m03s wall 36m25s eta~46m11s best 85
  [1208/2738  44.1%] exit 2 U1,R2,U2,U1,L1,U2: exhausted states 696 best 12 0.001s | cpu 36m03s wall 36m25s eta~46m07s best 85
  [1209/2738  44.2%] exit 2 U1,R2,U2,U1,L1,U3: exhausted states 4,300 best 21 0.008s | cpu 36m03s wall 36m25s eta~46m03s best 85
  [1210/2738  44.2%] exit 2 U1,R2,U2,U1,L1,L1: exhausted states 460,354 best 37 7.027s | cpu 36m10s wall 36m32s eta~46m08s best 85
  [1211/2738  44.2%] exit 2 U1,R2,U2,U1,L1,L3: exhausted states 32,294 best 31 0.141s | cpu 36m10s wall 36m32s eta~46m04s best 85
  [1212/2738  44.3%] exit 2 U1,R2,U2,U1,L2,U1: exhausted states 36,180 best 37 0.201s | cpu 36m10s wall 36m32s eta~46m00s best 85
  [1213/2738  44.3%] exit 2 U1,R2,U2,U1,L2,U2: exhausted states 2,200 best 18 0.003s | cpu 36m10s wall 36m32s eta~45m56s best 85
  [1214/2738  44.3%] exit 2 U1,R2,U2,U1,L2,U3: exhausted states 4,232 best 21 0.007s | cpu 36m10s wall 36m32s eta~45m52s best 85
  [1215/2738  44.4%] exit 2 U1,R2,U2,U1,L2,L1: exhausted states 94,044 best 37 1.682s | cpu 36m12s wall 36m34s eta~45m50s best 85
  [1216/2738  44.4%] exit 2 U1,R2,U2,U1,L2,L2: exhausted states 131,463 best 35 2.092s | cpu 36m14s wall 36m36s eta~45m49s best 85
  [1217/2738  44.4%] exit 2 U1,R2,U2,U1,L3,U1: exhausted states 3,262 best 29 0.018s | cpu 36m14s wall 36m36s eta~45m45s best 85
  [1218/2738  44.5%] exit 2 U1,R2,U2,U1,L3,U2: exhausted states 980 best 12 0.001s | cpu 36m14s wall 36m36s eta~45m41s best 85
  [1219/2738  44.5%] exit 2 U1,R2,U2,U1,L3,U3: exhausted states 3,802 best 18 0.007s | cpu 36m14s wall 36m36s eta~45m37s best 85
  [1220/2738  44.6%] exit 2 U1,R2,U2,U1,L3,L1: exhausted states 12,829 best 29 0.106s | cpu 36m14s wall 36m36s eta~45m33s best 85
  [1221/2738  44.6%] exit 2 U1,R2,U2,U1,L3,L2: exhausted states 18,752 best 29 0.168s | cpu 36m14s wall 36m36s eta~45m29s best 85
  [1222/2738  44.6%] exit 2 U1,R2,U2,U2,U1,R1: exhausted states 3 best 6 0.0s | cpu 36m14s wall 36m36s eta~45m25s best 85
  [1223/2738  44.7%] exit 2 U1,R2,U2,U2,U1,R2: exhausted states 2 best 6 0.0s | cpu 36m14s wall 36m36s eta~45m21s best 85
  [1224/2738  44.7%] exit 2 U1,R2,U2,U2,U1,R3: exhausted states 2 best 6 0.0s | cpu 36m14s wall 36m37s eta~45m17s best 85
  [1225/2738  44.7%] exit 2 U1,R2,U2,U2,U1,L1: exhausted states 19,538 best 29 0.064s | cpu 36m14s wall 36m37s eta~45m13s best 85
  [1226/2738  44.8%] exit 2 U1,R2,U2,U2,U1,L2: exhausted states 8,925 best 23 0.038s | cpu 36m14s wall 36m37s eta~45m09s best 85
  [1227/2738  44.8%] exit 2 U1,R2,U2,U2,U1,L3: exhausted states 7,157 best 23 0.026s | cpu 36m14s wall 36m37s eta~45m05s best 85
  [1228/2738  44.9%] exit 2 U1,R2,U2,U2,U2,R1: exhausted states 7 best 7 0.0s | cpu 36m14s wall 36m37s eta~45m01s best 85
  [1229/2738  44.9%] exit 2 U1,R2,U2,U2,U2,R2: exhausted states 6 best 7 0.0s | cpu 36m14s wall 36m37s eta~44m57s best 85
  [1230/2738  44.9%] exit 2 U1,R2,U2,U2,U2,R3: exhausted states 6 best 7 0.0s | cpu 36m14s wall 36m37s eta~44m53s best 85
  [1231/2738  45.0%] exit 2 U1,R2,U2,U2,U2,L1: exhausted states 11,928 best 31 0.02s | cpu 36m14s wall 36m37s eta~44m49s best 85
  [1232/2738  45.0%] exit 2 U1,R2,U2,U2,U2,L2: exhausted states 7,500 best 21 0.015s | cpu 36m14s wall 36m37s eta~44m45s best 85
  [1233/2738  45.0%] exit 2 U1,R2,U2,U2,U2,L3: exhausted states 6,900 best 21 0.011s | cpu 36m14s wall 36m37s eta~44m42s best 85
  [1234/2738  45.1%] exit 2 U1,R2,U2,U2,R1,U1: exhausted states 3 best 6 0.0s | cpu 36m14s wall 36m37s eta~44m38s best 85
  [1235/2738  45.1%] exit 2 U1,R2,U2,U2,R1,U2: exhausted states 2 best 6 0.0s | cpu 36m14s wall 36m37s eta~44m34s best 85
  [1236/2738  45.1%] exit 2 U1,R2,U2,U2,R1,U3: exhausted states 2 best 6 0.0s | cpu 36m14s wall 36m37s eta~44m30s best 85
  [1237/2738  45.2%] exit 2 U1,R2,U2,U2,R1,D1: exhausted states 6 best 6 0.0s | cpu 36m14s wall 36m37s eta~44m26s best 85
  [1238/2738  45.2%] exit 2 U1,R2,U2,U2,R1,D2: exhausted states 3 best 6 0.0s | cpu 36m14s wall 36m37s eta~44m22s best 85
  [1239/2738  45.3%] exit 2 U1,R2,U2,U2,R1,D3: exhausted states 3 best 6 0.0s | cpu 36m14s wall 36m37s eta~44m18s best 85
  [1240/2738  45.3%] exit 2 U1,R2,U2,U2,R2,U1: exhausted states 133,462 best 38 0.364s | cpu 36m15s wall 36m37s eta~44m15s best 85
  [1241/2738  45.3%] exit 2 U1,R2,U2,U2,R2,U2: exhausted states 87,153 best 38 0.259s | cpu 36m15s wall 36m38s eta~44m11s best 85
  [1242/2738  45.4%] exit 2 U1,R2,U2,U2,R2,U3: exhausted states 86,983 best 38 0.279s | cpu 36m15s wall 36m38s eta~44m07s best 85
  [1243/2738  45.4%] exit 2 U1,R2,U2,U2,R2,D1: exhausted states 6 best 6 0.0s | cpu 36m15s wall 36m38s eta~44m04s best 85
  [1244/2738  45.4%] exit 2 U1,R2,U2,U2,R2,D2: exhausted states 3 best 6 0.0s | cpu 36m15s wall 36m38s eta~44m00s best 85
  [1245/2738  45.5%] exit 2 U1,R2,U2,U2,R2,D3: exhausted states 3 best 6 0.0s | cpu 36m15s wall 36m38s eta~43m56s best 85
  [1246/2738  45.5%] exit 2 U1,R2,U2,U2,R3,U1: exhausted states 11,089 best 26 0.024s | cpu 36m15s wall 36m38s eta~43m52s best 85
  [1247/2738  45.5%] exit 2 U1,R2,U2,U2,R3,U2: exhausted states 10,478 best 26 0.024s | cpu 36m15s wall 36m38s eta~43m48s best 85
  [1248/2738  45.6%] exit 2 U1,R2,U2,U2,R3,U3: exhausted states 10,398 best 26 0.025s | cpu 36m15s wall 36m38s eta~43m44s best 85
  [1249/2738  45.6%] exit 2 U1,R2,U2,U2,R3,D1: exhausted states 6 best 6 0.0s | cpu 36m15s wall 36m38s eta~43m41s best 85
  [1250/2738  45.7%] exit 2 U1,R2,U2,U2,R3,D2: exhausted states 3 best 6 0.0s | cpu 36m15s wall 36m38s eta~43m37s best 85
  [1251/2738  45.7%] exit 2 U1,R2,U2,U2,R3,D3: exhausted states 3 best 6 0.0s | cpu 36m15s wall 36m38s eta~43m33s best 85
  [1252/2738  45.7%] exit 2 U1,R2,U2,U2,L1,U1: exhausted states 8,634 best 25 0.028s | cpu 36m15s wall 36m38s eta~43m29s best 85
  [1253/2738  45.8%] exit 2 U1,R2,U2,U2,L1,U2: exhausted states 8,994 best 22 0.019s | cpu 36m15s wall 36m38s eta~43m25s best 85
  [1254/2738  45.8%] exit 2 U1,R2,U2,U2,L1,U3: exhausted states 4,132 best 20 0.01s | cpu 36m15s wall 36m38s eta~43m21s best 85
  [1255/2738  45.8%] exit 2 U1,R2,U2,U2,L1,D1: exhausted states 42,372 best 30 0.191s | cpu 36m15s wall 36m38s eta~43m18s best 85
  [1256/2738  45.9%] exit 2 U1,R2,U2,U2,L1,D2: exhausted states 12,940 best 22 0.04s | cpu 36m15s wall 36m38s eta~43m14s best 85
  [1257/2738  45.9%] exit 2 U1,R2,U2,U2,L1,D3: exhausted states 1,550 best 17 0.002s | cpu 36m15s wall 36m39s eta~43m10s best 85
  [1258/2738  45.9%] exit 2 U1,R2,U2,U2,L1,L1: exhausted states 84,567 best 32 0.371s | cpu 36m16s wall 36m39s eta~43m07s best 85
  [1259/2738  46.0%] exit 2 U1,R2,U2,U2,L1,L3: exhausted states 70,209 best 32 0.166s | cpu 36m16s wall 36m39s eta~43m03s best 85
  [1260/2738  46.0%] exit 2 U1,R2,U2,U2,L2,U1: exhausted states 134,968 best 42 0.366s | cpu 36m16s wall 36m39s eta~43m00s best 85
  [1261/2738  46.1%] exit 2 U1,R2,U2,U2,L2,U2: exhausted states 44,191 best 34 0.148s | cpu 36m16s wall 36m40s eta~42m56s best 85
  [1262/2738  46.1%] exit 2 U1,R2,U2,U2,L2,U3: exhausted states 17,580 best 32 0.051s | cpu 36m17s wall 36m40s eta~42m53s best 85
  [1263/2738  46.1%] exit 2 U1,R2,U2,U2,L2,D1: exhausted states 24,696 best 28 0.105s | cpu 36m17s wall 36m40s eta~42m49s best 85
  [1264/2738  46.2%] exit 2 U1,R2,U2,U2,L2,D2: exhausted states 53,319 best 38 0.123s | cpu 36m17s wall 36m40s eta~42m46s best 85
  [1265/2738  46.2%] exit 2 U1,R2,U2,U2,L2,D3: exhausted states 1,550 best 17 0.002s | cpu 36m17s wall 36m40s eta~42m42s best 85
  [1266/2738  46.2%] exit 2 U1,R2,U2,U2,L2,L1: exhausted states 50,680 best 28 0.214s | cpu 36m17s wall 36m40s eta~42m38s best 85
  [1267/2738  46.3%] exit 2 U1,R2,U2,U2,L2,L2: exhausted states 25,912 best 23 0.139s | cpu 36m17s wall 36m40s eta~42m35s best 85
  [1268/2738  46.3%] exit 2 U1,R2,U2,U2,L3,U1: exhausted states 1,986 best 20 0.005s | cpu 36m17s wall 36m40s eta~42m31s best 85
  [1269/2738  46.3%] exit 2 U1,R2,U2,U2,L3,U2: exhausted states 11,959 best 22 0.027s | cpu 36m17s wall 36m40s eta~42m27s best 85
  [1270/2738  46.4%] exit 2 U1,R2,U2,U2,L3,U3: exhausted states 3,572 best 18 0.007s | cpu 36m17s wall 36m40s eta~42m24s best 85
  [1271/2738  46.4%] exit 2 U1,R2,U2,U2,L3,D1: exhausted states 4,574 best 22 0.018s | cpu 36m17s wall 36m41s eta~42m20s best 85
  [1272/2738  46.5%] exit 2 U1,R2,U2,U2,L3,D2: exhausted states 12,519 best 22 0.026s | cpu 36m17s wall 36m41s eta~42m16s best 85
  [1273/2738  46.5%] exit 2 U1,R2,U2,U2,L3,D3: exhausted states 1,550 best 17 0.003s | cpu 36m17s wall 36m41s eta~42m13s best 85
  [1274/2738  46.5%] exit 2 U1,R2,U2,U2,L3,L1: exhausted states 9,816 best 22 0.036s | cpu 36m17s wall 36m41s eta~42m09s best 85
  [1275/2738  46.6%] exit 2 U1,R2,U2,U2,L3,L2: exhausted states 6,824 best 20 0.024s | cpu 36m17s wall 36m41s eta~42m05s best 85
  [1276/2738  46.6%] exit 2 U1,R2,U2,R1,U1,U1: exhausted states 33,791 best 33 0.063s | cpu 36m17s wall 36m41s eta~42m02s best 85
  [1277/2738  46.6%] exit 2 U1,R2,U2,R1,U1,U3: exhausted states 27,252 best 33 0.056s | cpu 36m17s wall 36m41s eta~41m58s best 85
  [1278/2738  46.7%] exit 2 U1,R2,U2,R1,U2,U1: exhausted states 115,972 best 41 1.73s | cpu 36m19s wall 36m43s eta~41m56s best 85
  [1279/2738  46.7%] exit 2 U1,R2,U2,R1,U2,U2: exhausted states 27,828 best 33 0.06s | cpu 36m19s wall 36m43s eta~41m53s best 85
  [1280/2738  46.7%] exit 2 U1,R2,U2,R1,U3,U1: exhausted states 49,166 best 33 0.327s | cpu 36m19s wall 36m43s eta~41m49s best 85
  [1281/2738  46.8%] exit 2 U1,R2,U2,R1,U3,U2: exhausted states 27,444 best 33 0.057s | cpu 36m20s wall 36m43s eta~41m46s best 85
  [1282/2738  46.8%] exit 2 U1,R2,U2,R2,U1,U1: exhausted states 111,796 best 38 0.401s | cpu 36m20s wall 36m43s eta~41m43s best 85
  [1283/2738  46.9%] exit 2 U1,R2,U2,R2,U1,U3: exhausted states 553,318 best 55 5.16s | cpu 36m25s wall 36m49s eta~41m45s best 85
  [1284/2738  46.9%] exit 2 U1,R2,U2,R2,U1,L1: exhausted states 210,715 best 38 0.96s | cpu 36m26s wall 36m50s eta~41m42s best 85
  [1285/2738  46.9%] exit 2 U1,R2,U2,R2,U2,U1: exhausted states 136,870 best 38 0.49s | cpu 36m27s wall 36m50s eta~41m39s best 85
  [1286/2738  47.0%] exit 2 U1,R2,U2,R2,U2,U2: exhausted states 173,950 best 44 0.943s | cpu 36m28s wall 36m51s eta~41m37s best 85
  [1287/2738  47.0%] exit 2 U1,R2,U2,R2,U2,L1: exhausted states 194,704 best 38 0.957s | cpu 36m28s wall 36m52s eta~41m34s best 85
  [1288/2738  47.0%] exit 2 U1,R2,U2,R2,U3,U1: exhausted states 136,870 best 38 0.525s | cpu 36m29s wall 36m53s eta~41m31s best 85
  [1289/2738  47.1%] exit 2 U1,R2,U2,R2,U3,U2: exhausted states 161,348 best 44 0.87s | cpu 36m30s wall 36m54s eta~41m28s best 85
  [1290/2738  47.1%] exit 2 U1,R2,U2,R2,U3,L1: exhausted states 193,704 best 38 1.059s | cpu 36m31s wall 36m55s eta~41m26s best 85
  [1291/2738  47.2%] exit 2 U1,R2,U2,R3,U1,U1: exhausted states 16,935 best 33 0.03s | cpu 36m31s wall 36m55s eta~41m22s best 85
  [1292/2738  47.2%] exit 2 U1,R2,U2,R3,U1,U3: exhausted states 114,732 best 46 0.56s | cpu 36m32s wall 36m55s eta~41m19s best 85
  [1293/2738  47.2%] exit 2 U1,R2,U2,R3,U1,L1: exhausted states 62,700 best 33 0.143s | cpu 36m32s wall 36m55s eta~41m16s best 85
  [1294/2738  47.3%] exit 2 U1,R2,U2,R3,U2,U1: exhausted states 16,935 best 33 0.034s | cpu 36m32s wall 36m55s eta~41m12s best 85
  [1295/2738  47.3%] exit 2 U1,R2,U2,R3,U2,U2: exhausted states 41,675 best 46 0.119s | cpu 36m32s wall 36m56s eta~41m09s best 85
  [1296/2738  47.3%] exit 2 U1,R2,U2,R3,U2,L1: exhausted states 62,236 best 33 0.172s | cpu 36m32s wall 36m56s eta~41m05s best 85
  [1297/2738  47.4%] exit 2 U1,R2,U2,R3,U3,U1: exhausted states 16,935 best 33 0.033s | cpu 36m32s wall 36m56s eta~41m02s best 85
  [1298/2738  47.4%] exit 2 U1,R2,U2,R3,U3,U2: exhausted states 41,675 best 46 0.122s | cpu 36m32s wall 36m56s eta~40m58s best 85
  [1299/2738  47.4%] exit 2 U1,R2,U2,R3,U3,L1: exhausted states 62,236 best 33 0.173s | cpu 36m32s wall 36m56s eta~40m55s best 85
  [1300/2738  47.5%] exit 2 U1,R2,U2,L1,U1,U1: exhausted states 444 best 12 0.001s | cpu 36m32s wall 36m56s eta~40m52s best 85
  [1301/2738  47.5%] exit 2 U1,R2,U2,L1,U1,U3: exhausted states 5,333 best 21 0.01s | cpu 36m32s wall 36m56s eta~40m48s best 85
  [1302/2738  47.6%] exit 2 U1,R2,U2,L1,U1,L1: exhausted states 574 best 13 0.001s | cpu 36m32s wall 36m56s eta~40m44s best 85
  [1303/2738  47.6%] exit 2 U1,R2,U2,L1,U1,L2: exhausted states 397 best 12 0.001s | cpu 36m32s wall 36m56s eta~40m41s best 85
  [1304/2738  47.6%] exit 2 U1,R2,U2,L1,U1,L3: exhausted states 631 best 12 0.001s | cpu 36m32s wall 36m56s eta~40m37s best 85
  [1305/2738  47.7%] exit 2 U1,R2,U2,L1,U2,U1: exhausted states 144 best 10 0.0s | cpu 36m32s wall 36m56s eta~40m34s best 85
  [1306/2738  47.7%] exit 2 U1,R2,U2,L1,U2,U2: exhausted states 257 best 10 0.0s | cpu 36m32s wall 36m56s eta~40m30s best 85
  [1307/2738  47.7%] exit 2 U1,R2,U2,L1,U2,L1: exhausted states 289 best 13 0.0s | cpu 36m32s wall 36m56s eta~40m27s best 85
  [1308/2738  47.8%] exit 2 U1,R2,U2,L1,U2,L2: exhausted states 104 best 9 0.0s | cpu 36m32s wall 36m56s eta~40m23s best 85
  [1309/2738  47.8%] exit 2 U1,R2,U2,L1,U2,L3: exhausted states 260 best 11 0.001s | cpu 36m32s wall 36m56s eta~40m20s best 85
  [1310/2738  47.8%] exit 2 U1,R2,U2,L1,L1,U1: exhausted states 604 best 13 0.001s | cpu 36m32s wall 36m56s eta~40m16s best 85
  [1311/2738  47.9%] exit 2 U1,R2,U2,L1,L1,U3: exhausted states 601 best 13 0.001s | cpu 36m32s wall 36m56s eta~40m13s best 85
  [1312/2738  47.9%] exit 2 U1,R2,U2,L1,L1,D1: exhausted states 684,222 best 42 4.575s | cpu 36m37s wall 37m01s eta~40m14s best 85
  [1313/2738  48.0%] exit 2 U1,R2,U2,L1,L1,D2: exhausted states 3,974 best 15 0.006s | cpu 36m37s wall 37m01s eta~40m11s best 85
  [1314/2738  48.0%] exit 2 U1,R2,U2,L1,L1,D3: exhausted states 1,826 best 15 0.003s | cpu 36m37s wall 37m01s eta~40m07s best 85
  [1315/2738  48.0%] exit 2 U1,R2,U2,L1,L1,L1: exhausted states 477 best 13 0.001s | cpu 36m37s wall 37m01s eta~40m04s best 85
  [1316/2738  48.1%] exit 2 U1,R2,U2,L1,L1,L3: exhausted states 2,182 best 17 0.004s | cpu 36m37s wall 37m01s eta~40m00s best 85
  [1317/2738  48.1%] exit 2 U1,R2,U2,L1,L3,U1: exhausted states 89,046 best 35 0.431s | cpu 36m37s wall 37m02s eta~39m57s best 85
  [1318/2738  48.1%] exit 2 U1,R2,U2,L1,L3,U3: exhausted states 19,615 best 22 0.036s | cpu 36m37s wall 37m02s eta~39m54s best 85
  [1319/2738  48.2%] exit 2 U1,R2,U2,L1,L3,D1: exhausted states 192,217 best 35 0.927s | cpu 36m38s wall 37m03s eta~39m51s best 85
  [1320/2738  48.2%] exit 2 U1,R2,U2,L1,L3,D2: exhausted states 192,843 best 31 0.549s | cpu 36m39s wall 37m03s eta~39m48s best 85
  [1321/2738  48.2%] exit 2 U1,R2,U2,L1,L3,D3: exhausted states 27,554 best 19 0.051s | cpu 36m39s wall 37m03s eta~39m45s best 85
  [1322/2738  48.3%] exit 2 U1,R2,U2,L1,L3,L1: exhausted states 9,168 best 20 0.012s | cpu 36m39s wall 37m03s eta~39m41s best 85
  [1323/2738  48.3%] exit 2 U1,R2,U2,L1,L3,L2: exhausted states 172,316 best 33 0.729s | cpu 36m40s wall 37m04s eta~39m39s best 85
  [1324/2738  48.4%] exit 2 U1,R2,U2,L2,U1,U1: exhausted states 228,754 best 44 0.752s | cpu 36m40s wall 37m05s eta~39m36s best 85
  [1325/2738  48.4%] exit 2 U1,R2,U2,L2,U1,U3: exhausted states 93,187 best 39 0.301s | cpu 36m41s wall 37m05s eta~39m33s best 85
  [1326/2738  48.4%] exit 2 U1,R2,U2,L2,U1,R1: exhausted states 273,988 best 42 1.062s | cpu 36m42s wall 37m06s eta~39m31s best 85
  [1327/2738  48.5%] exit 2 U1,R2,U2,L2,U1,R2: exhausted states 281,537 best 42 1.398s | cpu 36m43s wall 37m08s eta~39m29s best 85
  [1328/2738  48.5%] exit 2 U1,R2,U2,L2,U1,R3: exhausted states 25,751 best 34 0.065s | cpu 36m43s wall 37m08s eta~39m25s best 85
  [1329/2738  48.5%] exit 2 U1,R2,U2,L2,U1,L1: exhausted states 1,986 best 20 0.002s | cpu 36m43s wall 37m08s eta~39m22s best 85
  [1330/2738  48.6%] exit 2 U1,R2,U2,L2,U1,L2: exhausted states 35,767 best 32 0.16s | cpu 36m43s wall 37m08s eta~39m18s best 85
  [1331/2738  48.6%] exit 2 U1,R2,U2,L2,U1,L3: exhausted states 1,495 best 15 0.002s | cpu 36m43s wall 37m08s eta~39m15s best 85
  [1332/2738  48.6%] exit 2 U1,R2,U2,L2,U2,U1: exhausted states 1,940 best 21 0.005s | cpu 36m43s wall 37m08s eta~39m12s best 85
  [1333/2738  48.7%] exit 2 U1,R2,U2,L2,U2,U2: exhausted states 1,246 best 18 0.002s | cpu 36m43s wall 37m08s eta~39m08s best 85
  [1334/2738  48.7%] exit 2 U1,R2,U2,L2,U2,R1: exhausted states 6,454 best 22 0.019s | cpu 36m43s wall 37m08s eta~39m05s best 85
  [1335/2738  48.8%] exit 2 U1,R2,U2,L2,U2,R2: exhausted states 5,883 best 19 0.019s | cpu 36m43s wall 37m08s eta~39m01s best 85
  [1336/2738  48.8%] exit 2 U1,R2,U2,L2,U2,R3: exhausted states 1,759 best 18 0.005s | cpu 36m43s wall 37m08s eta~38m58s best 85
  [1337/2738  48.8%] exit 2 U1,R2,U2,L2,U2,L1: exhausted states 1,701 best 20 0.003s | cpu 36m43s wall 37m08s eta~38m55s best 85
  [1338/2738  48.9%] exit 2 U1,R2,U2,L2,U2,L2: exhausted states 4,096 best 20 0.014s | cpu 36m43s wall 37m08s eta~38m51s best 85
  [1339/2738  48.9%] exit 2 U1,R2,U2,L2,U2,L3: exhausted states 836 best 15 0.002s | cpu 36m43s wall 37m08s eta~38m48s best 85
  [1340/2738  48.9%] exit 2 U1,R2,U2,L2,L1,U1: exhausted states 65,508 best 38 0.157s | cpu 36m44s wall 37m08s eta~38m45s best 85
  [1341/2738  49.0%] exit 2 U1,R2,U2,L2,L1,U3: exhausted states 10,981 best 24 0.028s | cpu 36m44s wall 37m08s eta~38m41s best 85
  [1342/2738  49.0%] exit 2 U1,R2,U2,L2,L1,D1: exhausted states 379,399 best 34 2.421s | cpu 36m46s wall 37m11s eta~38m41s best 85
  [1343/2738  49.1%] exit 2 U1,R2,U2,L2,L1,D2: exhausted states 51,934 best 26 0.1s | cpu 36m46s wall 37m11s eta~38m37s best 85
  [1344/2738  49.1%] exit 2 U1,R2,U2,L2,L1,D3: exhausted states 20,690 best 26 0.034s | cpu 36m46s wall 37m11s eta~38m34s best 85
  [1345/2738  49.1%] exit 2 U1,R2,U2,L2,L1,L1: exhausted states 16,137 best 26 0.03s | cpu 36m46s wall 37m11s eta~38m31s best 85
  [1346/2738  49.2%] exit 2 U1,R2,U2,L2,L1,L3: exhausted states 68,846 best 25 0.191s | cpu 36m46s wall 37m11s eta~38m27s best 85
  [1347/2738  49.2%] exit 2 U1,R2,U2,L2,L2,U1: exhausted states 941 best 16 0.001s | cpu 36m46s wall 37m11s eta~38m24s best 85
  [1348/2738  49.2%] exit 2 U1,R2,U2,L2,L2,U3: exhausted states 1,528 best 18 0.002s | cpu 36m46s wall 37m11s eta~38m21s best 85
  [1349/2738  49.3%] exit 2 U1,R2,U2,L2,L2,D1: exhausted states 525,711 best 52 5.829s | cpu 36m52s wall 37m17s eta~38m23s best 85
  [1350/2738  49.3%] exit 2 U1,R2,U2,L2,L2,D2: exhausted states 11,882 best 26 0.026s | cpu 36m52s wall 37m17s eta~38m20s best 85
  [1351/2738  49.3%] exit 2 U1,R2,U2,L2,L2,D3: exhausted states 1,058 best 14 0.002s | cpu 36m52s wall 37m17s eta~38m17s best 85
  [1352/2738  49.4%] exit 2 U1,R2,U2,L2,L2,L1: exhausted states 339 best 12 0.001s | cpu 36m52s wall 37m17s eta~38m13s best 85
  [1353/2738  49.4%] exit 2 U1,R2,U2,L2,L2,L2: exhausted states 608 best 12 0.001s | cpu 36m52s wall 37m17s eta~38m10s best 85
  [1354/2738  49.5%] exit 2 U1,R2,U2,L3,U1,U1: exhausted states 420 best 12 0.001s | cpu 36m52s wall 37m17s eta~38m07s best 85
  [1355/2738  49.5%] exit 2 U1,R2,U2,L3,U1,U3: exhausted states 14,494 best 29 0.03s | cpu 36m52s wall 37m17s eta~38m03s best 85
  [1356/2738  49.5%] exit 2 U1,R2,U2,L3,U1,R1: exhausted states 950 best 16 0.001s | cpu 36m52s wall 37m17s eta~38m00s best 85
  [1357/2738  49.6%] exit 2 U1,R2,U2,L3,U1,R2: exhausted states 3,135 best 16 0.004s | cpu 36m52s wall 37m17s eta~37m57s best 85
  [1358/2738  49.6%] exit 2 U1,R2,U2,L3,U1,R3: exhausted states 1,593 best 14 0.002s | cpu 36m52s wall 37m17s eta~37m54s best 85
  [1359/2738  49.6%] exit 2 U1,R2,U2,L3,U1,L1: exhausted states 502 best 14 0.001s | cpu 36m52s wall 37m17s eta~37m50s best 85
  [1360/2738  49.7%] exit 2 U1,R2,U2,L3,U1,L2: exhausted states 2,365 best 18 0.003s | cpu 36m52s wall 37m17s eta~37m47s best 85
  [1361/2738  49.7%] exit 2 U1,R2,U2,L3,U1,L3: exhausted states 487 best 12 0.001s | cpu 36m52s wall 37m17s eta~37m44s best 85
  [1362/2738  49.7%] exit 2 U1,R2,U2,L3,U2,U1: exhausted states 120 best 10 0.0s | cpu 36m52s wall 37m17s eta~37m40s best 85
  [1363/2738  49.8%] exit 2 U1,R2,U2,L3,U2,U2: exhausted states 248 best 10 0.0s | cpu 36m52s wall 37m17s eta~37m37s best 85
  [1364/2738  49.8%] exit 2 U1,R2,U2,L3,U2,R1: exhausted states 250 best 14 0.0s | cpu 36m52s wall 37m17s eta~37m34s best 85
  [1365/2738  49.9%] exit 2 U1,R2,U2,L3,U2,R2: exhausted states 1,035 best 16 0.002s | cpu 36m52s wall 37m17s eta~37m30s best 85
  [1366/2738  49.9%] exit 2 U1,R2,U2,L3,U2,R3: exhausted states 393 best 12 0.001s | cpu 36m52s wall 37m17s eta~37m27s best 85
  [1367/2738  49.9%] exit 2 U1,R2,U2,L3,U2,L1: exhausted states 217 best 14 0.0s | cpu 36m52s wall 37m17s eta~37m24s best 85
  [1368/2738  50.0%] exit 2 U1,R2,U2,L3,U2,L2: exhausted states 800 best 16 0.001s | cpu 36m52s wall 37m17s eta~37m21s best 85
  [1369/2738  50.0%] exit 2 U1,R2,U2,L3,U2,L3: exhausted states 164 best 11 0.0s | cpu 36m52s wall 37m17s eta~37m17s best 85
  [1370/2738  50.0%] exit 2 U1,R2,U2,L3,L1,U1: exhausted states 568 best 14 0.001s | cpu 36m52s wall 37m17s eta~37m14s best 85
  [1371/2738  50.1%] exit 2 U1,R2,U2,L3,L1,U3: exhausted states 565 best 14 0.001s | cpu 36m52s wall 37m17s eta~37m11s best 85
  [1372/2738  50.1%] exit 2 U1,R2,U2,L3,L1,D1: exhausted states 40,351 best 27 0.16s | cpu 36m52s wall 37m18s eta~37m08s best 85
  [1373/2738  50.1%] exit 2 U1,R2,U2,L3,L1,D2: exhausted states 4,478 best 16 0.007s | cpu 36m52s wall 37m18s eta~37m05s best 85
  [1374/2738  50.2%] exit 2 U1,R2,U2,L3,L1,D3: exhausted states 2,066 best 16 0.003s | cpu 36m52s wall 37m18s eta~37m01s best 85
  [1375/2738  50.2%] exit 2 U1,R2,U2,L3,L1,L1: exhausted states 561 best 14 0.001s | cpu 36m52s wall 37m18s eta~36m58s best 85
  [1376/2738  50.3%] exit 2 U1,R2,U2,L3,L1,L3: exhausted states 5,311 best 21 0.009s | cpu 36m53s wall 37m18s eta~36m55s best 85
  [1377/2738  50.3%] exit 2 U1,R2,U2,L3,L2,U1: exhausted states 1,011 best 17 0.001s | cpu 36m53s wall 37m18s eta~36m52s best 85
  [1378/2738  50.3%] exit 2 U1,R2,U2,L3,L2,U3: exhausted states 1,610 best 18 0.002s | cpu 36m53s wall 37m18s eta~36m49s best 85
  [1379/2738  50.4%] exit 2 U1,R2,U2,L3,L2,D1: exhausted states 41,122 best 31 0.155s | cpu 36m53s wall 37m18s eta~36m45s best 85
  [1380/2738  50.4%] exit 2 U1,R2,U2,L3,L2,D2: exhausted states 12,778 best 27 0.029s | cpu 36m53s wall 37m18s eta~36m42s best 85
  [1381/2738  50.4%] exit 2 U1,R2,U2,L3,L2,D3: exhausted states 1,154 best 15 0.002s | cpu 36m53s wall 37m18s eta~36m39s best 85
  [1382/2738  50.5%] exit 2 U1,R2,U2,L3,L2,L1: exhausted states 363 best 13 0.001s | cpu 36m53s wall 37m18s eta~36m36s best 85
  [1383/2738  50.5%] exit 2 U1,R2,U2,L3,L2,L2: exhausted states 668 best 13 0.001s | cpu 36m53s wall 37m18s eta~36m33s best 85
  [1384/2738  50.5%] exit 2 U1,R2,U3,U1,U1,R1: exhausted states 3 best 6 0.0s | cpu 36m53s wall 37m18s eta~36m30s best 85
  [1385/2738  50.6%] exit 2 U1,R2,U3,U1,U1,R2: exhausted states 2 best 6 0.0s | cpu 36m53s wall 37m18s eta~36m26s best 85
  [1386/2738  50.6%] exit 2 U1,R2,U3,U1,U1,R3: exhausted states 2 best 6 0.0s | cpu 36m53s wall 37m18s eta~36m23s best 85
  [1387/2738  50.7%] exit 2 U1,R2,U3,U1,U1,L1: exhausted states 3,702 best 22 0.005s | cpu 36m53s wall 37m18s eta~36m20s best 85
  [1388/2738  50.7%] exit 2 U1,R2,U3,U1,U1,L2: exhausted states 2,827 best 20 0.004s | cpu 36m53s wall 37m18s eta~36m17s best 85
  [1389/2738  50.7%] exit 2 U1,R2,U3,U1,U1,L3: exhausted states 2,827 best 20 0.005s | cpu 36m53s wall 37m18s eta~36m14s best 85
  [1390/2738  50.8%] exit 2 U1,R2,U3,U1,U3,R1: exhausted states 25 best 10 0.0s | cpu 36m53s wall 37m18s eta~36m11s best 85
  [1391/2738  50.8%] exit 2 U1,R2,U3,U1,U3,R2: exhausted states 24 best 10 0.0s | cpu 36m53s wall 37m18s eta~36m07s best 85
  [1392/2738  50.8%] exit 2 U1,R2,U3,U1,U3,R3: exhausted states 24 best 10 0.0s | cpu 36m53s wall 37m18s eta~36m04s best 85
  [1393/2738  50.9%] exit 2 U1,R2,U3,U1,U3,L1: exhausted states 499,731 best 46 3.241s | cpu 36m56s wall 37m21s eta~36m04s best 85
  [1394/2738  50.9%] exit 2 U1,R2,U3,U1,U3,L2: exhausted states 71,425 best 36 0.526s | cpu 36m56s wall 37m22s eta~36m02s best 85
  [1395/2738  50.9%] exit 2 U1,R2,U3,U1,U3,L3: exhausted states 55,068 best 36 0.379s | cpu 36m57s wall 37m22s eta~35m59s best 85
  [1396/2738  51.0%] exit 2 U1,R2,U3,U1,R1,U1: exhausted states 3 best 6 0.0s | cpu 36m57s wall 37m22s eta~35m56s best 85
  [1397/2738  51.0%] exit 2 U1,R2,U3,U1,R1,U2: exhausted states 2 best 6 0.0s | cpu 36m57s wall 37m22s eta~35m53s best 85
  [1398/2738  51.1%] exit 2 U1,R2,U3,U1,R1,U3: exhausted states 2 best 6 0.0s | cpu 36m57s wall 37m22s eta~35m49s best 85
  [1399/2738  51.1%] exit 2 U1,R2,U3,U1,R2,U1: exhausted states 16,228 best 33 0.025s | cpu 36m57s wall 37m22s eta~35m46s best 85
  [1400/2738  51.1%] exit 2 U1,R2,U3,U1,R2,U2: exhausted states 16,217 best 33 0.025s | cpu 36m57s wall 37m23s eta~35m43s best 85
  [1401/2738  51.2%] exit 2 U1,R2,U3,U1,R2,U3: exhausted states 15,027 best 33 0.026s | cpu 36m57s wall 37m23s eta~35m40s best 85
  [1402/2738  51.2%] exit 2 U1,R2,U3,U1,R3,U1: exhausted states 5,511 best 26 0.011s | cpu 36m57s wall 37m23s eta~35m37s best 85
  [1403/2738  51.2%] exit 2 U1,R2,U3,U1,R3,U2: exhausted states 5,222 best 26 0.009s | cpu 36m57s wall 37m23s eta~35m34s best 85
  [1404/2738  51.3%] exit 2 U1,R2,U3,U1,R3,U3: exhausted states 5,222 best 26 0.01s | cpu 36m57s wall 37m23s eta~35m31s best 85
  [1405/2738  51.3%] exit 2 U1,R2,U3,U1,L1,U1: exhausted states 706 best 13 0.001s | cpu 36m57s wall 37m23s eta~35m28s best 85
  [1406/2738  51.4%] exit 2 U1,R2,U3,U1,L1,U2: exhausted states 696 best 12 0.001s | cpu 36m57s wall 37m23s eta~35m25s best 85
  [1407/2738  51.4%] exit 2 U1,R2,U3,U1,L1,U3: exhausted states 2,894 best 18 0.007s | cpu 36m57s wall 37m23s eta~35m22s best 85
  [1408/2738  51.4%] exit 2 U1,R2,U3,U1,L1,L1: exhausted states 2,344 best 17 0.003s | cpu 36m57s wall 37m23s eta~35m18s best 85
  [1409/2738  51.5%] exit 2 U1,R2,U3,U1,L1,L3: exhausted states 17,301 best 31 0.03s | cpu 36m57s wall 37m23s eta~35m15s best 85
  [1410/2738  51.5%] exit 2 U1,R2,U3,U1,L2,U1: exhausted states 17,965 best 37 0.034s | cpu 36m57s wall 37m23s eta~35m12s best 85
  [1411/2738  51.5%] exit 2 U1,R2,U3,U1,L2,U2: exhausted states 2,200 best 18 0.003s | cpu 36m57s wall 37m23s eta~35m09s best 85
  [1412/2738  51.6%] exit 2 U1,R2,U3,U1,L2,U3: exhausted states 2,932 best 18 0.004s | cpu 36m57s wall 37m23s eta~35m06s best 85
  [1413/2738  51.6%] exit 2 U1,R2,U3,U1,L2,L1: exhausted states 6,716 best 24 0.013s | cpu 36m57s wall 37m23s eta~35m03s best 85
  [1414/2738  51.6%] exit 2 U1,R2,U3,U1,L2,L2: exhausted states 2,075 best 17 0.003s | cpu 36m57s wall 37m23s eta~35m00s best 85
  [1415/2738  51.7%] exit 2 U1,R2,U3,U1,L3,U1: exhausted states 714 best 13 0.001s | cpu 36m57s wall 37m23s eta~34m57s best 85
  [1416/2738  51.7%] exit 2 U1,R2,U3,U1,L3,U2: exhausted states 980 best 12 0.001s | cpu 36m57s wall 37m23s eta~34m54s best 85
  [1417/2738  51.8%] exit 2 U1,R2,U3,U1,L3,U3: exhausted states 2,902 best 18 0.004s | cpu 36m57s wall 37m23s eta~34m51s best 85
  [1418/2738  51.8%] exit 2 U1,R2,U3,U1,L3,L1: exhausted states 2,956 best 18 0.006s | cpu 36m57s wall 37m23s eta~34m48s best 85
  [1419/2738  51.8%] exit 2 U1,R2,U3,U1,L3,L2: exhausted states 2,075 best 17 0.003s | cpu 36m57s wall 37m23s eta~34m45s best 85
  [1420/2738  51.9%] exit 2 U1,R2,U3,U2,U1,R1: exhausted states 3 best 6 0.0s | cpu 36m57s wall 37m23s eta~34m42s best 85
  [1421/2738  51.9%] exit 2 U1,R2,U3,U2,U1,R2: exhausted states 2 best 6 0.0s | cpu 36m57s wall 37m23s eta~34m39s best 85
  [1422/2738  51.9%] exit 2 U1,R2,U3,U2,U1,R3: exhausted states 2 best 6 0.0s | cpu 36m57s wall 37m23s eta~34m36s best 85
  [1423/2738  52.0%] exit 2 U1,R2,U3,U2,U1,L1: exhausted states 3,432 best 22 0.004s | cpu 36m57s wall 37m23s eta~34m33s best 85
  [1424/2738  52.0%] exit 2 U1,R2,U3,U2,U1,L2: exhausted states 2,623 best 20 0.003s | cpu 36m57s wall 37m23s eta~34m30s best 85
  [1425/2738  52.0%] exit 2 U1,R2,U3,U2,U1,L3: exhausted states 2,623 best 20 0.005s | cpu 36m57s wall 37m23s eta~34m27s best 85
  [1426/2738  52.1%] exit 2 U1,R2,U3,U2,U2,R1: exhausted states 7 best 7 0.0s | cpu 36m57s wall 37m23s eta~34m24s best 85
  [1427/2738  52.1%] exit 2 U1,R2,U3,U2,U2,R2: exhausted states 6 best 7 0.0s | cpu 36m57s wall 37m23s eta~34m21s best 85
  [1428/2738  52.2%] exit 2 U1,R2,U3,U2,U2,R3: exhausted states 6 best 7 0.0s | cpu 36m57s wall 37m23s eta~34m18s best 85
  [1429/2738  52.2%] exit 2 U1,R2,U3,U2,U2,L1: exhausted states 6,534 best 31 0.01s | cpu 36m57s wall 37m23s eta~34m15s best 85
  [1430/2738  52.2%] exit 2 U1,R2,U3,U2,U2,L2: exhausted states 4,082 best 20 0.005s | cpu 36m57s wall 37m23s eta~34m12s best 85
  [1431/2738  52.3%] exit 2 U1,R2,U3,U2,U2,L3: exhausted states 4,082 best 20 0.005s | cpu 36m57s wall 37m23s eta~34m09s best 85
  [1432/2738  52.3%] exit 2 U1,R2,U3,U2,R1,U1: exhausted states 3 best 6 0.0s | cpu 36m57s wall 37m23s eta~34m06s best 85
  [1433/2738  52.3%] exit 2 U1,R2,U3,U2,R1,U2: exhausted states 2 best 6 0.0s | cpu 36m57s wall 37m23s eta~34m03s best 85
  [1434/2738  52.4%] exit 2 U1,R2,U3,U2,R1,U3: exhausted states 2 best 6 0.0s | cpu 36m57s wall 37m23s eta~34m00s best 85
  [1435/2738  52.4%] exit 2 U1,R2,U3,U2,R1,D1: exhausted states 6 best 6 0.0s | cpu 36m57s wall 37m23s eta~33m57s best 85
  [1436/2738  52.4%] exit 2 U1,R2,U3,U2,R1,D2: exhausted states 3 best 6 0.0s | cpu 36m57s wall 37m23s eta~33m54s best 85
  [1437/2738  52.5%] exit 2 U1,R2,U3,U2,R1,D3: exhausted states 3 best 6 0.0s | cpu 36m57s wall 37m23s eta~33m51s best 85
  [1438/2738  52.5%] exit 2 U1,R2,U3,U2,R2,U1: exhausted states 85,394 best 38 0.181s | cpu 36m57s wall 37m24s eta~33m48s best 85
  [1439/2738  52.6%] exit 2 U1,R2,U3,U2,R2,U2: exhausted states 56,802 best 38 0.126s | cpu 36m57s wall 37m24s eta~33m45s best 85
  [1440/2738  52.6%] exit 2 U1,R2,U3,U2,R2,U3: exhausted states 56,802 best 38 0.148s | cpu 36m58s wall 37m24s eta~33m43s best 85
  [1441/2738  52.6%] exit 2 U1,R2,U3,U2,R2,D1: exhausted states 6 best 6 0.0s | cpu 36m58s wall 37m24s eta~33m40s best 85
  [1442/2738  52.7%] exit 2 U1,R2,U3,U2,R2,D2: exhausted states 3 best 6 0.0s | cpu 36m58s wall 37m24s eta~33m37s best 85
  [1443/2738  52.7%] exit 2 U1,R2,U3,U2,R2,D3: exhausted states 3 best 6 0.0s | cpu 36m58s wall 37m24s eta~33m34s best 85
  [1444/2738  52.7%] exit 2 U1,R2,U3,U2,R3,U1: exhausted states 5,659 best 26 0.012s | cpu 36m58s wall 37m24s eta~33m31s best 85
  [1445/2738  52.8%] exit 2 U1,R2,U3,U2,R3,U2: exhausted states 5,658 best 26 0.009s | cpu 36m58s wall 37m24s eta~33m28s best 85
  [1446/2738  52.8%] exit 2 U1,R2,U3,U2,R3,U3: exhausted states 5,658 best 26 0.009s | cpu 36m58s wall 37m24s eta~33m25s best 85
  [1447/2738  52.8%] exit 2 U1,R2,U3,U2,R3,D1: exhausted states 6 best 6 0.0s | cpu 36m58s wall 37m24s eta~33m22s best 85
  [1448/2738  52.9%] exit 2 U1,R2,U3,U2,R3,D2: exhausted states 3 best 6 0.0s | cpu 36m58s wall 37m24s eta~33m19s best 85
  [1449/2738  52.9%] exit 2 U1,R2,U3,U2,R3,D3: exhausted states 3 best 6 0.0s | cpu 36m58s wall 37m24s eta~33m16s best 85
  [1450/2738  53.0%] exit 2 U1,R2,U3,U2,L1,U1: exhausted states 706 best 13 0.001s | cpu 36m58s wall 37m24s eta~33m13s best 85
  [1451/2738  53.0%] exit 2 U1,R2,U3,U2,L1,U2: exhausted states 5,704 best 22 0.011s | cpu 36m58s wall 37m24s eta~33m10s best 85
  [1452/2738  53.0%] exit 2 U1,R2,U3,U2,L1,U3: exhausted states 2,422 best 18 0.004s | cpu 36m58s wall 37m24s eta~33m08s best 85
  [1453/2738  53.1%] exit 2 U1,R2,U3,U2,L1,D1: exhausted states 563 best 13 0.001s | cpu 36m58s wall 37m24s eta~33m05s best 85
  [1454/2738  53.1%] exit 2 U1,R2,U3,U2,L1,D2: exhausted states 5,031 best 22 0.008s | cpu 36m58s wall 37m24s eta~33m02s best 85
  [1455/2738  53.1%] exit 2 U1,R2,U3,U2,L1,D3: exhausted states 1,157 best 17 0.002s | cpu 36m58s wall 37m24s eta~32m59s best 85
  [1456/2738  53.2%] exit 2 U1,R2,U3,U2,L1,L1: exhausted states 1,979 best 17 0.003s | cpu 36m58s wall 37m24s eta~32m56s best 85
  [1457/2738  53.2%] exit 2 U1,R2,U3,U2,L1,L3: exhausted states 50,629 best 32 0.133s | cpu 36m58s wall 37m24s eta~32m53s best 85
  [1458/2738  53.3%] exit 2 U1,R2,U3,U2,L2,U1: exhausted states 93,726 best 42 0.219s | cpu 36m58s wall 37m25s eta~32m50s best 85
  [1459/2738  53.3%] exit 2 U1,R2,U3,U2,L2,U2: exhausted states 25,909 best 34 0.057s | cpu 36m58s wall 37m25s eta~32m48s best 85
  [1460/2738  53.3%] exit 2 U1,R2,U3,U2,L2,U3: exhausted states 12,678 best 32 0.031s | cpu 36m58s wall 37m25s eta~32m45s best 85
  [1461/2738  53.4%] exit 2 U1,R2,U3,U2,L2,D1: exhausted states 563 best 13 0.001s | cpu 36m58s wall 37m25s eta~32m42s best 85
  [1462/2738  53.4%] exit 2 U1,R2,U3,U2,L2,D2: exhausted states 37,816 best 38 0.08s | cpu 36m58s wall 37m25s eta~32m39s best 85
  [1463/2738  53.4%] exit 2 U1,R2,U3,U2,L2,D3: exhausted states 1,157 best 17 0.002s | cpu 36m58s wall 37m25s eta~32m36s best 85
  [1464/2738  53.5%] exit 2 U1,R2,U3,U2,L2,L1: exhausted states 6,487 best 24 0.015s | cpu 36m58s wall 37m25s eta~32m33s best 85
  [1465/2738  53.5%] exit 2 U1,R2,U3,U2,L2,L2: exhausted states 2,374 best 18 0.003s | cpu 36m58s wall 37m25s eta~32m31s best 85
  [1466/2738  53.5%] exit 2 U1,R2,U3,U2,L3,U1: exhausted states 714 best 13 0.001s | cpu 36m58s wall 37m25s eta~32m28s best 85
  [1467/2738  53.6%] exit 2 U1,R2,U3,U2,L3,U2: exhausted states 7,935 best 22 0.013s | cpu 36m58s wall 37m25s eta~32m25s best 85
  [1468/2738  53.6%] exit 2 U1,R2,U3,U2,L3,U3: exhausted states 2,430 best 18 0.003s | cpu 36m58s wall 37m25s eta~32m22s best 85
  [1469/2738  53.7%] exit 2 U1,R2,U3,U2,L3,D1: exhausted states 563 best 13 0.001s | cpu 36m58s wall 37m25s eta~32m19s best 85
  [1470/2738  53.7%] exit 2 U1,R2,U3,U2,L3,D2: exhausted states 9,076 best 22 0.016s | cpu 36m58s wall 37m25s eta~32m16s best 85
  [1471/2738  53.7%] exit 2 U1,R2,U3,U2,L3,D3: exhausted states 1,157 best 17 0.002s | cpu 36m58s wall 37m25s eta~32m14s best 85
  [1472/2738  53.8%] exit 2 U1,R2,U3,U2,L3,L1: exhausted states 2,303 best 18 0.004s | cpu 36m58s wall 37m25s eta~32m11s best 85
  [1473/2738  53.8%] exit 2 U1,R2,U3,U2,L3,L2: exhausted states 2,374 best 18 0.003s | cpu 36m58s wall 37m25s eta~32m08s best 85
  [1474/2738  53.8%] exit 2 U1,R2,U3,R1,U1,U1: exhausted states 19,965 best 33 0.027s | cpu 36m58s wall 37m25s eta~32m05s best 85
  [1475/2738  53.9%] exit 2 U1,R2,U3,R1,U1,U3: exhausted states 21,188 best 33 0.03s | cpu 36m58s wall 37m25s eta~32m02s best 85
  [1476/2738  53.9%] exit 2 U1,R2,U3,R1,U2,U1: exhausted states 22,369 best 33 0.036s | cpu 36m58s wall 37m25s eta~32m00s best 85
  [1477/2738  53.9%] exit 2 U1,R2,U3,R1,U2,U2: exhausted states 21,188 best 33 0.031s | cpu 36m58s wall 37m25s eta~31m57s best 85
  [1478/2738  54.0%] exit 2 U1,R2,U3,R1,U3,U1: exhausted states 22,369 best 33 0.038s | cpu 36m58s wall 37m25s eta~31m54s best 85
  [1479/2738  54.0%] exit 2 U1,R2,U3,R1,U3,U2: exhausted states 21,188 best 33 0.031s | cpu 36m58s wall 37m25s eta~31m51s best 85
  [1480/2738  54.1%] exit 2 U1,R2,U3,R1,D1,D1: exhausted states 2 best 6 0.0s | cpu 36m58s wall 37m25s eta~31m48s best 85
  [1481/2738  54.1%] exit 2 U1,R2,U3,R1,D1,D3: exhausted states 1 best 6 0.0s | cpu 36m58s wall 37m25s eta~31m46s best 85
  [1482/2738  54.1%] exit 2 U1,R2,U3,R1,D2,D1: exhausted states 2 best 6 0.0s | cpu 36m58s wall 37m25s eta~31m43s best 85
  [1483/2738  54.2%] exit 2 U1,R2,U3,R1,D2,D2: exhausted states 1 best 6 0.0s | cpu 36m58s wall 37m25s eta~31m40s best 85
  [1484/2738  54.2%] exit 2 U1,R2,U3,R1,D3,D1: exhausted states 2 best 6 0.0s | cpu 36m58s wall 37m25s eta~31m37s best 85
  [1485/2738  54.2%] exit 2 U1,R2,U3,R1,D3,D2: exhausted states 1 best 6 0.0s | cpu 36m58s wall 37m25s eta~31m35s best 85
  [1486/2738  54.3%] exit 2 U1,R2,U3,R2,U1,U1: exhausted states 62,843 best 38 0.138s | cpu 36m59s wall 37m26s eta~31m32s best 85
  [1487/2738  54.3%] exit 2 U1,R2,U3,R2,U1,U3: exhausted states 409,090 best 55 3.922s | cpu 37m02s wall 37m30s eta~31m32s best 85
  [1488/2738  54.3%] exit 2 U1,R2,U3,R2,U1,L1: exhausted states 89,942 best 38 0.242s | cpu 37m03s wall 37m30s eta~31m30s best 85
  [1489/2738  54.4%] exit 2 U1,R2,U3,R2,U2,U1: exhausted states 94,472 best 38 0.212s | cpu 37m03s wall 37m30s eta~31m27s best 85
  [1490/2738  54.4%] exit 2 U1,R2,U3,R2,U2,U2: exhausted states 96,632 best 40 0.489s | cpu 37m03s wall 37m31s eta~31m25s best 85
  [1491/2738  54.5%] exit 2 U1,R2,U3,R2,U2,L1: exhausted states 106,039 best 38 0.41s | cpu 37m04s wall 37m31s eta~31m23s best 85
  [1492/2738  54.5%] exit 2 U1,R2,U3,R2,U3,U1: exhausted states 94,472 best 38 0.215s | cpu 37m04s wall 37m31s eta~31m20s best 85
  [1493/2738  54.5%] exit 2 U1,R2,U3,R2,U3,U2: exhausted states 95,714 best 40 0.268s | cpu 37m04s wall 37m32s eta~31m17s best 85
  [1494/2738  54.6%] exit 2 U1,R2,U3,R2,U3,L1: exhausted states 106,039 best 38 0.354s | cpu 37m05s wall 37m32s eta~31m15s best 85
  [1495/2738  54.6%] exit 2 U1,R2,U3,R2,D1,D1: exhausted states 2 best 6 0.0s | cpu 37m05s wall 37m32s eta~31m12s best 85
  [1496/2738  54.6%] exit 2 U1,R2,U3,R2,D1,D3: exhausted states 1 best 6 0.0s | cpu 37m05s wall 37m32s eta~31m09s best 85
  [1497/2738  54.7%] exit 2 U1,R2,U3,R2,D2,D1: exhausted states 2 best 6 0.0s | cpu 37m05s wall 37m32s eta~31m07s best 85
  [1498/2738  54.7%] exit 2 U1,R2,U3,R2,D2,D2: exhausted states 1 best 6 0.0s | cpu 37m05s wall 37m32s eta~31m04s best 85
  [1499/2738  54.7%] exit 2 U1,R2,U3,R2,D3,D1: exhausted states 2 best 6 0.0s | cpu 37m05s wall 37m32s eta~31m01s best 85
  [1500/2738  54.8%] exit 2 U1,R2,U3,R2,D3,D2: exhausted states 1 best 6 0.0s | cpu 37m05s wall 37m32s eta~30m59s best 85
  [1501/2738  54.8%] exit 2 U1,R2,U3,R3,U1,U1: exhausted states 13,582 best 33 0.02s | cpu 37m05s wall 37m32s eta~30m56s best 85
  [1502/2738  54.9%] exit 2 U1,R2,U3,R3,U1,U3: exhausted states 100,431 best 46 0.503s | cpu 37m05s wall 37m33s eta~30m54s best 85
  [1503/2738  54.9%] exit 2 U1,R2,U3,R3,U1,L1: exhausted states 47,167 best 33 0.09s | cpu 37m05s wall 37m33s eta~30m51s best 85
  [1504/2738  54.9%] exit 2 U1,R2,U3,R3,U2,U1: exhausted states 13,582 best 33 0.027s | cpu 37m05s wall 37m33s eta~30m48s best 85
  [1505/2738  55.0%] exit 2 U1,R2,U3,R3,U2,U2: exhausted states 33,357 best 46 0.095s | cpu 37m05s wall 37m33s eta~30m46s best 85
  [1506/2738  55.0%] exit 2 U1,R2,U3,R3,U2,L1: exhausted states 47,167 best 33 0.105s | cpu 37m05s wall 37m33s eta~30m43s best 85
  [1507/2738  55.0%] exit 2 U1,R2,U3,R3,U3,U1: exhausted states 13,582 best 33 0.025s | cpu 37m06s wall 37m33s eta~30m40s best 85
  [1508/2738  55.1%] exit 2 U1,R2,U3,R3,U3,U2: exhausted states 33,357 best 46 0.092s | cpu 37m06s wall 37m33s eta~30m38s best 85
  [1509/2738  55.1%] exit 2 U1,R2,U3,R3,U3,L1: exhausted states 47,167 best 33 0.105s | cpu 37m06s wall 37m33s eta~30m35s best 85
  [1510/2738  55.1%] exit 2 U1,R2,U3,R3,D1,D1: exhausted states 2 best 6 0.0s | cpu 37m06s wall 37m33s eta~30m32s best 85
  [1511/2738  55.2%] exit 2 U1,R2,U3,R3,D1,D3: exhausted states 1 best 6 0.0s | cpu 37m06s wall 37m33s eta~30m30s best 85
  [1512/2738  55.2%] exit 2 U1,R2,U3,R3,D2,D1: exhausted states 2 best 6 0.0s | cpu 37m06s wall 37m33s eta~30m27s best 85
  [1513/2738  55.3%] exit 2 U1,R2,U3,R3,D2,D2: exhausted states 1 best 6 0.0s | cpu 37m06s wall 37m33s eta~30m24s best 85
  [1514/2738  55.3%] exit 2 U1,R2,U3,R3,D3,D1: exhausted states 2 best 6 0.0s | cpu 37m06s wall 37m33s eta~30m22s best 85
  [1515/2738  55.3%] exit 2 U1,R2,U3,R3,D3,D2: exhausted states 1 best 6 0.0s | cpu 37m06s wall 37m33s eta~30m19s best 85
  [1516/2738  55.4%] exit 2 U1,R2,U3,L1,U1,U1: exhausted states 444 best 12 0.0s | cpu 37m06s wall 37m33s eta~30m16s best 85
  [1517/2738  55.4%] exit 2 U1,R2,U3,L1,U1,U3: exhausted states 3,475 best 18 0.004s | cpu 37m06s wall 37m33s eta~30m14s best 85
  [1518/2738  55.4%] exit 2 U1,R2,U3,L1,U1,L1: exhausted states 574 best 13 0.001s | cpu 37m06s wall 37m33s eta~30m11s best 85
  [1519/2738  55.5%] exit 2 U1,R2,U3,L1,U1,L2: exhausted states 397 best 12 0.001s | cpu 37m06s wall 37m33s eta~30m08s best 85
  [1520/2738  55.5%] exit 2 U1,R2,U3,L1,U1,L3: exhausted states 631 best 12 0.001s | cpu 37m06s wall 37m33s eta~30m06s best 85
  [1521/2738  55.6%] exit 2 U1,R2,U3,L1,U2,U1: exhausted states 144 best 10 0.0s | cpu 37m06s wall 37m33s eta~30m03s best 85
  [1522/2738  55.6%] exit 2 U1,R2,U3,L1,U2,U2: exhausted states 257 best 10 0.001s | cpu 37m06s wall 37m33s eta~30m00s best 85
  [1523/2738  55.6%] exit 2 U1,R2,U3,L1,U2,L1: exhausted states 289 best 13 0.001s | cpu 37m06s wall 37m33s eta~29m58s best 85
  [1524/2738  55.7%] exit 2 U1,R2,U3,L1,U2,L2: exhausted states 104 best 9 0.0s | cpu 37m06s wall 37m33s eta~29m55s best 85
  [1525/2738  55.7%] exit 2 U1,R2,U3,L1,U2,L3: exhausted states 260 best 11 0.001s | cpu 37m06s wall 37m33s eta~29m52s best 85
  [1526/2738  55.7%] exit 2 U1,R2,U3,L1,L1,U1: exhausted states 604 best 13 0.001s | cpu 37m06s wall 37m33s eta~29m50s best 85
  [1527/2738  55.8%] exit 2 U1,R2,U3,L1,L1,U3: exhausted states 601 best 13 0.001s | cpu 37m06s wall 37m34s eta~29m47s best 85
  [1528/2738  55.8%] exit 2 U1,R2,U3,L1,L1,D1: exhausted states 24 best 8 0.0s | cpu 37m06s wall 37m34s eta~29m44s best 85
  [1529/2738  55.8%] exit 2 U1,R2,U3,L1,L1,D2: exhausted states 3,530 best 15 0.007s | cpu 37m06s wall 37m34s eta~29m42s best 85
  [1530/2738  55.9%] exit 2 U1,R2,U3,L1,L1,D3: exhausted states 1,826 best 15 0.003s | cpu 37m06s wall 37m34s eta~29m39s best 85
  [1531/2738  55.9%] exit 2 U1,R2,U3,L1,L1,L1: exhausted states 477 best 13 0.001s | cpu 37m06s wall 37m34s eta~29m37s best 85
  [1532/2738  56.0%] exit 2 U1,R2,U3,L1,L1,L3: exhausted states 2,170 best 17 0.005s | cpu 37m06s wall 37m34s eta~29m34s best 85
  [1533/2738  56.0%] exit 2 U1,R2,U3,L1,L3,U1: exhausted states 60,495 best 34 0.355s | cpu 37m06s wall 37m34s eta~29m32s best 85
  [1534/2738  56.0%] exit 2 U1,R2,U3,L1,L3,U3: exhausted states 19,615 best 22 0.04s | cpu 37m06s wall 37m34s eta~29m29s best 85
  [1535/2738  56.1%] exit 2 U1,R2,U3,L1,L3,D1: exhausted states 24 best 8 0.0s | cpu 37m06s wall 37m34s eta~29m26s best 85
  [1536/2738  56.1%] exit 2 U1,R2,U3,L1,L3,D2: exhausted states 177,186 best 32 0.689s | cpu 37m07s wall 37m35s eta~29m24s best 85
  [1537/2738  56.1%] exit 2 U1,R2,U3,L1,L3,D3: exhausted states 27,554 best 20 0.073s | cpu 37m07s wall 37m35s eta~29m22s best 85
  [1538/2738  56.2%] exit 2 U1,R2,U3,L1,L3,L1: exhausted states 9,024 best 20 0.014s | cpu 37m07s wall 37m35s eta~29m19s best 85
  [1539/2738  56.2%] exit 2 U1,R2,U3,L1,L3,L2: exhausted states 119,337 best 30 0.452s | cpu 37m07s wall 37m35s eta~29m17s best 85
  [1540/2738  56.2%] exit 2 U1,R2,U3,L2,U1,U1: exhausted states 178,504 best 44 0.453s | cpu 37m08s wall 37m36s eta~29m15s best 85
  [1541/2738  56.3%] exit 2 U1,R2,U3,L2,U1,U3: exhausted states 71,593 best 39 0.211s | cpu 37m08s wall 37m36s eta~29m12s best 85
  [1542/2738  56.3%] exit 2 U1,R2,U3,L2,U1,R1: exhausted states 212,446 best 42 0.855s | cpu 37m09s wall 37m37s eta~29m10s best 85
  [1543/2738  56.4%] exit 2 U1,R2,U3,L2,U1,R2: exhausted states 206,419 best 42 0.73s | cpu 37m10s wall 37m38s eta~29m08s best 85
  [1544/2738  56.4%] exit 2 U1,R2,U3,L2,U1,R3: exhausted states 17,179 best 34 0.031s | cpu 37m10s wall 37m38s eta~29m06s best 85
  [1545/2738  56.4%] exit 2 U1,R2,U3,L2,U1,L1: exhausted states 1,986 best 20 0.003s | cpu 37m10s wall 37m38s eta~29m03s best 85
  [1546/2738  56.5%] exit 2 U1,R2,U3,L2,U1,L2: exhausted states 29,677 best 32 0.094s | cpu 37m10s wall 37m38s eta~29m01s best 85
  [1547/2738  56.5%] exit 2 U1,R2,U3,L2,U1,L3: exhausted states 1,495 best 15 0.002s | cpu 37m10s wall 37m38s eta~28m58s best 85
  [1548/2738  56.5%] exit 2 U1,R2,U3,L2,U2,U1: exhausted states 1,940 best 21 0.005s | cpu 37m10s wall 37m38s eta~28m56s best 85
  [1549/2738  56.6%] exit 2 U1,R2,U3,L2,U2,U2: exhausted states 1,246 best 18 0.003s | cpu 37m10s wall 37m38s eta~28m53s best 85
  [1550/2738  56.6%] exit 2 U1,R2,U3,L2,U2,R1: exhausted states 6,454 best 22 0.017s | cpu 37m10s wall 37m38s eta~28m51s best 85
  [1551/2738  56.6%] exit 2 U1,R2,U3,L2,U2,R2: exhausted states 5,883 best 19 0.018s | cpu 37m10s wall 37m38s eta~28m48s best 85
  [1552/2738  56.7%] exit 2 U1,R2,U3,L2,U2,R3: exhausted states 1,759 best 18 0.004s | cpu 37m10s wall 37m38s eta~28m45s best 85
  [1553/2738  56.7%] exit 2 U1,R2,U3,L2,U2,L1: exhausted states 1,701 best 20 0.003s | cpu 37m10s wall 37m38s eta~28m43s best 85
  [1554/2738  56.8%] exit 2 U1,R2,U3,L2,U2,L2: exhausted states 4,096 best 20 0.015s | cpu 37m10s wall 37m38s eta~28m40s best 85
  [1555/2738  56.8%] exit 2 U1,R2,U3,L2,U2,L3: exhausted states 836 best 15 0.003s | cpu 37m10s wall 37m38s eta~28m38s best 85
  [1556/2738  56.8%] exit 2 U1,R2,U3,L2,L1,U1: exhausted states 54,600 best 38 0.116s | cpu 37m10s wall 37m38s eta~28m35s best 85
  [1557/2738  56.9%] exit 2 U1,R2,U3,L2,L1,U3: exhausted states 10,981 best 24 0.029s | cpu 37m10s wall 37m38s eta~28m33s best 85
  [1558/2738  56.9%] exit 2 U1,R2,U3,L2,L1,D1: exhausted states 24 best 8 0.0s | cpu 37m10s wall 37m38s eta~28m30s best 85
  [1559/2738  56.9%] exit 2 U1,R2,U3,L2,L1,D2: exhausted states 46,678 best 26 0.095s | cpu 37m10s wall 37m38s eta~28m28s best 85
  [1560/2738  57.0%] exit 2 U1,R2,U3,L2,L1,D3: exhausted states 20,690 best 26 0.043s | cpu 37m10s wall 37m38s eta~28m25s best 85
  [1561/2738  57.0%] exit 2 U1,R2,U3,L2,L1,L1: exhausted states 14,025 best 26 0.025s | cpu 37m10s wall 37m39s eta~28m23s best 85
  [1562/2738  57.0%] exit 2 U1,R2,U3,L2,L1,L3: exhausted states 68,498 best 25 0.207s | cpu 37m10s wall 37m39s eta~28m20s best 85
  [1563/2738  57.1%] exit 2 U1,R2,U3,L2,L2,U1: exhausted states 941 best 16 0.001s | cpu 37m10s wall 37m39s eta~28m18s best 85
  [1564/2738  57.1%] exit 2 U1,R2,U3,L2,L2,U3: exhausted states 1,528 best 18 0.002s | cpu 37m10s wall 37m39s eta~28m15s best 85
  [1565/2738  57.2%] exit 2 U1,R2,U3,L2,L2,D1: exhausted states 24 best 8 0.0s | cpu 37m10s wall 37m39s eta~28m13s best 85
  [1566/2738  57.2%] exit 2 U1,R2,U3,L2,L2,D2: exhausted states 9,598 best 26 0.017s | cpu 37m10s wall 37m39s eta~28m10s best 85
  [1567/2738  57.2%] exit 2 U1,R2,U3,L2,L2,D3: exhausted states 1,058 best 14 0.003s | cpu 37m10s wall 37m39s eta~28m08s best 85
  [1568/2738  57.3%] exit 2 U1,R2,U3,L2,L2,L1: exhausted states 339 best 12 0.001s | cpu 37m10s wall 37m39s eta~28m05s best 85
  [1569/2738  57.3%] exit 2 U1,R2,U3,L2,L2,L2: exhausted states 449 best 12 0.001s | cpu 37m10s wall 37m39s eta~28m03s best 85
  [1570/2738  57.3%] exit 2 U1,R2,U3,L3,U1,U1: exhausted states 420 best 12 0.001s | cpu 37m10s wall 37m39s eta~28m00s best 85
  [1571/2738  57.4%] exit 2 U1,R2,U3,L3,U1,U3: exhausted states 10,950 best 29 0.023s | cpu 37m10s wall 37m39s eta~27m58s best 85
  [1572/2738  57.4%] exit 2 U1,R2,U3,L3,U1,R1: exhausted states 950 best 16 0.002s | cpu 37m10s wall 37m39s eta~27m55s best 85
  [1573/2738  57.5%] exit 2 U1,R2,U3,L3,U1,R2: exhausted states 2,853 best 14 0.005s | cpu 37m10s wall 37m39s eta~27m53s best 85
  [1574/2738  57.5%] exit 2 U1,R2,U3,L3,U1,R3: exhausted states 1,593 best 14 0.002s | cpu 37m10s wall 37m39s eta~27m50s best 85
  [1575/2738  57.5%] exit 2 U1,R2,U3,L3,U1,L1: exhausted states 502 best 14 0.001s | cpu 37m10s wall 37m39s eta~27m48s best 85
  [1576/2738  57.6%] exit 2 U1,R2,U3,L3,U1,L2: exhausted states 2,245 best 18 0.004s | cpu 37m10s wall 37m39s eta~27m46s best 85
  [1577/2738  57.6%] exit 2 U1,R2,U3,L3,U1,L3: exhausted states 487 best 12 0.001s | cpu 37m10s wall 37m39s eta~27m43s best 85
  [1578/2738  57.6%] exit 2 U1,R2,U3,L3,U2,U1: exhausted states 120 best 10 0.0s | cpu 37m10s wall 37m39s eta~27m41s best 85
  [1579/2738  57.7%] exit 2 U1,R2,U3,L3,U2,U2: exhausted states 248 best 10 0.0s | cpu 37m10s wall 37m39s eta~27m38s best 85
  [1580/2738  57.7%] exit 2 U1,R2,U3,L3,U2,R1: exhausted states 250 best 14 0.001s | cpu 37m10s wall 37m39s eta~27m36s best 85
  [1581/2738  57.7%] exit 2 U1,R2,U3,L3,U2,R2: exhausted states 1,035 best 16 0.002s | cpu 37m10s wall 37m39s eta~27m33s best 85
  [1582/2738  57.8%] exit 2 U1,R2,U3,L3,U2,R3: exhausted states 393 best 12 0.001s | cpu 37m10s wall 37m39s eta~27m31s best 85
  [1583/2738  57.8%] exit 2 U1,R2,U3,L3,U2,L1: exhausted states 217 best 14 0.0s | cpu 37m10s wall 37m39s eta~27m28s best 85
  [1584/2738  57.9%] exit 2 U1,R2,U3,L3,U2,L2: exhausted states 800 best 16 0.002s | cpu 37m10s wall 37m39s eta~27m26s best 85
  [1585/2738  57.9%] exit 2 U1,R2,U3,L3,U2,L3: exhausted states 164 best 11 0.0s | cpu 37m10s wall 37m39s eta~27m23s best 85
  [1586/2738  57.9%] exit 2 U1,R2,U3,L3,L1,U1: exhausted states 568 best 14 0.001s | cpu 37m10s wall 37m39s eta~27m21s best 85
  [1587/2738  58.0%] exit 2 U1,R2,U3,L3,L1,U3: exhausted states 565 best 14 0.001s | cpu 37m10s wall 37m39s eta~27m18s best 85
  [1588/2738  58.0%] exit 2 U1,R2,U3,L3,L1,D1: exhausted states 24 best 8 0.0s | cpu 37m10s wall 37m39s eta~27m16s best 85
  [1589/2738  58.0%] exit 2 U1,R2,U3,L3,L1,D2: exhausted states 3,950 best 16 0.008s | cpu 37m10s wall 37m39s eta~27m14s best 85
  [1590/2738  58.1%] exit 2 U1,R2,U3,L3,L1,D3: exhausted states 2,066 best 16 0.003s | cpu 37m10s wall 37m39s eta~27m11s best 85
  [1591/2738  58.1%] exit 2 U1,R2,U3,L3,L1,L1: exhausted states 561 best 14 0.001s | cpu 37m10s wall 37m39s eta~27m09s best 85
  [1592/2738  58.1%] exit 2 U1,R2,U3,L3,L1,L3: exhausted states 5,299 best 21 0.012s | cpu 37m10s wall 37m39s eta~27m06s best 85
  [1593/2738  58.2%] exit 2 U1,R2,U3,L3,L2,U1: exhausted states 1,011 best 17 0.001s | cpu 37m10s wall 37m39s eta~27m04s best 85
  [1594/2738  58.2%] exit 2 U1,R2,U3,L3,L2,U3: exhausted states 1,610 best 18 0.003s | cpu 37m10s wall 37m39s eta~27m01s best 85
  [1595/2738  58.3%] exit 2 U1,R2,U3,L3,L2,D1: exhausted states 24 best 8 0.0s | cpu 37m10s wall 37m39s eta~26m59s best 85
  [1596/2738  58.3%] exit 2 U1,R2,U3,L3,L2,D2: exhausted states 10,318 best 27 0.019s | cpu 37m10s wall 37m39s eta~26m57s best 85
  [1597/2738  58.3%] exit 2 U1,R2,U3,L3,L2,D3: exhausted states 1,154 best 15 0.002s | cpu 37m10s wall 37m40s eta~26m54s best 85
  [1598/2738  58.4%] exit 2 U1,R2,U3,L3,L2,L1: exhausted states 363 best 13 0.001s | cpu 37m10s wall 37m40s eta~26m52s best 85
  [1599/2738  58.4%] exit 2 U1,R2,U3,L3,L2,L2: exhausted states 491 best 13 0.001s | cpu 37m10s wall 37m40s eta~26m49s best 85
  [1600/2738  58.4%] exit 2 U1,R2,R1,U1,U1,U1: exhausted states 343,888 best 38 0.637s | cpu 37m11s wall 37m40s eta~26m47s best 85
  [1601/2738  58.5%] exit 2 U1,R2,R1,U1,U1,U3: exhausted states 757,740 best 55 4.933s | cpu 37m16s wall 37m45s eta~26m49s best 85
  [1602/2738  58.5%] exit 2 U1,R2,R1,U1,U1,L1: exhausted states 890,863 best 38 1.975s | cpu 37m18s wall 37m47s eta~26m48s best 85
  [1603/2738  58.5%] exit 2 U1,R2,R1,U1,U3,U1: exhausted states 172,987 best 38 0.582s | cpu 37m19s wall 37m48s eta~26m46s best 85
  [1604/2738  58.6%] exit 2 U1,R2,R1,U1,U3,U2: exhausted states 1,274,627 best 56 9.965s | cpu 37m29s wall 37m58s eta~26m50s best 85
  [1605/2738  58.6%] exit 2 U1,R2,R1,U1,U3,L1: exhausted states 413,353 best 38 2.16s | cpu 37m31s wall 38m00s eta~26m49s best 85
  [1606/2738  58.7%] exit 2 U1,R2,R1,U2,U1,U1: exhausted states 148,952 best 38 0.466s | cpu 37m31s wall 38m00s eta~26m47s best 85
  [1607/2738  58.7%] exit 2 U1,R2,R1,U2,U1,U3: exhausted states 757,260 best 55 5.246s | cpu 37m36s wall 38m06s eta~26m48s best 85
  [1608/2738  58.7%] exit 2 U1,R2,R1,U2,U1,L1: exhausted states 369,177 best 38 1.526s | cpu 37m38s wall 38m07s eta~26m47s best 85
  [1609/2738  58.8%] exit 2 U1,R2,R1,U2,U2,U1: exhausted states 163,899 best 38 0.552s | cpu 37m38s wall 38m08s eta~26m45s best 85
  [1610/2738  58.8%] exit 2 U1,R2,R1,U2,U2,U2: exhausted states 365,450 best 46 1.3s | cpu 37m40s wall 38m09s eta~26m44s best 85
  [1611/2738  58.8%] exit 2 U1,R2,R1,U2,U2,L1: exhausted states 419,129 best 38 2.137s | cpu 37m42s wall 38m11s eta~26m43s best 85
  [1612/2738  58.9%] exit 2 U1,R2,R1,U3,U1,U1: exhausted states 148,952 best 38 0.462s | cpu 37m42s wall 38m12s eta~26m41s best 85
  [1613/2738  58.9%] exit 2 U1,R2,R1,U3,U1,U3: exhausted states 757,260 best 55 5.822s | cpu 37m48s wall 38m18s eta~26m42s best 85
  [1614/2738  58.9%] exit 2 U1,R2,R1,U3,U1,L1: exhausted states 359,569 best 38 1.338s | cpu 37m50s wall 38m19s eta~26m41s best 85
  [1615/2738  59.0%] exit 2 U1,R2,R1,U3,U2,U1: exhausted states 161,327 best 38 0.625s | cpu 37m50s wall 38m20s eta~26m39s best 85
  [1616/2738  59.0%] exit 2 U1,R2,R1,U3,U2,U2: exhausted states 323,790 best 46 1.389s | cpu 37m52s wall 38m21s eta~26m37s best 85
  [1617/2738  59.1%] exit 2 U1,R2,R1,U3,U2,L1: exhausted states 386,041 best 38 1.833s | cpu 37m53s wall 38m23s eta~26m36s best 85
  [1618/2738  59.1%] exit 2 U1,R2,R2,U1,U1,U1: exhausted states 693 best 15 0.001s | cpu 37m53s wall 38m23s eta~26m34s best 85
  [1619/2738  59.1%] exit 2 U1,R2,R2,U1,U1,U3: exhausted states 5,815 best 24 0.009s | cpu 37m53s wall 38m23s eta~26m32s best 85
  [1620/2738  59.2%] exit 2 U1,R2,R2,U1,U1,L1: exhausted states 5,224 best 22 0.006s | cpu 37m53s wall 38m23s eta~26m29s best 85
  [1621/2738  59.2%] exit 2 U1,R2,R2,U1,U3,U1: exhausted states 693 best 15 0.001s | cpu 37m53s wall 38m23s eta~26m27s best 85
  [1622/2738  59.2%] exit 2 U1,R2,R2,U1,U3,U2: exhausted states 18,417 best 33 0.035s | cpu 37m53s wall 38m23s eta~26m24s best 85
  [1623/2738  59.3%] exit 2 U1,R2,R2,U1,U3,L1: exhausted states 6,380 best 22 0.008s | cpu 37m53s wall 38m23s eta~26m22s best 85
  [1624/2738  59.3%] exit 2 U1,R2,R2,U1,L1,U1: exhausted states 5,032 best 22 0.009s | cpu 37m53s wall 38m23s eta~26m20s best 85
  [1625/2738  59.3%] exit 2 U1,R2,R2,U1,L1,U2: exhausted states 3,364 best 18 0.004s | cpu 37m53s wall 38m23s eta~26m17s best 85
  [1626/2738  59.4%] exit 2 U1,R2,R2,U2,U1,U1: exhausted states 693 best 15 0.001s | cpu 37m53s wall 38m23s eta~26m15s best 85
  [1627/2738  59.4%] exit 2 U1,R2,R2,U2,U1,U3: exhausted states 5,815 best 24 0.021s | cpu 37m53s wall 38m23s eta~26m13s best 85
  [1628/2738  59.5%] exit 2 U1,R2,R2,U2,U1,L1: exhausted states 5,224 best 22 0.017s | cpu 37m54s wall 38m23s eta~26m10s best 85
  [1629/2738  59.5%] exit 2 U1,R2,R2,U2,U2,U1: exhausted states 693 best 15 0.002s | cpu 37m54s wall 38m23s eta~26m08s best 85
  [1630/2738  59.5%] exit 2 U1,R2,R2,U2,U2,U2: exhausted states 1,240 best 16 0.003s | cpu 37m54s wall 38m23s eta~26m05s best 85
  [1631/2738  59.6%] exit 2 U1,R2,R2,U2,U2,L1: exhausted states 6,380 best 22 0.013s | cpu 37m54s wall 38m23s eta~26m03s best 85
  [1632/2738  59.6%] exit 2 U1,R2,R2,U2,L1,U1: exhausted states 5,032 best 22 0.007s | cpu 37m54s wall 38m23s eta~26m01s best 85
  [1633/2738  59.6%] exit 2 U1,R2,R2,U2,L1,U2: exhausted states 3,364 best 18 0.004s | cpu 37m54s wall 38m23s eta~25m58s best 85
  [1634/2738  59.7%] exit 2 U1,R2,R2,U3,U1,U1: exhausted states 693 best 15 0.001s | cpu 37m54s wall 38m23s eta~25m56s best 85
  [1635/2738  59.7%] exit 2 U1,R2,R2,U3,U1,U3: exhausted states 5,815 best 24 0.013s | cpu 37m54s wall 38m23s eta~25m54s best 85
  [1636/2738  59.8%] exit 2 U1,R2,R2,U3,U1,L1: exhausted states 5,224 best 22 0.009s | cpu 37m54s wall 38m23s eta~25m51s best 85
  [1637/2738  59.8%] exit 2 U1,R2,R2,U3,U2,U1: exhausted states 693 best 15 0.001s | cpu 37m54s wall 38m23s eta~25m49s best 85
  [1638/2738  59.8%] exit 2 U1,R2,R2,U3,U2,U2: exhausted states 1,240 best 16 0.002s | cpu 37m54s wall 38m23s eta~25m47s best 85
  [1639/2738  59.9%] exit 2 U1,R2,R2,U3,U2,L1: exhausted states 6,380 best 22 0.008s | cpu 37m54s wall 38m23s eta~25m44s best 85
  [1640/2738  59.9%] exit 2 U1,R2,R2,U3,L1,U1: exhausted states 5,032 best 22 0.007s | cpu 37m54s wall 38m23s eta~25m42s best 85
  [1641/2738  59.9%] exit 2 U1,R2,R2,U3,L1,U2: exhausted states 3,364 best 18 0.004s | cpu 37m54s wall 38m24s eta~25m40s best 85
  [1642/2738  60.0%] exit 2 U1,R3,U1,U1,U1,R1: exhausted states 3 best 6 0.0s | cpu 37m54s wall 38m24s eta~25m37s best 85
  [1643/2738  60.0%] exit 2 U1,R3,U1,U1,U1,R2: exhausted states 2 best 6 0.0s | cpu 37m54s wall 38m24s eta~25m35s best 85
  [1644/2738  60.0%] exit 2 U1,R3,U1,U1,U1,R3: exhausted states 2 best 6 0.0s | cpu 37m54s wall 38m24s eta~25m33s best 85
  [1645/2738  60.1%] exit 2 U1,R3,U1,U1,U1,L1: exhausted states 974 best 20 0.002s | cpu 37m54s wall 38m24s eta~25m30s best 85
  [1646/2738  60.1%] exit 2 U1,R3,U1,U1,U1,L2: exhausted states 748 best 16 0.001s | cpu 37m54s wall 38m24s eta~25m28s best 85
  [1647/2738  60.2%] exit 2 U1,R3,U1,U1,U1,L3: exhausted states 748 best 16 0.001s | cpu 37m54s wall 38m24s eta~25m26s best 85
  [1648/2738  60.2%] exit 2 U1,R3,U1,U1,U3,R1: exhausted states 13 best 8 0.0s | cpu 37m54s wall 38m24s eta~25m23s best 85
  [1649/2738  60.2%] exit 2 U1,R3,U1,U1,U3,R2: exhausted states 12 best 8 0.0s | cpu 37m54s wall 38m24s eta~25m21s best 85
  [1650/2738  60.3%] exit 2 U1,R3,U1,U1,U3,R3: exhausted states 12 best 8 0.0s | cpu 37m54s wall 38m24s eta~25m19s best 85
  [1651/2738  60.3%] exit 2 U1,R3,U1,U1,U3,L1: exhausted states 29,696 best 28 0.071s | cpu 37m54s wall 38m24s eta~25m17s best 85
  [1652/2738  60.3%] exit 2 U1,R3,U1,U1,U3,L2: exhausted states 7,863 best 22 0.025s | cpu 37m54s wall 38m24s eta~25m14s best 85
  [1653/2738  60.4%] exit 2 U1,R3,U1,U1,U3,L3: exhausted states 7,104 best 22 0.024s | cpu 37m54s wall 38m24s eta~25m12s best 85
  [1654/2738  60.4%] exit 2 U1,R3,U1,U1,R1,U1: exhausted states 3 best 6 0.0s | cpu 37m54s wall 38m24s eta~25m10s best 85
  [1655/2738  60.4%] exit 2 U1,R3,U1,U1,R1,U2: exhausted states 2 best 6 0.0s | cpu 37m54s wall 38m24s eta~25m07s best 85
  [1656/2738  60.5%] exit 2 U1,R3,U1,U1,R1,U3: exhausted states 2 best 6 0.0s | cpu 37m54s wall 38m24s eta~25m05s best 85
  [1657/2738  60.5%] exit 2 U1,R3,U1,U1,R2,U1: exhausted states 3,159 best 24 0.006s | cpu 37m54s wall 38m24s eta~25m03s best 85
  [1658/2738  60.6%] exit 2 U1,R3,U1,U1,R2,U2: exhausted states 3,138 best 24 0.006s | cpu 37m54s wall 38m24s eta~25m01s best 85
  [1659/2738  60.6%] exit 2 U1,R3,U1,U1,R2,U3: exhausted states 2,488 best 24 0.004s | cpu 37m54s wall 38m24s eta~24m58s best 85
  [1660/2738  60.6%] exit 2 U1,R3,U1,U1,R3,U1: exhausted states 1,487 best 24 0.002s | cpu 37m54s wall 38m24s eta~24m56s best 85
  [1661/2738  60.7%] exit 2 U1,R3,U1,U1,R3,U2: exhausted states 1,294 best 24 0.002s | cpu 37m54s wall 38m24s eta~24m54s best 85
  [1662/2738  60.7%] exit 2 U1,R3,U1,U1,R3,U3: exhausted states 1,294 best 24 0.002s | cpu 37m54s wall 38m24s eta~24m52s best 85
  [1663/2738  60.7%] exit 2 U1,R3,U1,U1,L1,U1: exhausted states 274 best 12 0.0s | cpu 37m54s wall 38m24s eta~24m49s best 85
  [1664/2738  60.8%] exit 2 U1,R3,U1,U1,L1,U2: exhausted states 381 best 12 0.001s | cpu 37m54s wall 38m24s eta~24m47s best 85
  [1665/2738  60.8%] exit 2 U1,R3,U1,U1,L1,U3: exhausted states 722 best 16 0.001s | cpu 37m54s wall 38m24s eta~24m45s best 85
  [1666/2738  60.8%] exit 2 U1,R3,U1,U1,L1,L1: exhausted states 793 best 16 0.002s | cpu 37m54s wall 38m24s eta~24m42s best 85
  [1667/2738  60.9%] exit 2 U1,R3,U1,U1,L1,L3: exhausted states 2,786 best 19 0.006s | cpu 37m54s wall 38m24s eta~24m40s best 85
  [1668/2738  60.9%] exit 2 U1,R3,U1,U1,L2,U1: exhausted states 3,002 best 28 0.005s | cpu 37m54s wall 38m24s eta~24m38s best 85
  [1669/2738  61.0%] exit 2 U1,R3,U1,U1,L2,U2: exhausted states 1,210 best 18 0.003s | cpu 37m54s wall 38m24s eta~24m36s best 85
  [1670/2738  61.0%] exit 2 U1,R3,U1,U1,L2,U3: exhausted states 760 best 16 0.001s | cpu 37m54s wall 38m24s eta~24m33s best 85
  [1671/2738  61.0%] exit 2 U1,R3,U1,U1,L2,L1: exhausted states 1,037 best 18 0.002s | cpu 37m54s wall 38m24s eta~24m31s best 85
  [1672/2738  61.1%] exit 2 U1,R3,U1,U1,L2,L2: exhausted states 1,016 best 16 0.003s | cpu 37m54s wall 38m24s eta~24m29s best 85
  [1673/2738  61.1%] exit 2 U1,R3,U1,U1,L3,U1: exhausted states 282 best 12 0.001s | cpu 37m54s wall 38m24s eta~24m27s best 85
  [1674/2738  61.1%] exit 2 U1,R3,U1,U1,L3,U2: exhausted states 530 best 12 0.001s | cpu 37m54s wall 38m24s eta~24m24s best 85
  [1675/2738  61.2%] exit 2 U1,R3,U1,U1,L3,U3: exhausted states 730 best 16 0.002s | cpu 37m54s wall 38m24s eta~24m22s best 85
  [1676/2738  61.2%] exit 2 U1,R3,U1,U1,L3,L1: exhausted states 829 best 16 0.002s | cpu 37m54s wall 38m24s eta~24m20s best 85
  [1677/2738  61.2%] exit 2 U1,R3,U1,U1,L3,L2: exhausted states 1,016 best 16 0.002s | cpu 37m54s wall 38m24s eta~24m18s best 85
  [1678/2738  61.3%] exit 2 U1,R3,U1,U3,U1,R1: exhausted states 3 best 6 0.0s | cpu 37m54s wall 38m24s eta~24m16s best 85
  [1679/2738  61.3%] exit 2 U1,R3,U1,U3,U1,R2: exhausted states 2 best 6 0.0s | cpu 37m54s wall 38m24s eta~24m13s best 85
  [1680/2738  61.4%] exit 2 U1,R3,U1,U3,U1,R3: exhausted states 2 best 6 0.0s | cpu 37m54s wall 38m24s eta~24m11s best 85
  [1681/2738  61.4%] exit 2 U1,R3,U1,U3,U1,L1: exhausted states 979,676 best 62 17.194s | cpu 38m11s wall 38m42s eta~24m20s best 85
  [1682/2738  61.4%] exit 2 U1,R3,U1,U3,U1,L2: exhausted states 239,439 best 66 4.649s | cpu 38m16s wall 38m46s eta~24m20s best 85
  [1683/2738  61.5%] exit 2 U1,R3,U1,U3,U1,L3: exhausted states 21,251 best 32 0.103s | cpu 38m16s wall 38m46s eta~24m18s best 85
  [1684/2738  61.5%] exit 2 U1,R3,U1,U3,U2,R1: exhausted states 391,844 best 40 2.628s | cpu 38m18s wall 38m49s eta~24m18s best 85
  [1685/2738  61.5%] exit 2 U1,R3,U1,U3,U2,R2: exhausted states 259,789 best 44 4.23s | cpu 38m23s wall 38m53s eta~24m18s best 85
  [1686/2738  61.6%] exit 2 U1,R3,U1,U3,U2,R3: exhausted states 22,334 best 31 0.066s | cpu 38m23s wall 38m53s eta~24m16s best 85
  [1687/2738  61.6%] exit 2 U1,R3,U1,U3,U2,L1: exhausted states 1,708,198 best 46 13.179s | cpu 38m36s wall 39m07s eta~24m22s best 85
  [1688/2738  61.7%] exit 2 U1,R3,U1,U3,U2,L2: exhausted states 543,271 best 46 4.983s | cpu 38m41s wall 39m12s eta~24m23s best 85
  [1689/2738  61.7%] exit 2 U1,R3,U1,U3,U2,L3: exhausted states 159,838 best 36 1.238s | cpu 38m42s wall 39m13s eta~24m21s best 85
  [1690/2738  61.7%] exit 2 U1,R3,U1,U3,R1,U1: exhausted states 3 best 6 0.0s | cpu 38m42s wall 39m13s eta~24m19s best 85
  [1691/2738  61.8%] exit 2 U1,R3,U1,U3,R1,U2: exhausted states 2 best 6 0.0s | cpu 38m42s wall 39m13s eta~24m17s best 85
  [1692/2738  61.8%] exit 2 U1,R3,U1,U3,R1,U3: exhausted states 2 best 6 0.0s | cpu 38m42s wall 39m13s eta~24m14s best 85
  [1693/2738  61.8%] exit 2 U1,R3,U1,U3,R1,D1: exhausted states 16 best 8 0.0s | cpu 38m42s wall 39m13s eta~24m12s best 85
  [1694/2738  61.9%] exit 2 U1,R3,U1,U3,R1,D2: exhausted states 13 best 8 0.0s | cpu 38m42s wall 39m13s eta~24m10s best 85
  [1695/2738  61.9%] exit 2 U1,R3,U1,U3,R1,D3: exhausted states 13 best 8 0.0s | cpu 38m42s wall 39m13s eta~24m08s best 85
  [1696/2738  61.9%] exit 2 U1,R3,U1,U3,R2,U1: exhausted states 1,278,716 best 62 21.469s | cpu 39m03s wall 39m35s eta~24m19s best 85
  [1697/2738  62.0%] exit 2 U1,R3,U1,U3,R2,U2: exhausted states 124,183 best 38 1.097s | cpu 39m05s wall 39m36s eta~24m17s best 85
  [1698/2738  62.0%] exit 2 U1,R3,U1,U3,R2,U3: exhausted states 57,957 best 36 0.29s | cpu 39m05s wall 39m36s eta~24m15s best 85
  [1699/2738  62.1%] exit 2 U1,R3,U1,U3,R2,D1: exhausted states 16 best 8 0.0s | cpu 39m05s wall 39m36s eta~24m13s best 85
  [1700/2738  62.1%] exit 2 U1,R3,U1,U3,R2,D2: exhausted states 13 best 8 0.0s | cpu 39m05s wall 39m36s eta~24m11s best 85
  [1701/2738  62.1%] exit 2 U1,R3,U1,U3,R2,D3: exhausted states 13 best 8 0.0s | cpu 39m05s wall 39m36s eta~24m08s best 85
  [1702/2738  62.2%] exit 2 U1,R3,U1,U3,R3,U1: exhausted states 7,225 best 28 0.026s | cpu 39m05s wall 39m36s eta~24m06s best 85
  [1703/2738  62.2%] exit 2 U1,R3,U1,U3,R3,U2: exhausted states 8,216 best 28 0.043s | cpu 39m05s wall 39m36s eta~24m04s best 85
  [1704/2738  62.2%] exit 2 U1,R3,U1,U3,R3,U3: exhausted states 6,656 best 26 0.027s | cpu 39m05s wall 39m36s eta~24m02s best 85
  [1705/2738  62.3%] exit 2 U1,R3,U1,U3,R3,D1: exhausted states 16 best 8 0.0s | cpu 39m05s wall 39m36s eta~23m59s best 85
  [1706/2738  62.3%] exit 2 U1,R3,U1,U3,R3,D2: exhausted states 13 best 8 0.0s | cpu 39m05s wall 39m36s eta~23m57s best 85
  [1707/2738  62.3%] exit 2 U1,R3,U1,U3,R3,D3: exhausted states 13 best 8 0.0s | cpu 39m05s wall 39m36s eta~23m55s best 85
  [1708/2738  62.4%] exit 2 U1,R3,U1,U3,L1,U1: exhausted states 274 best 12 0.0s | cpu 39m05s wall 39m36s eta~23m53s best 85
  [1709/2738  62.4%] exit 2 U1,R3,U1,U3,L1,U2: exhausted states 281,277 best 60 3.946s | cpu 39m09s wall 39m40s eta~23m53s best 85
  [1710/2738  62.5%] exit 2 U1,R3,U1,U3,L1,U3: exhausted states 722 best 16 0.001s | cpu 39m09s wall 39m40s eta~23m51s best 85
  [1711/2738  62.5%] exit 2 U1,R3,U1,U3,L1,D1: exhausted states 5,396,053 best 66 63.879s | cpu 40m13s wall 40m44s eta~24m27s best 85
  [1712/2738  62.5%] exit 2 U1,R3,U1,U3,L1,D2: exhausted states 642,716 best 52 9.222s | cpu 40m22s wall 40m53s eta~24m30s best 85
  [1713/2738  62.6%] exit 2 U1,R3,U1,U3,L1,D3: exhausted states 2,796 best 26 0.014s | cpu 40m22s wall 40m53s eta~24m28s best 85
  [1714/2738  62.6%] exit 2 U1,R3,U1,U3,L1,L1: exhausted states 947 best 16 0.001s | cpu 40m22s wall 40m53s eta~24m26s best 85
  [1715/2738  62.6%] exit 2 U1,R3,U1,U3,L1,L3: exhausted states 235,961 best 44 1.185s | cpu 40m23s wall 40m55s eta~24m24s best 85
  [1716/2738  62.7%] exit 2 U1,R3,U1,U3,L2,U1: exhausted states 60,917 best 36 0.276s | cpu 40m24s wall 40m55s eta~24m22s best 85
  [1717/2738  62.7%] exit 2 U1,R3,U1,U3,L2,U2: exhausted states 103,620 best 42 0.927s | cpu 40m24s wall 40m56s eta~24m20s best 85
  [1718/2738  62.7%] exit 2 U1,R3,U1,U3,L2,U3: exhausted states 3,342 best 26 0.005s | cpu 40m24s wall 40m56s eta~24m18s best 85
  [1719/2738  62.8%] exit 2 U1,R3,U1,U3,L2,D1: exhausted states 1,650,754 best 58 16.528s | cpu 40m41s wall 41m12s eta~24m25s best 85
  [1720/2738  62.8%] exit 2 U1,R3,U1,U3,L2,D2: exhausted states 168,850 best 42 1.284s | cpu 40m42s wall 41m14s eta~24m24s best 85
  [1721/2738  62.9%] exit 2 U1,R3,U1,U3,L2,D3: exhausted states 1,498 best 26 0.008s | cpu 40m42s wall 41m14s eta~24m22s best 85
  [1722/2738  62.9%] exit 2 U1,R3,U1,U3,L2,L1: exhausted states 1,903 best 18 0.002s | cpu 40m42s wall 41m14s eta~24m19s best 85
  [1723/2738  62.9%] exit 2 U1,R3,U1,U3,L2,L2: exhausted states 787,251 best 58 8.691s | cpu 40m51s wall 41m23s eta~24m22s best 85
  [1724/2738  63.0%] exit 2 U1,R3,U1,U3,L3,U1: exhausted states 282 best 12 0.0s | cpu 40m51s wall 41m23s eta~24m20s best 85
  [1725/2738  63.0%] exit 2 U1,R3,U1,U3,L3,U2: exhausted states 8,309 best 30 0.042s | cpu 40m51s wall 41m23s eta~24m18s best 85
  [1726/2738  63.0%] exit 2 U1,R3,U1,U3,L3,U3: exhausted states 730 best 16 0.001s | cpu 40m51s wall 41m23s eta~24m15s best 85
  [1727/2738  63.1%] exit 2 U1,R3,U1,U3,L3,D1: exhausted states 112,419 best 40 0.685s | cpu 40m52s wall 41m23s eta~24m14s best 85
  [1728/2738  63.1%] exit 2 U1,R3,U1,U3,L3,D2: exhausted states 13,346 best 28 0.067s | cpu 40m52s wall 41m23s eta~24m11s best 85
  [1729/2738  63.1%] exit 2 U1,R3,U1,U3,L3,D3: exhausted states 684 best 22 0.002s | cpu 40m52s wall 41m23s eta~24m09s best 85
  [1730/2738  63.2%] exit 2 U1,R3,U1,U3,L3,L1: exhausted states 983 best 16 0.001s | cpu 40m52s wall 41m23s eta~24m07s best 85
  [1731/2738  63.2%] exit 2 U1,R3,U1,U3,L3,L2: exhausted states 54,233 best 40 0.309s | cpu 40m52s wall 41m24s eta~24m05s best 85
  [1732/2738  63.3%] exit 2 U1,R3,U1,R1,U1,U1: exhausted states 2,591 best 24 0.003s | cpu 40m52s wall 41m24s eta~24m02s best 85
  [1733/2738  63.3%] exit 2 U1,R3,U1,R1,U1,U3: exhausted states 2,944 best 24 0.003s | cpu 40m52s wall 41m24s eta~24m00s best 85
  [1734/2738  63.3%] exit 2 U1,R3,U1,R1,U2,U1: exhausted states 3,349 best 24 0.005s | cpu 40m52s wall 41m24s eta~23m58s best 85
  [1735/2738  63.4%] exit 2 U1,R3,U1,R1,U2,U2: exhausted states 2,944 best 24 0.003s | cpu 40m52s wall 41m24s eta~23m56s best 85
  [1736/2738  63.4%] exit 2 U1,R3,U1,R1,U3,U1: exhausted states 3,349 best 24 0.005s | cpu 40m52s wall 41m24s eta~23m53s best 85
  [1737/2738  63.4%] exit 2 U1,R3,U1,R1,U3,U2: exhausted states 2,944 best 24 0.004s | cpu 40m52s wall 41m24s eta~23m51s best 85
  [1738/2738  63.5%] exit 2 U1,R3,U1,R2,U1,U1: exhausted states 22,396 best 28 0.05s | cpu 40m52s wall 41m24s eta~23m49s best 85
  [1739/2738  63.5%] exit 2 U1,R3,U1,R2,U1,U3: exhausted states 94,537 best 48 0.455s | cpu 40m53s wall 41m24s eta~23m47s best 85
  [1740/2738  63.6%] exit 2 U1,R3,U1,R2,U1,L1: exhausted states 37,031 best 34 0.061s | cpu 40m53s wall 41m24s eta~23m45s best 85
  [1741/2738  63.6%] exit 2 U1,R3,U1,R2,U2,U1: exhausted states 27,423 best 28 0.066s | cpu 40m53s wall 41m25s eta~23m43s best 85
  [1742/2738  63.6%] exit 2 U1,R3,U1,R2,U2,U2: exhausted states 38,676 best 32 0.133s | cpu 40m53s wall 41m25s eta~23m40s best 85
  [1743/2738  63.7%] exit 2 U1,R3,U1,R2,U2,L1: exhausted states 39,443 best 34 0.078s | cpu 40m53s wall 41m25s eta~23m38s best 85
  [1744/2738  63.7%] exit 2 U1,R3,U1,R2,U3,U1: exhausted states 20,964 best 28 0.04s | cpu 40m53s wall 41m25s eta~23m36s best 85
  [1745/2738  63.7%] exit 2 U1,R3,U1,R2,U3,U2: exhausted states 24,693 best 32 0.073s | cpu 40m53s wall 41m25s eta~23m34s best 85
  [1746/2738  63.8%] exit 2 U1,R3,U1,R2,U3,L1: exhausted states 22,779 best 26 0.037s | cpu 40m53s wall 41m25s eta~23m32s best 85
  [1747/2738  63.8%] exit 2 U1,R3,U1,R3,U1,U1: exhausted states 2,453 best 24 0.003s | cpu 40m53s wall 41m25s eta~23m29s best 85
  [1748/2738  63.8%] exit 2 U1,R3,U1,R3,U1,U3: exhausted states 11,684 best 36 0.034s | cpu 40m53s wall 41m25s eta~23m27s best 85
  [1749/2738  63.9%] exit 2 U1,R3,U1,R3,U1,L1: exhausted states 10,741 best 28 0.016s | cpu 40m53s wall 41m25s eta~23m25s best 85
  [1750/2738  63.9%] exit 2 U1,R3,U1,R3,U2,U1: exhausted states 2,453 best 24 0.003s | cpu 40m53s wall 41m25s eta~23m23s best 85
  [1751/2738  64.0%] exit 2 U1,R3,U1,R3,U2,U2: exhausted states 6,398 best 36 0.015s | cpu 40m53s wall 41m25s eta~23m21s best 85
  [1752/2738  64.0%] exit 2 U1,R3,U1,R3,U2,L1: exhausted states 10,741 best 28 0.032s | cpu 40m53s wall 41m25s eta~23m18s best 85
  [1753/2738  64.0%] exit 2 U1,R3,U1,R3,U3,U1: exhausted states 2,453 best 24 0.005s | cpu 40m53s wall 41m25s eta~23m16s best 85
  [1754/2738  64.1%] exit 2 U1,R3,U1,R3,U3,U2: exhausted states 6,398 best 36 0.015s | cpu 40m53s wall 41m25s eta~23m14s best 85
  [1755/2738  64.1%] exit 2 U1,R3,U1,R3,U3,L1: exhausted states 10,741 best 28 0.018s | cpu 40m53s wall 41m25s eta~23m12s best 85
  [1756/2738  64.1%] exit 2 U1,R3,U1,L1,U1,U1: exhausted states 264 best 12 0.0s | cpu 40m53s wall 41m25s eta~23m10s best 85
  [1757/2738  64.2%] exit 2 U1,R3,U1,L1,U1,U3: exhausted states 1,105 best 16 0.001s | cpu 40m53s wall 41m25s eta~23m07s best 85
  [1758/2738  64.2%] exit 2 U1,R3,U1,L1,U1,L1: exhausted states 448 best 13 0.001s | cpu 40m53s wall 41m25s eta~23m05s best 85
  [1759/2738  64.2%] exit 2 U1,R3,U1,L1,U1,L2: exhausted states 271 best 12 0.0s | cpu 40m53s wall 41m25s eta~23m03s best 85
  [1760/2738  64.3%] exit 2 U1,R3,U1,L1,U1,L3: exhausted states 505 best 12 0.001s | cpu 40m53s wall 41m25s eta~23m01s best 85
  [1761/2738  64.3%] exit 2 U1,R3,U1,L1,U2,U1: exhausted states 282 best 12 0.0s | cpu 40m53s wall 41m25s eta~22m59s best 85
  [1762/2738  64.4%] exit 2 U1,R3,U1,L1,U2,U2: exhausted states 527 best 12 0.001s | cpu 40m53s wall 41m25s eta~22m57s best 85
  [1763/2738  64.4%] exit 2 U1,R3,U1,L1,U2,L1: exhausted states 579 best 16 0.001s | cpu 40m53s wall 41m25s eta~22m54s best 85
  [1764/2738  64.4%] exit 2 U1,R3,U1,L1,U2,L2: exhausted states 468 best 16 0.001s | cpu 40m53s wall 41m25s eta~22m52s best 85
  [1765/2738  64.5%] exit 2 U1,R3,U1,L1,U2,L3: exhausted states 936 best 16 0.001s | cpu 40m53s wall 41m26s eta~22m50s best 85
  [1766/2738  64.5%] exit 2 U1,R3,U1,L1,L1,U1: exhausted states 568 best 13 0.001s | cpu 40m53s wall 41m26s eta~22m48s best 85
  [1767/2738  64.5%] exit 2 U1,R3,U1,L1,L1,L1: exhausted states 474 best 13 0.001s | cpu 40m53s wall 41m26s eta~22m46s best 85
  [1768/2738  64.6%] exit 2 U1,R3,U1,L1,L1,L3: exhausted states 2,008 best 17 0.003s | cpu 40m53s wall 41m26s eta~22m43s best 85
  [1769/2738  64.6%] exit 2 U1,R3,U1,L1,L3,U1: exhausted states 20,499 best 32 0.054s | cpu 40m53s wall 41m26s eta~22m41s best 85
  [1770/2738  64.6%] exit 2 U1,R3,U1,L1,L3,L1: exhausted states 4,773 best 18 0.007s | cpu 40m53s wall 41m26s eta~22m39s best 85
  [1771/2738  64.7%] exit 2 U1,R3,U1,L1,L3,L2: exhausted states 63,871 best 28 0.156s | cpu 40m53s wall 41m26s eta~22m37s best 85
  [1772/2738  64.7%] exit 2 U1,R3,U1,L2,U1,U1: exhausted states 21,962 best 34 0.051s | cpu 40m53s wall 41m26s eta~22m35s best 85
  [1773/2738  64.8%] exit 2 U1,R3,U1,L2,U1,U3: exhausted states 15,121 best 30 0.03s | cpu 40m54s wall 41m26s eta~22m33s best 85
  [1774/2738  64.8%] exit 2 U1,R3,U1,L2,U1,R1: exhausted states 27,852 best 30 0.06s | cpu 40m54s wall 41m26s eta~22m31s best 85
  [1775/2738  64.8%] exit 2 U1,R3,U1,L2,U1,R2: exhausted states 31,021 best 32 0.094s | cpu 40m54s wall 41m26s eta~22m29s best 85
  [1776/2738  64.9%] exit 2 U1,R3,U1,L2,U1,R3: exhausted states 5,295 best 32 0.012s | cpu 40m54s wall 41m26s eta~22m26s best 85
  [1777/2738  64.9%] exit 2 U1,R3,U1,L2,U1,L1: exhausted states 1,046 best 20 0.001s | cpu 40m54s wall 41m26s eta~22m24s best 85
  [1778/2738  64.9%] exit 2 U1,R3,U1,L2,U1,L2: exhausted states 7,461 best 30 0.018s | cpu 40m54s wall 41m26s eta~22m22s best 85
  [1779/2738  65.0%] exit 2 U1,R3,U1,L2,U1,L3: exhausted states 811 best 15 0.001s | cpu 40m54s wall 41m26s eta~22m20s best 85
  [1780/2738  65.0%] exit 2 U1,R3,U1,L2,U2,U1: exhausted states 4,408 best 30 0.015s | cpu 40m54s wall 41m26s eta~22m18s best 85
  [1781/2738  65.0%] exit 2 U1,R3,U1,L2,U2,U2: exhausted states 1,356 best 20 0.002s | cpu 40m54s wall 41m26s eta~22m16s best 85
  [1782/2738  65.1%] exit 2 U1,R3,U1,L2,U2,R1: exhausted states 10,692 best 28 0.027s | cpu 40m54s wall 41m26s eta~22m14s best 85
  [1783/2738  65.1%] exit 2 U1,R3,U1,L2,U2,R2: exhausted states 17,049 best 30 0.048s | cpu 40m54s wall 41m26s eta~22m12s best 85
  [1784/2738  65.2%] exit 2 U1,R3,U1,L2,U2,R3: exhausted states 2,425 best 20 0.005s | cpu 40m54s wall 41m26s eta~22m09s best 85
  [1785/2738  65.2%] exit 2 U1,R3,U1,L2,U2,L1: exhausted states 1,313 best 20 0.002s | cpu 40m54s wall 41m26s eta~22m07s best 85
  [1786/2738  65.2%] exit 2 U1,R3,U1,L2,U2,L2: exhausted states 10,809 best 30 0.037s | cpu 40m54s wall 41m26s eta~22m05s best 85
  [1787/2738  65.3%] exit 2 U1,R3,U1,L2,U2,L3: exhausted states 2,474 best 19 0.004s | cpu 40m54s wall 41m27s eta~22m03s best 85
  [1788/2738  65.3%] exit 2 U1,R3,U1,L2,L1,U1: exhausted states 9,008 best 32 0.014s | cpu 40m54s wall 41m27s eta~22m01s best 85
  [1789/2738  65.3%] exit 2 U1,R3,U1,L2,L1,L1: exhausted states 4,098 best 24 0.007s | cpu 40m54s wall 41m27s eta~21m59s best 85
  [1790/2738  65.4%] exit 2 U1,R3,U1,L2,L1,L3: exhausted states 32,810 best 25 0.086s | cpu 40m54s wall 41m27s eta~21m57s best 85
  [1791/2738  65.4%] exit 2 U1,R3,U1,L2,L2,U1: exhausted states 905 best 16 0.001s | cpu 40m54s wall 41m27s eta~21m55s best 85
  [1792/2738  65.4%] exit 2 U1,R3,U1,L2,L2,L1: exhausted states 336 best 12 0.001s | cpu 40m54s wall 41m27s eta~21m53s best 85
  [1793/2738  65.5%] exit 2 U1,R3,U1,L2,L2,L2: exhausted states 437 best 12 0.001s | cpu 40m54s wall 41m27s eta~21m50s best 85
  [1794/2738  65.5%] exit 2 U1,R3,U1,L3,U1,U1: exhausted states 240 best 12 0.0s | cpu 40m54s wall 41m27s eta~21m48s best 85
  [1795/2738  65.6%] exit 2 U1,R3,U1,L3,U1,U3: exhausted states 3,868 best 28 0.006s | cpu 40m54s wall 41m27s eta~21m46s best 85
  [1796/2738  65.6%] exit 2 U1,R3,U1,L3,U1,R1: exhausted states 530 best 16 0.001s | cpu 40m54s wall 41m27s eta~21m44s best 85
  [1797/2738  65.6%] exit 2 U1,R3,U1,L3,U1,R2: exhausted states 1,593 best 14 0.002s | cpu 40m54s wall 41m27s eta~21m42s best 85
  [1798/2738  65.7%] exit 2 U1,R3,U1,L3,U1,R3: exhausted states 873 best 14 0.001s | cpu 40m54s wall 41m27s eta~21m40s best 85
  [1799/2738  65.7%] exit 2 U1,R3,U1,L3,U1,L1: exhausted states 376 best 14 0.001s | cpu 40m54s wall 41m27s eta~21m38s best 85
  [1800/2738  65.7%] exit 2 U1,R3,U1,L3,U1,L2: exhausted states 1,399 best 18 0.002s | cpu 40m54s wall 41m27s eta~21m36s best 85
  [1801/2738  65.8%] exit 2 U1,R3,U1,L3,U1,L3: exhausted states 361 best 12 0.001s | cpu 40m54s wall 41m27s eta~21m34s best 85
  [1802/2738  65.8%] exit 2 U1,R3,U1,L3,U2,U1: exhausted states 258 best 12 0.0s | cpu 40m54s wall 41m27s eta~21m32s best 85
  [1803/2738  65.9%] exit 2 U1,R3,U1,L3,U2,U2: exhausted states 518 best 12 0.001s | cpu 40m54s wall 41m27s eta~21m29s best 85
  [1804/2738  65.9%] exit 2 U1,R3,U1,L3,U2,R1: exhausted states 950 best 16 0.001s | cpu 40m54s wall 41m27s eta~21m27s best 85
  [1805/2738  65.9%] exit 2 U1,R3,U1,L3,U2,R2: exhausted states 5,019 best 26 0.008s | cpu 40m54s wall 41m27s eta~21m25s best 85
  [1806/2738  66.0%] exit 2 U1,R3,U1,L3,U2,R3: exhausted states 897 best 14 0.002s | cpu 40m54s wall 41m27s eta~21m23s best 85
  [1807/2738  66.0%] exit 2 U1,R3,U1,L3,U2,L1: exhausted states 643 best 16 0.001s | cpu 40m54s wall 41m27s eta~21m21s best 85
  [1808/2738  66.0%] exit 2 U1,R3,U1,L3,U2,L2: exhausted states 2,306 best 18 0.004s | cpu 40m54s wall 41m27s eta~21m19s best 85
  [1809/2738  66.1%] exit 2 U1,R3,U1,L3,U2,L3: exhausted states 974 best 16 0.002s | cpu 40m54s wall 41m27s eta~21m17s best 85
  [1810/2738  66.1%] exit 2 U1,R3,U1,L3,L1,U1: exhausted states 532 best 14 0.001s | cpu 40m54s wall 41m27s eta~21m15s best 85
  [1811/2738  66.1%] exit 2 U1,R3,U1,L3,L1,L1: exhausted states 558 best 14 0.001s | cpu 40m54s wall 41m27s eta~21m13s best 85
  [1812/2738  66.2%] exit 2 U1,R3,U1,L3,L1,L3: exhausted states 5,137 best 21 0.01s | cpu 40m54s wall 41m27s eta~21m11s best 85
  [1813/2738  66.2%] exit 2 U1,R3,U1,L3,L2,U1: exhausted states 975 best 17 0.001s | cpu 40m54s wall 41m27s eta~21m09s best 85
  [1814/2738  66.3%] exit 2 U1,R3,U1,L3,L2,L1: exhausted states 360 best 13 0.001s | cpu 40m54s wall 41m27s eta~21m07s best 85
  [1815/2738  66.3%] exit 2 U1,R3,U1,L3,L2,L2: exhausted states 479 best 13 0.001s | cpu 40m54s wall 41m27s eta~21m05s best 85
  [1816/2738  66.3%] exit 2 U1,R3,U2,U1,U1,R1: exhausted states 3 best 6 0.0s | cpu 40m54s wall 41m27s eta~21m03s best 85
  [1817/2738  66.4%] exit 2 U1,R3,U2,U1,U1,R2: exhausted states 2 best 6 0.0s | cpu 40m54s wall 41m27s eta~21m00s best 85
  [1818/2738  66.4%] exit 2 U1,R3,U2,U1,U1,R3: exhausted states 2 best 6 0.0s | cpu 40m54s wall 41m27s eta~20m58s best 85
  [1819/2738  66.4%] exit 2 U1,R3,U2,U1,U1,L1: exhausted states 974 best 20 0.001s | cpu 40m54s wall 41m27s eta~20m56s best 85
  [1820/2738  66.5%] exit 2 U1,R3,U2,U1,U1,L2: exhausted states 748 best 16 0.001s | cpu 40m54s wall 41m27s eta~20m54s best 85
  [1821/2738  66.5%] exit 2 U1,R3,U2,U1,U1,L3: exhausted states 748 best 16 0.001s | cpu 40m54s wall 41m27s eta~20m52s best 85
  [1822/2738  66.5%] exit 2 U1,R3,U2,U1,U3,R1: exhausted states 25 best 9 0.0s | cpu 40m54s wall 41m27s eta~20m50s best 85
  [1823/2738  66.6%] exit 2 U1,R3,U2,U1,U3,R2: exhausted states 24 best 9 0.0s | cpu 40m54s wall 41m27s eta~20m48s best 85
  [1824/2738  66.6%] exit 2 U1,R3,U2,U1,U3,R3: exhausted states 24 best 9 0.0s | cpu 40m54s wall 41m27s eta~20m46s best 85
  [1825/2738  66.7%] exit 2 U1,R3,U2,U1,U3,L1: exhausted states 40,514 best 28 0.099s | cpu 40m54s wall 41m27s eta~20m44s best 85
  [1826/2738  66.7%] exit 2 U1,R3,U2,U1,U3,L2: exhausted states 9,159 best 22 0.03s | cpu 40m54s wall 41m27s eta~20m42s best 85
  [1827/2738  66.7%] exit 2 U1,R3,U2,U1,U3,L3: exhausted states 7,824 best 22 0.022s | cpu 40m54s wall 41m28s eta~20m40s best 85
  [1828/2738  66.8%] exit 2 U1,R3,U2,U1,R1,U1: exhausted states 3 best 6 0.0s | cpu 40m54s wall 41m28s eta~20m38s best 85
  [1829/2738  66.8%] exit 2 U1,R3,U2,U1,R1,U2: exhausted states 2 best 6 0.0s | cpu 40m54s wall 41m28s eta~20m36s best 85
  [1830/2738  66.8%] exit 2 U1,R3,U2,U1,R1,U3: exhausted states 2 best 6 0.0s | cpu 40m54s wall 41m28s eta~20m34s best 85
  [1831/2738  66.9%] exit 2 U1,R3,U2,U1,R2,U1: exhausted states 3,159 best 24 0.008s | cpu 40m54s wall 41m28s eta~20m32s best 85
  [1832/2738  66.9%] exit 2 U1,R3,U2,U1,R2,U2: exhausted states 3,138 best 24 0.005s | cpu 40m54s wall 41m28s eta~20m30s best 85
  [1833/2738  66.9%] exit 2 U1,R3,U2,U1,R2,U3: exhausted states 2,488 best 24 0.006s | cpu 40m54s wall 41m28s eta~20m28s best 85
  [1834/2738  67.0%] exit 2 U1,R3,U2,U1,R3,U1: exhausted states 1,487 best 24 0.003s | cpu 40m54s wall 41m28s eta~20m26s best 85
  [1835/2738  67.0%] exit 2 U1,R3,U2,U1,R3,U2: exhausted states 1,294 best 24 0.003s | cpu 40m54s wall 41m28s eta~20m24s best 85
  [1836/2738  67.1%] exit 2 U1,R3,U2,U1,R3,U3: exhausted states 1,294 best 24 0.003s | cpu 40m54s wall 41m28s eta~20m22s best 85
  [1837/2738  67.1%] exit 2 U1,R3,U2,U1,L1,U1: exhausted states 274 best 12 0.0s | cpu 40m54s wall 41m28s eta~20m20s best 85
  [1838/2738  67.1%] exit 2 U1,R3,U2,U1,L1,U2: exhausted states 381 best 12 0.001s | cpu 40m54s wall 41m28s eta~20m18s best 85
  [1839/2738  67.2%] exit 2 U1,R3,U2,U1,L1,U3: exhausted states 722 best 16 0.001s | cpu 40m54s wall 41m28s eta~20m16s best 85
  [1840/2738  67.2%] exit 2 U1,R3,U2,U1,L1,L1: exhausted states 793 best 16 0.001s | cpu 40m54s wall 41m28s eta~20m14s best 85
  [1841/2738  67.2%] exit 2 U1,R3,U2,U1,L1,L3: exhausted states 2,786 best 19 0.006s | cpu 40m54s wall 41m28s eta~20m12s best 85
  [1842/2738  67.3%] exit 2 U1,R3,U2,U1,L2,U1: exhausted states 3,002 best 28 0.004s | cpu 40m54s wall 41m28s eta~20m10s best 85
  [1843/2738  67.3%] exit 2 U1,R3,U2,U1,L2,U2: exhausted states 1,210 best 18 0.002s | cpu 40m54s wall 41m28s eta~20m08s best 85
  [1844/2738  67.3%] exit 2 U1,R3,U2,U1,L2,U3: exhausted states 760 best 16 0.001s | cpu 40m54s wall 41m28s eta~20m06s best 85
  [1845/2738  67.4%] exit 2 U1,R3,U2,U1,L2,L1: exhausted states 1,037 best 18 0.001s | cpu 40m54s wall 41m28s eta~20m04s best 85
  [1846/2738  67.4%] exit 2 U1,R3,U2,U1,L2,L2: exhausted states 1,016 best 16 0.001s | cpu 40m54s wall 41m28s eta~20m02s best 85
  [1847/2738  67.5%] exit 2 U1,R3,U2,U1,L3,U1: exhausted states 282 best 12 0.0s | cpu 40m54s wall 41m28s eta~20m00s best 85
  [1848/2738  67.5%] exit 2 U1,R3,U2,U1,L3,U2: exhausted states 530 best 12 0.001s | cpu 40m54s wall 41m28s eta~19m58s best 85
  [1849/2738  67.5%] exit 2 U1,R3,U2,U1,L3,U3: exhausted states 730 best 16 0.001s | cpu 40m54s wall 41m28s eta~19m56s best 85
  [1850/2738  67.6%] exit 2 U1,R3,U2,U1,L3,L1: exhausted states 829 best 16 0.001s | cpu 40m54s wall 41m28s eta~19m54s best 85
  [1851/2738  67.6%] exit 2 U1,R3,U2,U1,L3,L2: exhausted states 1,016 best 16 0.001s | cpu 40m54s wall 41m28s eta~19m52s best 85
  [1852/2738  67.6%] exit 2 U1,R3,U2,U2,U1,R1: exhausted states 3 best 6 0.0s | cpu 40m54s wall 41m28s eta~19m50s best 85
  [1853/2738  67.7%] exit 2 U1,R3,U2,U2,U1,R2: exhausted states 2 best 6 0.0s | cpu 40m54s wall 41m28s eta~19m48s best 85
  [1854/2738  67.7%] exit 2 U1,R3,U2,U2,U1,R3: exhausted states 2 best 6 0.0s | cpu 40m54s wall 41m28s eta~19m46s best 85
  [1855/2738  67.8%] exit 2 U1,R3,U2,U2,U1,L1: exhausted states 1,326 best 20 0.002s | cpu 40m54s wall 41m28s eta~19m44s best 85
  [1856/2738  67.8%] exit 2 U1,R3,U2,U2,U1,L2: exhausted states 981 best 16 0.001s | cpu 40m54s wall 41m28s eta~19m42s best 85
  [1857/2738  67.8%] exit 2 U1,R3,U2,U2,U1,L3: exhausted states 981 best 16 0.001s | cpu 40m54s wall 41m28s eta~19m40s best 85
  [1858/2738  67.9%] exit 2 U1,R3,U2,U2,U2,R1: exhausted states 7 best 7 0.0s | cpu 40m54s wall 41m28s eta~19m38s best 85
  [1859/2738  67.9%] exit 2 U1,R3,U2,U2,U2,R2: exhausted states 6 best 7 0.0s | cpu 40m54s wall 41m28s eta~19m36s best 85
  [1860/2738  67.9%] exit 2 U1,R3,U2,U2,U2,R3: exhausted states 6 best 7 0.0s | cpu 40m54s wall 41m28s eta~19m34s best 85
  [1861/2738  68.0%] exit 2 U1,R3,U2,U2,U2,L1: exhausted states 1,745 best 20 0.002s | cpu 40m54s wall 41m28s eta~19m32s best 85
  [1862/2738  68.0%] exit 2 U1,R3,U2,U2,U2,L2: exhausted states 1,450 best 16 0.002s | cpu 40m54s wall 41m28s eta~19m30s best 85
  [1863/2738  68.0%] exit 2 U1,R3,U2,U2,U2,L3: exhausted states 1,450 best 16 0.002s | cpu 40m54s wall 41m28s eta~19m28s best 85
  [1864/2738  68.1%] exit 2 U1,R3,U2,U2,R1,U1: exhausted states 3 best 6 0.0s | cpu 40m54s wall 41m28s eta~19m26s best 85
  [1865/2738  68.1%] exit 2 U1,R3,U2,U2,R1,U2: exhausted states 2 best 6 0.0s | cpu 40m54s wall 41m28s eta~19m24s best 85
  [1866/2738  68.2%] exit 2 U1,R3,U2,U2,R1,U3: exhausted states 2 best 6 0.0s | cpu 40m54s wall 41m28s eta~19m23s best 85
  [1867/2738  68.2%] exit 2 U1,R3,U2,U2,R1,D1: exhausted states 6 best 6 0.0s | cpu 40m54s wall 41m28s eta~19m21s best 85
  [1868/2738  68.2%] exit 2 U1,R3,U2,U2,R1,D2: exhausted states 3 best 6 0.0s | cpu 40m54s wall 41m28s eta~19m19s best 85
  [1869/2738  68.3%] exit 2 U1,R3,U2,U2,R1,D3: exhausted states 3 best 6 0.0s | cpu 40m54s wall 41m28s eta~19m17s best 85
  [1870/2738  68.3%] exit 2 U1,R3,U2,U2,R2,U1: exhausted states 24,269 best 28 0.047s | cpu 40m54s wall 41m28s eta~19m15s best 85
  [1871/2738  68.3%] exit 2 U1,R3,U2,U2,R2,U2: exhausted states 17,201 best 28 0.034s | cpu 40m54s wall 41m28s eta~19m13s best 85
  [1872/2738  68.4%] exit 2 U1,R3,U2,U2,R2,U3: exhausted states 17,201 best 28 0.036s | cpu 40m54s wall 41m28s eta~19m11s best 85
  [1873/2738  68.4%] exit 2 U1,R3,U2,U2,R2,D1: exhausted states 6 best 6 0.0s | cpu 40m54s wall 41m28s eta~19m09s best 85
  [1874/2738  68.4%] exit 2 U1,R3,U2,U2,R2,D2: exhausted states 3 best 6 0.0s | cpu 40m54s wall 41m29s eta~19m07s best 85
  [1875/2738  68.5%] exit 2 U1,R3,U2,U2,R2,D3: exhausted states 3 best 6 0.0s | cpu 40m54s wall 41m29s eta~19m05s best 85
  [1876/2738  68.5%] exit 2 U1,R3,U2,U2,R3,U1: exhausted states 2,471 best 24 0.004s | cpu 40m54s wall 41m29s eta~19m03s best 85
  [1877/2738  68.6%] exit 2 U1,R3,U2,U2,R3,U2: exhausted states 2,470 best 24 0.004s | cpu 40m54s wall 41m29s eta~19m01s best 85
  [1878/2738  68.6%] exit 2 U1,R3,U2,U2,R3,U3: exhausted states 2,470 best 24 0.005s | cpu 40m54s wall 41m29s eta~18m59s best 85
  [1879/2738  68.6%] exit 2 U1,R3,U2,U2,R3,D1: exhausted states 6 best 6 0.0s | cpu 40m54s wall 41m29s eta~18m57s best 85
  [1880/2738  68.7%] exit 2 U1,R3,U2,U2,R3,D2: exhausted states 3 best 6 0.0s | cpu 40m54s wall 41m29s eta~18m55s best 85
  [1881/2738  68.7%] exit 2 U1,R3,U2,U2,R3,D3: exhausted states 3 best 6 0.0s | cpu 40m54s wall 41m29s eta~18m54s best 85
  [1882/2738  68.7%] exit 2 U1,R3,U2,U2,L1,U1: exhausted states 274 best 12 0.0s | cpu 40m54s wall 41m29s eta~18m52s best 85
  [1883/2738  68.8%] exit 2 U1,R3,U2,U2,L1,U2: exhausted states 1,842 best 18 0.003s | cpu 40m54s wall 41m29s eta~18m50s best 85
  [1884/2738  68.8%] exit 2 U1,R3,U2,U2,L1,U3: exhausted states 722 best 16 0.001s | cpu 40m54s wall 41m29s eta~18m48s best 85
  [1885/2738  68.8%] exit 2 U1,R3,U2,U2,L1,D1: exhausted states 267 best 11 0.0s | cpu 40m54s wall 41m29s eta~18m46s best 85
  [1886/2738  68.9%] exit 2 U1,R3,U2,U2,L1,D2: exhausted states 1,636 best 18 0.003s | cpu 40m54s wall 41m29s eta~18m44s best 85
  [1887/2738  68.9%] exit 2 U1,R3,U2,U2,L1,D3: exhausted states 336 best 16 0.001s | cpu 40m54s wall 41m29s eta~18m42s best 85
  [1888/2738  69.0%] exit 2 U1,R3,U2,U2,L1,L1: exhausted states 902 best 16 0.002s | cpu 40m54s wall 41m29s eta~18m40s best 85
  [1889/2738  69.0%] exit 2 U1,R3,U2,U2,L1,L3: exhausted states 12,560 best 27 0.022s | cpu 40m54s wall 41m29s eta~18m38s best 85
  [1890/2738  69.0%] exit 2 U1,R3,U2,U2,L2,U1: exhausted states 28,568 best 32 0.067s | cpu 40m54s wall 41m29s eta~18m36s best 85
  [1891/2738  69.1%] exit 2 U1,R3,U2,U2,L2,U2: exhausted states 8,018 best 28 0.019s | cpu 40m54s wall 41m29s eta~18m35s best 85
  [1892/2738  69.1%] exit 2 U1,R3,U2,U2,L2,U3: exhausted states 3,222 best 26 0.007s | cpu 40m54s wall 41m29s eta~18m33s best 85
  [1893/2738  69.1%] exit 2 U1,R3,U2,U2,L2,D1: exhausted states 267 best 11 0.0s | cpu 40m54s wall 41m29s eta~18m31s best 85
  [1894/2738  69.2%] exit 2 U1,R3,U2,U2,L2,D2: exhausted states 13,305 best 32 0.036s | cpu 40m55s wall 41m29s eta~18m29s best 85
  [1895/2738  69.2%] exit 2 U1,R3,U2,U2,L2,D3: exhausted states 336 best 16 0.001s | cpu 40m55s wall 41m29s eta~18m27s best 85
  [1896/2738  69.2%] exit 2 U1,R3,U2,U2,L2,L1: exhausted states 1,378 best 18 0.002s | cpu 40m55s wall 41m29s eta~18m25s best 85
  [1897/2738  69.3%] exit 2 U1,R3,U2,U2,L2,L2: exhausted states 1,407 best 16 0.002s | cpu 40m55s wall 41m29s eta~18m23s best 85
  [1898/2738  69.3%] exit 2 U1,R3,U2,U2,L3,U1: exhausted states 282 best 12 0.0s | cpu 40m55s wall 41m29s eta~18m21s best 85
  [1899/2738  69.4%] exit 2 U1,R3,U2,U2,L3,U2: exhausted states 2,488 best 20 0.004s | cpu 40m55s wall 41m29s eta~18m19s best 85
  [1900/2738  69.4%] exit 2 U1,R3,U2,U2,L3,U3: exhausted states 730 best 16 0.001s | cpu 40m55s wall 41m29s eta~18m18s best 85
  [1901/2738  69.4%] exit 2 U1,R3,U2,U2,L3,D1: exhausted states 267 best 11 0.001s | cpu 40m55s wall 41m29s eta~18m16s best 85
  [1902/2738  69.5%] exit 2 U1,R3,U2,U2,L3,D2: exhausted states 2,977 best 18 0.005s | cpu 40m55s wall 41m29s eta~18m14s best 85
  [1903/2738  69.5%] exit 2 U1,R3,U2,U2,L3,D3: exhausted states 336 best 16 0.001s | cpu 40m55s wall 41m29s eta~18m12s best 85
  [1904/2738  69.5%] exit 2 U1,R3,U2,U2,L3,L1: exhausted states 938 best 16 0.002s | cpu 40m55s wall 41m29s eta~18m10s best 85
  [1905/2738  69.6%] exit 2 U1,R3,U2,U2,L3,L2: exhausted states 1,407 best 16 0.003s | cpu 40m55s wall 41m29s eta~18m08s best 85
  [1906/2738  69.6%] exit 2 U1,R3,U2,R1,U1,U1: exhausted states 2,591 best 24 0.003s | cpu 40m55s wall 41m29s eta~18m06s best 85
  [1907/2738  69.6%] exit 2 U1,R3,U2,R1,U1,U3: exhausted states 2,944 best 24 0.004s | cpu 40m55s wall 41m29s eta~18m04s best 85
  [1908/2738  69.7%] exit 2 U1,R3,U2,R1,U2,U1: exhausted states 3,349 best 24 0.005s | cpu 40m55s wall 41m29s eta~18m03s best 85
  [1909/2738  69.7%] exit 2 U1,R3,U2,R1,U2,U2: exhausted states 2,944 best 24 0.005s | cpu 40m55s wall 41m29s eta~18m01s best 85
  [1910/2738  69.8%] exit 2 U1,R3,U2,R1,U3,U1: exhausted states 3,349 best 24 0.005s | cpu 40m55s wall 41m29s eta~17m59s best 85
  [1911/2738  69.8%] exit 2 U1,R3,U2,R1,U3,U2: exhausted states 2,944 best 24 0.005s | cpu 40m55s wall 41m29s eta~17m57s best 85
  [1912/2738  69.8%] exit 2 U1,R3,U2,R2,U1,U1: exhausted states 23,908 best 28 0.055s | cpu 40m55s wall 41m29s eta~17m55s best 85
  [1913/2738  69.9%] exit 2 U1,R3,U2,R2,U1,U3: exhausted states 97,031 best 48 0.511s | cpu 40m55s wall 41m30s eta~17m54s best 85
  [1914/2738  69.9%] exit 2 U1,R3,U2,R2,U1,L1: exhausted states 43,722 best 34 0.073s | cpu 40m55s wall 41m30s eta~17m52s best 85
  [1915/2738  69.9%] exit 2 U1,R3,U2,R2,U2,U1: exhausted states 27,423 best 28 0.071s | cpu 40m55s wall 41m30s eta~17m50s best 85
  [1916/2738  70.0%] exit 2 U1,R3,U2,R2,U2,U2: exhausted states 43,361 best 32 0.231s | cpu 40m56s wall 41m30s eta~17m48s best 85
  [1917/2738  70.0%] exit 2 U1,R3,U2,R2,U2,L1: exhausted states 43,578 best 34 0.112s | cpu 40m56s wall 41m31s eta~17m46s best 85
  [1918/2738  70.1%] exit 2 U1,R3,U2,R2,U3,U1: exhausted states 27,423 best 28 0.071s | cpu 40m56s wall 41m31s eta~17m45s best 85
  [1919/2738  70.1%] exit 2 U1,R3,U2,R2,U3,U2: exhausted states 41,627 best 32 0.13s | cpu 40m56s wall 41m31s eta~17m43s best 85
  [1920/2738  70.1%] exit 2 U1,R3,U2,R2,U3,L1: exhausted states 43,578 best 34 0.093s | cpu 40m56s wall 41m31s eta~17m41s best 85
  [1921/2738  70.2%] exit 2 U1,R3,U2,R3,U1,U1: exhausted states 2,453 best 24 0.003s | cpu 40m56s wall 41m31s eta~17m39s best 85
  [1922/2738  70.2%] exit 2 U1,R3,U2,R3,U1,U3: exhausted states 11,684 best 36 0.024s | cpu 40m56s wall 41m31s eta~17m37s best 85
  [1923/2738  70.2%] exit 2 U1,R3,U2,R3,U1,L1: exhausted states 10,741 best 28 0.015s | cpu 40m56s wall 41m31s eta~17m35s best 85
  [1924/2738  70.3%] exit 2 U1,R3,U2,R3,U2,U1: exhausted states 2,453 best 24 0.003s | cpu 40m56s wall 41m31s eta~17m34s best 85
  [1925/2738  70.3%] exit 2 U1,R3,U2,R3,U2,U2: exhausted states 6,398 best 36 0.012s | cpu 40m56s wall 41m31s eta~17m32s best 85
  [1926/2738  70.3%] exit 2 U1,R3,U2,R3,U2,L1: exhausted states 10,741 best 28 0.015s | cpu 40m56s wall 41m31s eta~17m30s best 85
  [1927/2738  70.4%] exit 2 U1,R3,U2,R3,U3,U1: exhausted states 2,453 best 24 0.003s | cpu 40m56s wall 41m31s eta~17m28s best 85
  [1928/2738  70.4%] exit 2 U1,R3,U2,R3,U3,U2: exhausted states 6,398 best 36 0.012s | cpu 40m56s wall 41m31s eta~17m26s best 85
  [1929/2738  70.5%] exit 2 U1,R3,U2,R3,U3,L1: exhausted states 10,741 best 28 0.024s | cpu 40m56s wall 41m31s eta~17m24s best 85
  [1930/2738  70.5%] exit 2 U1,R3,U2,L1,U1,U1: exhausted states 264 best 12 0.0s | cpu 40m56s wall 41m31s eta~17m23s best 85
  [1931/2738  70.5%] exit 2 U1,R3,U2,L1,U1,U3: exhausted states 1,105 best 16 0.002s | cpu 40m56s wall 41m31s eta~17m21s best 85
  [1932/2738  70.6%] exit 2 U1,R3,U2,L1,U1,L1: exhausted states 448 best 13 0.001s | cpu 40m56s wall 41m31s eta~17m19s best 85
  [1933/2738  70.6%] exit 2 U1,R3,U2,L1,U1,L2: exhausted states 271 best 12 0.001s | cpu 40m56s wall 41m31s eta~17m17s best 85
  [1934/2738  70.6%] exit 2 U1,R3,U2,L1,U1,L3: exhausted states 505 best 12 0.001s | cpu 40m56s wall 41m31s eta~17m15s best 85
  [1935/2738  70.7%] exit 2 U1,R3,U2,L1,U2,U1: exhausted states 282 best 12 0.0s | cpu 40m56s wall 41m31s eta~17m14s best 85
  [1936/2738  70.7%] exit 2 U1,R3,U2,L1,U2,U2: exhausted states 527 best 12 0.001s | cpu 40m56s wall 41m31s eta~17m12s best 85
  [1937/2738  70.7%] exit 2 U1,R3,U2,L1,U2,L1: exhausted states 579 best 16 0.001s | cpu 40m56s wall 41m31s eta~17m10s best 85
  [1938/2738  70.8%] exit 2 U1,R3,U2,L1,U2,L2: exhausted states 468 best 16 0.001s | cpu 40m56s wall 41m31s eta~17m08s best 85
  [1939/2738  70.8%] exit 2 U1,R3,U2,L1,U2,L3: exhausted states 936 best 16 0.001s | cpu 40m56s wall 41m31s eta~17m06s best 85
  [1940/2738  70.9%] exit 2 U1,R3,U2,L1,L1,U1: exhausted states 568 best 13 0.001s | cpu 40m56s wall 41m31s eta~17m05s best 85
  [1941/2738  70.9%] exit 2 U1,R3,U2,L1,L1,L1: exhausted states 474 best 13 0.001s | cpu 40m56s wall 41m31s eta~17m03s best 85
  [1942/2738  70.9%] exit 2 U1,R3,U2,L1,L1,L3: exhausted states 2,008 best 17 0.003s | cpu 40m56s wall 41m31s eta~17m01s best 85
  [1943/2738  71.0%] exit 2 U1,R3,U2,L1,L3,U1: exhausted states 34,083 best 33 0.097s | cpu 40m56s wall 41m32s eta~16m59s best 85
  [1944/2738  71.0%] exit 2 U1,R3,U2,L1,L3,L1: exhausted states 8,589 best 18 0.013s | cpu 40m56s wall 41m32s eta~16m57s best 85
  [1945/2738  71.0%] exit 2 U1,R3,U2,L1,L3,L2: exhausted states 102,001 best 29 0.253s | cpu 40m56s wall 41m32s eta~16m56s best 85
  [1946/2738  71.1%] exit 2 U1,R3,U2,L2,U1,U1: exhausted states 43,702 best 34 0.108s | cpu 40m57s wall 41m32s eta~16m54s best 85
  [1947/2738  71.1%] exit 2 U1,R3,U2,L2,U1,U3: exhausted states 24,313 best 30 0.052s | cpu 40m57s wall 41m32s eta~16m52s best 85
  [1948/2738  71.1%] exit 2 U1,R3,U2,L2,U1,R1: exhausted states 54,802 best 30 0.12s | cpu 40m57s wall 41m32s eta~16m50s best 85
  [1949/2738  71.2%] exit 2 U1,R3,U2,L2,U1,R2: exhausted states 60,455 best 32 0.218s | cpu 40m57s wall 41m32s eta~16m49s best 85
  [1950/2738  71.2%] exit 2 U1,R3,U2,L2,U1,R3: exhausted states 9,723 best 32 0.019s | cpu 40m57s wall 41m32s eta~16m47s best 85
  [1951/2738  71.3%] exit 2 U1,R3,U2,L2,U1,L1: exhausted states 1,860 best 20 0.002s | cpu 40m57s wall 41m32s eta~16m45s best 85
  [1952/2738  71.3%] exit 2 U1,R3,U2,L2,U1,L2: exhausted states 13,691 best 30 0.043s | cpu 40m57s wall 41m33s eta~16m43s best 85
  [1953/2738  71.3%] exit 2 U1,R3,U2,L2,U1,L3: exhausted states 1,369 best 15 0.003s | cpu 40m57s wall 41m33s eta~16m42s best 85
  [1954/2738  71.4%] exit 2 U1,R3,U2,L2,U2,U1: exhausted states 8,576 best 30 0.03s | cpu 40m57s wall 41m33s eta~16m40s best 85
  [1955/2738  71.4%] exit 2 U1,R3,U2,L2,U2,U2: exhausted states 2,236 best 20 0.004s | cpu 40m57s wall 41m33s eta~16m38s best 85
  [1956/2738  71.4%] exit 2 U1,R3,U2,L2,U2,R1: exhausted states 23,030 best 32 0.05s | cpu 40m57s wall 41m33s eta~16m36s best 85
  [1957/2738  71.5%] exit 2 U1,R3,U2,L2,U2,R2: exhausted states 32,699 best 30 0.09s | cpu 40m57s wall 41m33s eta~16m35s best 85
  [1958/2738  71.5%] exit 2 U1,R3,U2,L2,U2,R3: exhausted states 4,015 best 20 0.008s | cpu 40m57s wall 41m33s eta~16m33s best 85
  [1959/2738  71.5%] exit 2 U1,R3,U2,L2,U2,L1: exhausted states 2,127 best 20 0.003s | cpu 40m57s wall 41m33s eta~16m31s best 85
  [1960/2738  71.6%] exit 2 U1,R3,U2,L2,U2,L2: exhausted states 24,102 best 30 0.072s | cpu 40m57s wall 41m33s eta~16m29s best 85
  [1961/2738  71.6%] exit 2 U1,R3,U2,L2,U2,L3: exhausted states 4,334 best 19 0.008s | cpu 40m57s wall 41m33s eta~16m27s best 85
  [1962/2738  71.7%] exit 2 U1,R3,U2,L2,L1,U1: exhausted states 17,784 best 32 0.027s | cpu 40m57s wall 41m33s eta~16m26s best 85
  [1963/2738  71.7%] exit 2 U1,R3,U2,L2,L1,L1: exhausted states 7,974 best 24 0.011s | cpu 40m57s wall 41m33s eta~16m24s best 85
  [1964/2738  71.7%] exit 2 U1,R3,U2,L2,L1,L3: exhausted states 62,920 best 25 0.181s | cpu 40m57s wall 41m33s eta~16m22s best 85
  [1965/2738  71.8%] exit 2 U1,R3,U2,L2,L2,U1: exhausted states 905 best 16 0.001s | cpu 40m57s wall 41m33s eta~16m20s best 85
  [1966/2738  71.8%] exit 2 U1,R3,U2,L2,L2,L1: exhausted states 336 best 12 0.0s | cpu 40m57s wall 41m33s eta~16m19s best 85
  [1967/2738  71.8%] exit 2 U1,R3,U2,L2,L2,L2: exhausted states 437 best 12 0.001s | cpu 40m57s wall 41m33s eta~16m17s best 85
  [1968/2738  71.9%] exit 2 U1,R3,U2,L3,U1,U1: exhausted states 240 best 12 0.0s | cpu 40m57s wall 41m33s eta~16m15s best 85
  [1969/2738  71.9%] exit 2 U1,R3,U2,L3,U1,U3: exhausted states 3,868 best 28 0.006s | cpu 40m57s wall 41m33s eta~16m13s best 85
  [1970/2738  72.0%] exit 2 U1,R3,U2,L3,U1,R1: exhausted states 530 best 16 0.001s | cpu 40m57s wall 41m33s eta~16m12s best 85
  [1971/2738  72.0%] exit 2 U1,R3,U2,L3,U1,R2: exhausted states 1,593 best 14 0.002s | cpu 40m57s wall 41m33s eta~16m10s best 85
  [1972/2738  72.0%] exit 2 U1,R3,U2,L3,U1,R3: exhausted states 873 best 14 0.001s | cpu 40m57s wall 41m33s eta~16m08s best 85
  [1973/2738  72.1%] exit 2 U1,R3,U2,L3,U1,L1: exhausted states 376 best 14 0.001s | cpu 40m57s wall 41m33s eta~16m06s best 85
  [1974/2738  72.1%] exit 2 U1,R3,U2,L3,U1,L2: exhausted states 1,399 best 18 0.002s | cpu 40m57s wall 41m33s eta~16m05s best 85
  [1975/2738  72.1%] exit 2 U1,R3,U2,L3,U1,L3: exhausted states 361 best 12 0.001s | cpu 40m57s wall 41m33s eta~16m03s best 85
  [1976/2738  72.2%] exit 2 U1,R3,U2,L3,U2,U1: exhausted states 258 best 12 0.0s | cpu 40m57s wall 41m33s eta~16m01s best 85
  [1977/2738  72.2%] exit 2 U1,R3,U2,L3,U2,U2: exhausted states 518 best 12 0.001s | cpu 40m57s wall 41m33s eta~15m59s best 85
  [1978/2738  72.2%] exit 2 U1,R3,U2,L3,U2,R1: exhausted states 950 best 16 0.001s | cpu 40m57s wall 41m33s eta~15m58s best 85
  [1979/2738  72.3%] exit 2 U1,R3,U2,L3,U2,R2: exhausted states 6,769 best 26 0.012s | cpu 40m57s wall 41m33s eta~15m56s best 85
  [1980/2738  72.3%] exit 2 U1,R3,U2,L3,U2,R3: exhausted states 921 best 14 0.001s | cpu 40m57s wall 41m33s eta~15m54s best 85
  [1981/2738  72.4%] exit 2 U1,R3,U2,L3,U2,L1: exhausted states 643 best 16 0.001s | cpu 40m57s wall 41m33s eta~15m53s best 85
  [1982/2738  72.4%] exit 2 U1,R3,U2,L3,U2,L2: exhausted states 4,120 best 26 0.007s | cpu 40m57s wall 41m34s eta~15m51s best 85
  [1983/2738  72.4%] exit 2 U1,R3,U2,L3,U2,L3: exhausted states 974 best 16 0.002s | cpu 40m57s wall 41m34s eta~15m49s best 85
  [1984/2738  72.5%] exit 2 U1,R3,U2,L3,L1,U1: exhausted states 532 best 14 0.001s | cpu 40m57s wall 41m34s eta~15m47s best 85
  [1985/2738  72.5%] exit 2 U1,R3,U2,L3,L1,L1: exhausted states 558 best 14 0.001s | cpu 40m57s wall 41m34s eta~15m46s best 85
  [1986/2738  72.5%] exit 2 U1,R3,U2,L3,L1,L3: exhausted states 5,137 best 21 0.009s | cpu 40m57s wall 41m34s eta~15m44s best 85
  [1987/2738  72.6%] exit 2 U1,R3,U2,L3,L2,U1: exhausted states 975 best 17 0.001s | cpu 40m57s wall 41m34s eta~15m42s best 85
  [1988/2738  72.6%] exit 2 U1,R3,U2,L3,L2,L1: exhausted states 360 best 13 0.001s | cpu 40m57s wall 41m34s eta~15m40s best 85
  [1989/2738  72.6%] exit 2 U1,R3,U2,L3,L2,L2: exhausted states 479 best 13 0.001s | cpu 40m58s wall 41m34s eta~15m39s best 85
  [1990/2738  72.7%] exit 2 U1,R3,U3,U1,U1,R1: exhausted states 3 best 6 0.0s | cpu 40m58s wall 41m34s eta~15m37s best 85
  [1991/2738  72.7%] exit 2 U1,R3,U3,U1,U1,R2: exhausted states 2 best 6 0.0s | cpu 40m58s wall 41m34s eta~15m35s best 85
  [1992/2738  72.8%] exit 2 U1,R3,U3,U1,U1,R3: exhausted states 2 best 6 0.0s | cpu 40m58s wall 41m34s eta~15m34s best 85
  [1993/2738  72.8%] exit 2 U1,R3,U3,U1,U1,L1: exhausted states 974 best 20 0.001s | cpu 40m58s wall 41m34s eta~15m32s best 85
  [1994/2738  72.8%] exit 2 U1,R3,U3,U1,U1,L2: exhausted states 748 best 16 0.001s | cpu 40m58s wall 41m34s eta~15m30s best 85
  [1995/2738  72.9%] exit 2 U1,R3,U3,U1,U1,L3: exhausted states 748 best 16 0.001s | cpu 40m58s wall 41m34s eta~15m28s best 85
  [1996/2738  72.9%] exit 2 U1,R3,U3,U1,U3,R1: exhausted states 25 best 10 0.0s | cpu 40m58s wall 41m34s eta~15m27s best 85
  [1997/2738  72.9%] exit 2 U1,R3,U3,U1,U3,R2: exhausted states 24 best 10 0.0s | cpu 40m58s wall 41m34s eta~15m25s best 85
  [1998/2738  73.0%] exit 2 U1,R3,U3,U1,U3,R3: exhausted states 24 best 10 0.0s | cpu 40m58s wall 41m34s eta~15m23s best 85
  [1999/2738  73.0%] exit 2 U1,R3,U3,U1,U3,L1: exhausted states 40,514 best 28 0.119s | cpu 40m58s wall 41m34s eta~15m22s best 85
  [2000/2738  73.0%] exit 2 U1,R3,U3,U1,U3,L2: exhausted states 9,159 best 22 0.03s | cpu 40m58s wall 41m34s eta~15m20s best 85
  [2001/2738  73.1%] exit 2 U1,R3,U3,U1,U3,L3: exhausted states 7,824 best 22 0.04s | cpu 40m58s wall 41m34s eta~15m18s best 85
  [2002/2738  73.1%] exit 2 U1,R3,U3,U1,R1,U1: exhausted states 3 best 6 0.0s | cpu 40m58s wall 41m34s eta~15m17s best 85
  [2003/2738  73.2%] exit 2 U1,R3,U3,U1,R1,U2: exhausted states 2 best 6 0.0s | cpu 40m58s wall 41m34s eta~15m15s best 85
  [2004/2738  73.2%] exit 2 U1,R3,U3,U1,R1,U3: exhausted states 2 best 6 0.0s | cpu 40m58s wall 41m34s eta~15m13s best 85
  [2005/2738  73.2%] exit 2 U1,R3,U3,U1,R2,U1: exhausted states 3,159 best 24 0.008s | cpu 40m58s wall 41m34s eta~15m11s best 85
  [2006/2738  73.3%] exit 2 U1,R3,U3,U1,R2,U2: exhausted states 3,138 best 24 0.005s | cpu 40m58s wall 41m34s eta~15m10s best 85
  [2007/2738  73.3%] exit 2 U1,R3,U3,U1,R2,U3: exhausted states 2,488 best 24 0.004s | cpu 40m58s wall 41m34s eta~15m08s best 85
  [2008/2738  73.3%] exit 2 U1,R3,U3,U1,R3,U1: exhausted states 1,487 best 24 0.003s | cpu 40m58s wall 41m34s eta~15m06s best 85
  [2009/2738  73.4%] exit 2 U1,R3,U3,U1,R3,U2: exhausted states 1,294 best 24 0.003s | cpu 40m58s wall 41m34s eta~15m05s best 85
  [2010/2738  73.4%] exit 2 U1,R3,U3,U1,R3,U3: exhausted states 1,294 best 24 0.003s | cpu 40m58s wall 41m34s eta~15m03s best 85
  [2011/2738  73.4%] exit 2 U1,R3,U3,U1,L1,U1: exhausted states 274 best 12 0.0s | cpu 40m58s wall 41m34s eta~15m01s best 85
  [2012/2738  73.5%] exit 2 U1,R3,U3,U1,L1,U2: exhausted states 381 best 12 0.0s | cpu 40m58s wall 41m34s eta~15m00s best 85
  [2013/2738  73.5%] exit 2 U1,R3,U3,U1,L1,U3: exhausted states 722 best 16 0.001s | cpu 40m58s wall 41m34s eta~14m58s best 85
  [2014/2738  73.6%] exit 2 U1,R3,U3,U1,L1,L1: exhausted states 793 best 16 0.001s | cpu 40m58s wall 41m34s eta~14m56s best 85
  [2015/2738  73.6%] exit 2 U1,R3,U3,U1,L1,L3: exhausted states 2,786 best 19 0.006s | cpu 40m58s wall 41m34s eta~14m55s best 85
  [2016/2738  73.6%] exit 2 U1,R3,U3,U1,L2,U1: exhausted states 3,002 best 28 0.004s | cpu 40m58s wall 41m34s eta~14m53s best 85
  [2017/2738  73.7%] exit 2 U1,R3,U3,U1,L2,U2: exhausted states 1,210 best 18 0.002s | cpu 40m58s wall 41m34s eta~14m51s best 85
  [2018/2738  73.7%] exit 2 U1,R3,U3,U1,L2,U3: exhausted states 760 best 16 0.001s | cpu 40m58s wall 41m34s eta~14m50s best 85
  [2019/2738  73.7%] exit 2 U1,R3,U3,U1,L2,L1: exhausted states 1,037 best 18 0.002s | cpu 40m58s wall 41m34s eta~14m48s best 85
  [2020/2738  73.8%] exit 2 U1,R3,U3,U1,L2,L2: exhausted states 1,016 best 16 0.002s | cpu 40m58s wall 41m34s eta~14m46s best 85
  [2021/2738  73.8%] exit 2 U1,R3,U3,U1,L3,U1: exhausted states 282 best 12 0.0s | cpu 40m58s wall 41m34s eta~14m45s best 85
  [2022/2738  73.8%] exit 2 U1,R3,U3,U1,L3,U2: exhausted states 530 best 12 0.001s | cpu 40m58s wall 41m34s eta~14m43s best 85
  [2023/2738  73.9%] exit 2 U1,R3,U3,U1,L3,U3: exhausted states 730 best 16 0.001s | cpu 40m58s wall 41m34s eta~14m41s best 85
  [2024/2738  73.9%] exit 2 U1,R3,U3,U1,L3,L1: exhausted states 829 best 16 0.001s | cpu 40m58s wall 41m34s eta~14m40s best 85
  [2025/2738  74.0%] exit 2 U1,R3,U3,U1,L3,L2: exhausted states 1,016 best 16 0.002s | cpu 40m58s wall 41m35s eta~14m38s best 85
  [2026/2738  74.0%] exit 2 U1,R3,U3,U2,U1,R1: exhausted states 3 best 6 0.0s | cpu 40m58s wall 41m35s eta~14m36s best 85
  [2027/2738  74.0%] exit 2 U1,R3,U3,U2,U1,R2: exhausted states 2 best 6 0.0s | cpu 40m58s wall 41m35s eta~14m35s best 85
  [2028/2738  74.1%] exit 2 U1,R3,U3,U2,U1,R3: exhausted states 2 best 6 0.0s | cpu 40m58s wall 41m35s eta~14m33s best 85
  [2029/2738  74.1%] exit 2 U1,R3,U3,U2,U1,L1: exhausted states 1,326 best 20 0.002s | cpu 40m58s wall 41m35s eta~14m31s best 85
  [2030/2738  74.1%] exit 2 U1,R3,U3,U2,U1,L2: exhausted states 981 best 16 0.001s | cpu 40m58s wall 41m35s eta~14m30s best 85
  [2031/2738  74.2%] exit 2 U1,R3,U3,U2,U1,L3: exhausted states 981 best 16 0.001s | cpu 40m58s wall 41m35s eta~14m28s best 85
  [2032/2738  74.2%] exit 2 U1,R3,U3,U2,U2,R1: exhausted states 7 best 7 0.0s | cpu 40m58s wall 41m35s eta~14m26s best 85
  [2033/2738  74.3%] exit 2 U1,R3,U3,U2,U2,R2: exhausted states 6 best 7 0.0s | cpu 40m58s wall 41m35s eta~14m25s best 85
  [2034/2738  74.3%] exit 2 U1,R3,U3,U2,U2,R3: exhausted states 6 best 7 0.0s | cpu 40m58s wall 41m35s eta~14m23s best 85
  [2035/2738  74.3%] exit 2 U1,R3,U3,U2,U2,L1: exhausted states 1,745 best 20 0.003s | cpu 40m58s wall 41m35s eta~14m21s best 85
  [2036/2738  74.4%] exit 2 U1,R3,U3,U2,U2,L2: exhausted states 1,450 best 16 0.002s | cpu 40m58s wall 41m35s eta~14m20s best 85
  [2037/2738  74.4%] exit 2 U1,R3,U3,U2,U2,L3: exhausted states 1,450 best 16 0.002s | cpu 40m58s wall 41m35s eta~14m18s best 85
  [2038/2738  74.4%] exit 2 U1,R3,U3,U2,R1,U1: exhausted states 3 best 6 0.0s | cpu 40m58s wall 41m35s eta~14m17s best 85
  [2039/2738  74.5%] exit 2 U1,R3,U3,U2,R1,U2: exhausted states 2 best 6 0.0s | cpu 40m58s wall 41m35s eta~14m15s best 85
  [2040/2738  74.5%] exit 2 U1,R3,U3,U2,R1,U3: exhausted states 2 best 6 0.0s | cpu 40m58s wall 41m35s eta~14m13s best 85
  [2041/2738  74.5%] exit 2 U1,R3,U3,U2,R1,D1: exhausted states 6 best 6 0.0s | cpu 40m58s wall 41m35s eta~14m12s best 85
  [2042/2738  74.6%] exit 2 U1,R3,U3,U2,R1,D2: exhausted states 3 best 6 0.0s | cpu 40m58s wall 41m35s eta~14m10s best 85
  [2043/2738  74.6%] exit 2 U1,R3,U3,U2,R1,D3: exhausted states 3 best 6 0.0s | cpu 40m58s wall 41m35s eta~14m08s best 85
  [2044/2738  74.7%] exit 2 U1,R3,U3,U2,R2,U1: exhausted states 24,269 best 28 0.048s | cpu 40m58s wall 41m35s eta~14m07s best 85
  [2045/2738  74.7%] exit 2 U1,R3,U3,U2,R2,U2: exhausted states 17,201 best 28 0.035s | cpu 40m58s wall 41m35s eta~14m05s best 85
  [2046/2738  74.7%] exit 2 U1,R3,U3,U2,R2,U3: exhausted states 17,201 best 28 0.04s | cpu 40m58s wall 41m35s eta~14m04s best 85
  [2047/2738  74.8%] exit 2 U1,R3,U3,U2,R2,D1: exhausted states 6 best 6 0.0s | cpu 40m58s wall 41m35s eta~14m02s best 85
  [2048/2738  74.8%] exit 2 U1,R3,U3,U2,R2,D2: exhausted states 3 best 6 0.0s | cpu 40m58s wall 41m35s eta~14m00s best 85
  [2049/2738  74.8%] exit 2 U1,R3,U3,U2,R2,D3: exhausted states 3 best 6 0.0s | cpu 40m58s wall 41m35s eta~13m59s best 85
  [2050/2738  74.9%] exit 2 U1,R3,U3,U2,R3,U1: exhausted states 2,471 best 24 0.004s | cpu 40m58s wall 41m35s eta~13m57s best 85
  [2051/2738  74.9%] exit 2 U1,R3,U3,U2,R3,U2: exhausted states 2,470 best 24 0.004s | cpu 40m58s wall 41m35s eta~13m55s best 85
  [2052/2738  74.9%] exit 2 U1,R3,U3,U2,R3,U3: exhausted states 2,470 best 24 0.007s | cpu 40m58s wall 41m35s eta~13m54s best 85
  [2053/2738  75.0%] exit 2 U1,R3,U3,U2,R3,D1: exhausted states 6 best 6 0.0s | cpu 40m58s wall 41m35s eta~13m52s best 85
  [2054/2738  75.0%] exit 2 U1,R3,U3,U2,R3,D2: exhausted states 3 best 6 0.0s | cpu 40m58s wall 41m35s eta~13m51s best 85
  [2055/2738  75.1%] exit 2 U1,R3,U3,U2,R3,D3: exhausted states 3 best 6 0.0s | cpu 40m58s wall 41m35s eta~13m49s best 85
  [2056/2738  75.1%] exit 2 U1,R3,U3,U2,L1,U1: exhausted states 274 best 12 0.0s | cpu 40m58s wall 41m35s eta~13m47s best 85
  [2057/2738  75.1%] exit 2 U1,R3,U3,U2,L1,U2: exhausted states 1,842 best 18 0.003s | cpu 40m58s wall 41m35s eta~13m46s best 85
  [2058/2738  75.2%] exit 2 U1,R3,U3,U2,L1,U3: exhausted states 722 best 16 0.001s | cpu 40m58s wall 41m35s eta~13m44s best 85
  [2059/2738  75.2%] exit 2 U1,R3,U3,U2,L1,D1: exhausted states 267 best 11 0.0s | cpu 40m58s wall 41m35s eta~13m43s best 85
  [2060/2738  75.2%] exit 2 U1,R3,U3,U2,L1,D2: exhausted states 1,636 best 18 0.003s | cpu 40m58s wall 41m35s eta~13m41s best 85
  [2061/2738  75.3%] exit 2 U1,R3,U3,U2,L1,D3: exhausted states 336 best 16 0.001s | cpu 40m58s wall 41m35s eta~13m39s best 85
  [2062/2738  75.3%] exit 2 U1,R3,U3,U2,L1,L1: exhausted states 902 best 16 0.001s | cpu 40m58s wall 41m35s eta~13m38s best 85
  [2063/2738  75.3%] exit 2 U1,R3,U3,U2,L1,L3: exhausted states 12,560 best 27 0.02s | cpu 40m58s wall 41m35s eta~13m36s best 85
  [2064/2738  75.4%] exit 2 U1,R3,U3,U2,L2,U1: exhausted states 28,568 best 32 0.065s | cpu 40m58s wall 41m35s eta~13m35s best 85
  [2065/2738  75.4%] exit 2 U1,R3,U3,U2,L2,U2: exhausted states 8,018 best 28 0.017s | cpu 40m58s wall 41m35s eta~13m33s best 85
  [2066/2738  75.5%] exit 2 U1,R3,U3,U2,L2,U3: exhausted states 3,222 best 26 0.006s | cpu 40m58s wall 41m35s eta~13m31s best 85
  [2067/2738  75.5%] exit 2 U1,R3,U3,U2,L2,D1: exhausted states 267 best 11 0.0s | cpu 40m58s wall 41m35s eta~13m30s best 85
  [2068/2738  75.5%] exit 2 U1,R3,U3,U2,L2,D2: exhausted states 13,305 best 32 0.026s | cpu 40m58s wall 41m36s eta~13m28s best 85
  [2069/2738  75.6%] exit 2 U1,R3,U3,U2,L2,D3: exhausted states 336 best 16 0.001s | cpu 40m58s wall 41m36s eta~13m27s best 85
  [2070/2738  75.6%] exit 2 U1,R3,U3,U2,L2,L1: exhausted states 1,378 best 18 0.002s | cpu 40m58s wall 41m36s eta~13m25s best 85
  [2071/2738  75.6%] exit 2 U1,R3,U3,U2,L2,L2: exhausted states 1,407 best 16 0.002s | cpu 40m58s wall 41m36s eta~13m23s best 85
  [2072/2738  75.7%] exit 2 U1,R3,U3,U2,L3,U1: exhausted states 282 best 12 0.0s | cpu 40m58s wall 41m36s eta~13m22s best 85
  [2073/2738  75.7%] exit 2 U1,R3,U3,U2,L3,U2: exhausted states 2,488 best 20 0.004s | cpu 40m58s wall 41m36s eta~13m20s best 85
  [2074/2738  75.7%] exit 2 U1,R3,U3,U2,L3,U3: exhausted states 730 best 16 0.001s | cpu 40m58s wall 41m36s eta~13m19s best 85
  [2075/2738  75.8%] exit 2 U1,R3,U3,U2,L3,D1: exhausted states 267 best 11 0.0s | cpu 40m58s wall 41m36s eta~13m17s best 85
  [2076/2738  75.8%] exit 2 U1,R3,U3,U2,L3,D2: exhausted states 2,977 best 18 0.005s | cpu 40m58s wall 41m36s eta~13m15s best 85
  [2077/2738  75.9%] exit 2 U1,R3,U3,U2,L3,D3: exhausted states 336 best 16 0.001s | cpu 40m58s wall 41m36s eta~13m14s best 85
  [2078/2738  75.9%] exit 2 U1,R3,U3,U2,L3,L1: exhausted states 938 best 16 0.001s | cpu 40m58s wall 41m36s eta~13m12s best 85
  [2079/2738  75.9%] exit 2 U1,R3,U3,U2,L3,L2: exhausted states 1,407 best 16 0.002s | cpu 40m58s wall 41m36s eta~13m11s best 85
  [2080/2738  76.0%] exit 2 U1,R3,U3,R1,U1,U1: exhausted states 2,591 best 24 0.003s | cpu 40m58s wall 41m36s eta~13m09s best 85
  [2081/2738  76.0%] exit 2 U1,R3,U3,R1,U1,U3: exhausted states 2,944 best 24 0.006s | cpu 40m58s wall 41m36s eta~13m08s best 85
  [2082/2738  76.0%] exit 2 U1,R3,U3,R1,U2,U1: exhausted states 3,349 best 24 0.005s | cpu 40m58s wall 41m36s eta~13m06s best 85
  [2083/2738  76.1%] exit 2 U1,R3,U3,R1,U2,U2: exhausted states 2,944 best 24 0.004s | cpu 40m58s wall 41m36s eta~13m04s best 85
  [2084/2738  76.1%] exit 2 U1,R3,U3,R1,U3,U1: exhausted states 3,349 best 24 0.005s | cpu 40m58s wall 41m36s eta~13m03s best 85
  [2085/2738  76.2%] exit 2 U1,R3,U3,R1,U3,U2: exhausted states 2,944 best 24 0.004s | cpu 40m58s wall 41m36s eta~13m01s best 85
  [2086/2738  76.2%] exit 2 U1,R3,U3,R1,D1,D1: exhausted states 2 best 6 0.0s | cpu 40m58s wall 41m36s eta~13m00s best 85
  [2087/2738  76.2%] exit 2 U1,R3,U3,R1,D1,D3: exhausted states 1 best 6 0.0s | cpu 40m58s wall 41m36s eta~12m58s best 85
  [2088/2738  76.3%] exit 2 U1,R3,U3,R1,D2,D1: exhausted states 2 best 6 0.0s | cpu 40m58s wall 41m36s eta~12m57s best 85
  [2089/2738  76.3%] exit 2 U1,R3,U3,R1,D2,D2: exhausted states 1 best 6 0.0s | cpu 40m58s wall 41m36s eta~12m55s best 85
  [2090/2738  76.3%] exit 2 U1,R3,U3,R1,D3,D1: exhausted states 2 best 6 0.0s | cpu 40m58s wall 41m36s eta~12m54s best 85
  [2091/2738  76.4%] exit 2 U1,R3,U3,R1,D3,D2: exhausted states 1 best 6 0.0s | cpu 40m58s wall 41m36s eta~12m52s best 85
  [2092/2738  76.4%] exit 2 U1,R3,U3,R2,U1,U1: exhausted states 23,908 best 28 0.06s | cpu 40m58s wall 41m36s eta~12m50s best 85
  [2093/2738  76.4%] exit 2 U1,R3,U3,R2,U1,U3: exhausted states 97,031 best 48 0.527s | cpu 40m59s wall 41m37s eta~12m49s best 85
  [2094/2738  76.5%] exit 2 U1,R3,U3,R2,U1,L1: exhausted states 43,722 best 34 0.078s | cpu 40m59s wall 41m37s eta~12m47s best 85
  [2095/2738  76.5%] exit 2 U1,R3,U3,R2,U2,U1: exhausted states 27,423 best 28 0.066s | cpu 40m59s wall 41m37s eta~12m46s best 85
  [2096/2738  76.6%] exit 2 U1,R3,U3,R2,U2,U2: exhausted states 43,361 best 32 0.132s | cpu 40m59s wall 41m37s eta~12m44s best 85
  [2097/2738  76.6%] exit 2 U1,R3,U3,R2,U2,L1: exhausted states 43,578 best 34 0.091s | cpu 40m59s wall 41m37s eta~12m43s best 85
  [2098/2738  76.6%] exit 2 U1,R3,U3,R2,U3,U1: exhausted states 27,423 best 28 0.067s | cpu 40m59s wall 41m37s eta~12m41s best 85
  [2099/2738  76.7%] exit 2 U1,R3,U3,R2,U3,U2: exhausted states 41,627 best 32 0.131s | cpu 40m59s wall 41m37s eta~12m40s best 85
  [2100/2738  76.7%] exit 2 U1,R3,U3,R2,U3,L1: exhausted states 43,578 best 34 0.093s | cpu 40m59s wall 41m37s eta~12m38s best 85
  [2101/2738  76.7%] exit 2 U1,R3,U3,R2,D1,D1: exhausted states 2 best 6 0.0s | cpu 40m59s wall 41m37s eta~12m37s best 85
  [2102/2738  76.8%] exit 2 U1,R3,U3,R2,D1,D3: exhausted states 1 best 6 0.0s | cpu 40m59s wall 41m37s eta~12m35s best 85
  [2103/2738  76.8%] exit 2 U1,R3,U3,R2,D2,D1: exhausted states 2 best 6 0.0s | cpu 40m59s wall 41m37s eta~12m34s best 85
  [2104/2738  76.8%] exit 2 U1,R3,U3,R2,D2,D2: exhausted states 1 best 6 0.0s | cpu 40m59s wall 41m37s eta~12m32s best 85
  [2105/2738  76.9%] exit 2 U1,R3,U3,R2,D3,D1: exhausted states 2 best 6 0.0s | cpu 40m59s wall 41m37s eta~12m31s best 85
  [2106/2738  76.9%] exit 2 U1,R3,U3,R2,D3,D2: exhausted states 1 best 6 0.0s | cpu 40m59s wall 41m37s eta~12m29s best 85
  [2107/2738  77.0%] exit 2 U1,R3,U3,R3,U1,U1: exhausted states 2,453 best 24 0.002s | cpu 40m59s wall 41m37s eta~12m28s best 85
  [2108/2738  77.0%] exit 2 U1,R3,U3,R3,U1,U3: exhausted states 11,684 best 36 0.025s | cpu 40m59s wall 41m37s eta~12m26s best 85
  [2109/2738  77.0%] exit 2 U1,R3,U3,R3,U1,L1: exhausted states 10,741 best 28 0.014s | cpu 40m59s wall 41m38s eta~12m25s best 85
  [2110/2738  77.1%] exit 2 U1,R3,U3,R3,U2,U1: exhausted states 2,453 best 24 0.003s | cpu 40m59s wall 41m38s eta~12m23s best 85
  [2111/2738  77.1%] exit 2 U1,R3,U3,R3,U2,U2: exhausted states 6,398 best 36 0.011s | cpu 40m59s wall 41m38s eta~12m21s best 85
  [2112/2738  77.1%] exit 2 U1,R3,U3,R3,U2,L1: exhausted states 10,741 best 28 0.015s | cpu 40m59s wall 41m38s eta~12m20s best 85
  [2113/2738  77.2%] exit 2 U1,R3,U3,R3,U3,U1: exhausted states 2,453 best 24 0.003s | cpu 40m59s wall 41m38s eta~12m18s best 85
  [2114/2738  77.2%] exit 2 U1,R3,U3,R3,U3,U2: exhausted states 6,398 best 36 0.012s | cpu 40m59s wall 41m38s eta~12m17s best 85
  [2115/2738  77.2%] exit 2 U1,R3,U3,R3,U3,L1: exhausted states 10,741 best 28 0.016s | cpu 40m59s wall 41m38s eta~12m15s best 85
  [2116/2738  77.3%] exit 2 U1,R3,U3,R3,D1,D1: exhausted states 2 best 6 0.0s | cpu 40m59s wall 41m38s eta~12m14s best 85
  [2117/2738  77.3%] exit 2 U1,R3,U3,R3,D1,D3: exhausted states 1 best 6 0.0s | cpu 40m59s wall 41m38s eta~12m12s best 85
  [2118/2738  77.4%] exit 2 U1,R3,U3,R3,D2,D1: exhausted states 2 best 6 0.0s | cpu 40m59s wall 41m38s eta~12m11s best 85
  [2119/2738  77.4%] exit 2 U1,R3,U3,R3,D2,D2: exhausted states 1 best 6 0.0s | cpu 40m59s wall 41m38s eta~12m09s best 85
  [2120/2738  77.4%] exit 2 U1,R3,U3,R3,D3,D1: exhausted states 2 best 6 0.0s | cpu 40m59s wall 41m38s eta~12m08s best 85
  [2121/2738  77.5%] exit 2 U1,R3,U3,R3,D3,D2: exhausted states 1 best 6 0.0s | cpu 40m59s wall 41m38s eta~12m06s best 85
  [2122/2738  77.5%] exit 2 U1,R3,U3,L1,U1,U1: exhausted states 264 best 12 0.0s | cpu 40m59s wall 41m38s eta~12m05s best 85
  [2123/2738  77.5%] exit 2 U1,R3,U3,L1,U1,U3: exhausted states 1,105 best 16 0.001s | cpu 40m59s wall 41m38s eta~12m03s best 85
  [2124/2738  77.6%] exit 2 U1,R3,U3,L1,U1,L1: exhausted states 448 best 13 0.001s | cpu 40m59s wall 41m38s eta~12m02s best 85
  [2125/2738  77.6%] exit 2 U1,R3,U3,L1,U1,L2: exhausted states 271 best 12 0.0s | cpu 40m59s wall 41m38s eta~12m00s best 85
  [2126/2738  77.6%] exit 2 U1,R3,U3,L1,U1,L3: exhausted states 505 best 12 0.001s | cpu 40m59s wall 41m38s eta~11m59s best 85
  [2127/2738  77.7%] exit 2 U1,R3,U3,L1,U2,U1: exhausted states 282 best 12 0.0s | cpu 40m59s wall 41m38s eta~11m57s best 85
  [2128/2738  77.7%] exit 2 U1,R3,U3,L1,U2,U2: exhausted states 527 best 12 0.001s | cpu 40m59s wall 41m38s eta~11m56s best 85
  [2129/2738  77.8%] exit 2 U1,R3,U3,L1,U2,L1: exhausted states 579 best 16 0.001s | cpu 40m59s wall 41m38s eta~11m54s best 85
  [2130/2738  77.8%] exit 2 U1,R3,U3,L1,U2,L2: exhausted states 468 best 16 0.001s | cpu 40m59s wall 41m38s eta~11m53s best 85
  [2131/2738  77.8%] exit 2 U1,R3,U3,L1,U2,L3: exhausted states 936 best 16 0.001s | cpu 40m59s wall 41m38s eta~11m51s best 85
  [2132/2738  77.9%] exit 2 U1,R3,U3,L1,L1,U1: exhausted states 568 best 13 0.001s | cpu 40m59s wall 41m38s eta~11m50s best 85
  [2133/2738  77.9%] exit 2 U1,R3,U3,L1,L1,L1: exhausted states 474 best 13 0.001s | cpu 40m59s wall 41m38s eta~11m48s best 85
  [2134/2738  77.9%] exit 2 U1,R3,U3,L1,L1,L3: exhausted states 2,008 best 17 0.002s | cpu 40m59s wall 41m38s eta~11m47s best 85
  [2135/2738  78.0%] exit 2 U1,R3,U3,L1,L3,U1: exhausted states 34,083 best 34 0.136s | cpu 41m00s wall 41m38s eta~11m45s best 85
  [2136/2738  78.0%] exit 2 U1,R3,U3,L1,L3,L1: exhausted states 8,589 best 18 0.013s | cpu 41m00s wall 41m38s eta~11m44s best 85
  [2137/2738  78.0%] exit 2 U1,R3,U3,L1,L3,L2: exhausted states 102,001 best 30 0.352s | cpu 41m00s wall 41m39s eta~11m42s best 85
  [2138/2738  78.1%] exit 2 U1,R3,U3,L2,U1,U1: exhausted states 43,702 best 34 0.111s | cpu 41m00s wall 41m39s eta~11m41s best 85
  [2139/2738  78.1%] exit 2 U1,R3,U3,L2,U1,U3: exhausted states 24,313 best 30 0.056s | cpu 41m00s wall 41m39s eta~11m39s best 85
  [2140/2738  78.2%] exit 2 U1,R3,U3,L2,U1,R1: exhausted states 54,802 best 30 0.121s | cpu 41m00s wall 41m39s eta~11m38s best 85
  [2141/2738  78.2%] exit 2 U1,R3,U3,L2,U1,R2: exhausted states 60,455 best 32 0.24s | cpu 41m00s wall 41m39s eta~11m36s best 85
  [2142/2738  78.2%] exit 2 U1,R3,U3,L2,U1,R3: exhausted states 9,723 best 32 0.02s | cpu 41m00s wall 41m39s eta~11m35s best 85
  [2143/2738  78.3%] exit 2 U1,R3,U3,L2,U1,L1: exhausted states 1,860 best 20 0.003s | cpu 41m00s wall 41m39s eta~11m34s best 85
  [2144/2738  78.3%] exit 2 U1,R3,U3,L2,U1,L2: exhausted states 13,691 best 30 0.042s | cpu 41m01s wall 41m39s eta~11m32s best 85
  [2145/2738  78.3%] exit 2 U1,R3,U3,L2,U1,L3: exhausted states 1,369 best 15 0.002s | cpu 41m01s wall 41m39s eta~11m31s best 85
  [2146/2738  78.4%] exit 2 U1,R3,U3,L2,U2,U1: exhausted states 8,576 best 30 0.033s | cpu 41m01s wall 41m39s eta~11m29s best 85
  [2147/2738  78.4%] exit 2 U1,R3,U3,L2,U2,U2: exhausted states 2,236 best 20 0.004s | cpu 41m01s wall 41m39s eta~11m28s best 85
  [2148/2738  78.5%] exit 2 U1,R3,U3,L2,U2,R1: exhausted states 23,030 best 32 0.053s | cpu 41m01s wall 41m39s eta~11m26s best 85
  [2149/2738  78.5%] exit 2 U1,R3,U3,L2,U2,R2: exhausted states 32,699 best 30 0.1s | cpu 41m01s wall 41m40s eta~11m25s best 85
  [2150/2738  78.5%] exit 2 U1,R3,U3,L2,U2,R3: exhausted states 4,015 best 20 0.009s | cpu 41m01s wall 41m40s eta~11m23s best 85
  [2151/2738  78.6%] exit 2 U1,R3,U3,L2,U2,L1: exhausted states 2,127 best 20 0.004s | cpu 41m01s wall 41m40s eta~11m22s best 85
  [2152/2738  78.6%] exit 2 U1,R3,U3,L2,U2,L2: exhausted states 24,102 best 30 0.077s | cpu 41m01s wall 41m40s eta~11m20s best 85
  [2153/2738  78.6%] exit 2 U1,R3,U3,L2,U2,L3: exhausted states 4,334 best 19 0.009s | cpu 41m01s wall 41m40s eta~11m19s best 85
  [2154/2738  78.7%] exit 2 U1,R3,U3,L2,L1,U1: exhausted states 17,784 best 32 0.029s | cpu 41m01s wall 41m40s eta~11m17s best 85
  [2155/2738  78.7%] exit 2 U1,R3,U3,L2,L1,L1: exhausted states 7,974 best 24 0.011s | cpu 41m01s wall 41m40s eta~11m16s best 85
  [2156/2738  78.7%] exit 2 U1,R3,U3,L2,L1,L3: exhausted states 62,920 best 25 0.196s | cpu 41m01s wall 41m40s eta~11m14s best 85
  [2157/2738  78.8%] exit 2 U1,R3,U3,L2,L2,U1: exhausted states 905 best 16 0.001s | cpu 41m01s wall 41m40s eta~11m13s best 85
  [2158/2738  78.8%] exit 2 U1,R3,U3,L2,L2,L1: exhausted states 336 best 12 0.001s | cpu 41m01s wall 41m40s eta~11m12s best 85
  [2159/2738  78.9%] exit 2 U1,R3,U3,L2,L2,L2: exhausted states 437 best 12 0.001s | cpu 41m01s wall 41m40s eta~11m10s best 85
  [2160/2738  78.9%] exit 2 U1,R3,U3,L3,U1,U1: exhausted states 240 best 12 0.0s | cpu 41m01s wall 41m40s eta~11m09s best 85
  [2161/2738  78.9%] exit 2 U1,R3,U3,L3,U1,U3: exhausted states 3,868 best 28 0.007s | cpu 41m01s wall 41m40s eta~11m07s best 85
  [2162/2738  79.0%] exit 2 U1,R3,U3,L3,U1,R1: exhausted states 530 best 16 0.001s | cpu 41m01s wall 41m40s eta~11m06s best 85
  [2163/2738  79.0%] exit 2 U1,R3,U3,L3,U1,R2: exhausted states 1,593 best 14 0.002s | cpu 41m01s wall 41m40s eta~11m04s best 85
  [2164/2738  79.0%] exit 2 U1,R3,U3,L3,U1,R3: exhausted states 873 best 14 0.001s | cpu 41m01s wall 41m40s eta~11m03s best 85
  [2165/2738  79.1%] exit 2 U1,R3,U3,L3,U1,L1: exhausted states 376 best 14 0.001s | cpu 41m01s wall 41m40s eta~11m01s best 85
  [2166/2738  79.1%] exit 2 U1,R3,U3,L3,U1,L2: exhausted states 1,399 best 18 0.002s | cpu 41m01s wall 41m40s eta~11m00s best 85
  [2167/2738  79.1%] exit 2 U1,R3,U3,L3,U1,L3: exhausted states 361 best 12 0.001s | cpu 41m01s wall 41m40s eta~10m58s best 85
  [2168/2738  79.2%] exit 2 U1,R3,U3,L3,U2,U1: exhausted states 258 best 12 0.0s | cpu 41m01s wall 41m40s eta~10m57s best 85
  [2169/2738  79.2%] exit 2 U1,R3,U3,L3,U2,U2: exhausted states 518 best 12 0.001s | cpu 41m01s wall 41m40s eta~10m56s best 85
  [2170/2738  79.3%] exit 2 U1,R3,U3,L3,U2,R1: exhausted states 950 best 16 0.002s | cpu 41m01s wall 41m40s eta~10m54s best 85
  [2171/2738  79.3%] exit 2 U1,R3,U3,L3,U2,R2: exhausted states 6,769 best 26 0.012s | cpu 41m01s wall 41m40s eta~10m53s best 85
  [2172/2738  79.3%] exit 2 U1,R3,U3,L3,U2,R3: exhausted states 921 best 14 0.001s | cpu 41m01s wall 41m40s eta~10m51s best 85
  [2173/2738  79.4%] exit 2 U1,R3,U3,L3,U2,L1: exhausted states 643 best 16 0.001s | cpu 41m01s wall 41m40s eta~10m50s best 85
  [2174/2738  79.4%] exit 2 U1,R3,U3,L3,U2,L2: exhausted states 4,120 best 26 0.007s | cpu 41m01s wall 41m40s eta~10m48s best 85
  [2175/2738  79.4%] exit 2 U1,R3,U3,L3,U2,L3: exhausted states 974 best 16 0.002s | cpu 41m01s wall 41m40s eta~10m47s best 85
  [2176/2738  79.5%] exit 2 U1,R3,U3,L3,L1,U1: exhausted states 532 best 14 0.001s | cpu 41m01s wall 41m40s eta~10m45s best 85
  [2177/2738  79.5%] exit 2 U1,R3,U3,L3,L1,L1: exhausted states 558 best 14 0.001s | cpu 41m01s wall 41m40s eta~10m44s best 85
  [2178/2738  79.5%] exit 2 U1,R3,U3,L3,L1,L3: exhausted states 5,137 best 21 0.01s | cpu 41m01s wall 41m40s eta~10m43s best 85
  [2179/2738  79.6%] exit 2 U1,R3,U3,L3,L2,U1: exhausted states 975 best 17 0.001s | cpu 41m01s wall 41m40s eta~10m41s best 85
  [2180/2738  79.6%] exit 2 U1,R3,U3,L3,L2,L1: exhausted states 360 best 13 0.001s | cpu 41m01s wall 41m40s eta~10m40s best 85
  [2181/2738  79.7%] exit 2 U1,R3,U3,L3,L2,L2: exhausted states 479 best 13 0.001s | cpu 41m01s wall 41m40s eta~10m38s best 85
  [2182/2738  79.7%] exit 2 U1,R3,R1,U1,U1,U1: exhausted states 17,912 best 28 0.027s | cpu 41m01s wall 41m40s eta~10m37s best 85
  [2183/2738  79.7%] exit 2 U1,R3,R1,U1,U1,U3: exhausted states 104,127 best 48 0.461s | cpu 41m02s wall 41m41s eta~10m35s best 85
  [2184/2738  79.8%] exit 2 U1,R3,R1,U1,U1,L1: exhausted states 31,908 best 28 0.038s | cpu 41m02s wall 41m41s eta~10m34s best 85
  [2185/2738  79.8%] exit 2 U1,R3,R1,U1,U3,U1: exhausted states 23,995 best 28 0.039s | cpu 41m02s wall 41m41s eta~10m33s best 85
  [2186/2738  79.8%] exit 2 U1,R3,R1,U1,U3,U2: exhausted states 165,058 best 48 0.73s | cpu 41m02s wall 41m42s eta~10m31s best 85
  [2187/2738  79.9%] exit 2 U1,R3,R1,U1,U3,L1: exhausted states 41,564 best 28 0.064s | cpu 41m02s wall 41m42s eta~10m30s best 85
  [2188/2738  79.9%] exit 2 U1,R3,R1,U2,U1,U1: exhausted states 17,912 best 28 0.026s | cpu 41m03s wall 41m42s eta~10m29s best 85
  [2189/2738  79.9%] exit 2 U1,R3,R1,U2,U1,U3: exhausted states 104,127 best 48 0.448s | cpu 41m03s wall 41m42s eta~10m27s best 85
  [2190/2738  80.0%] exit 2 U1,R3,R1,U2,U1,L1: exhausted states 31,908 best 28 0.048s | cpu 41m03s wall 41m42s eta~10m26s best 85
  [2191/2738  80.0%] exit 2 U1,R3,R1,U2,U2,U1: exhausted states 23,995 best 28 0.043s | cpu 41m03s wall 41m43s eta~10m24s best 85
  [2192/2738  80.1%] exit 2 U1,R3,R1,U2,U2,U2: exhausted states 36,839 best 36 0.091s | cpu 41m03s wall 41m43s eta~10m23s best 85
  [2193/2738  80.1%] exit 2 U1,R3,R1,U2,U2,L1: exhausted states 41,564 best 28 0.067s | cpu 41m03s wall 41m43s eta~10m22s best 85
  [2194/2738  80.1%] exit 2 U1,R3,R1,U3,U1,U1: exhausted states 17,912 best 28 0.029s | cpu 41m03s wall 41m43s eta~10m20s best 85
  [2195/2738  80.2%] exit 2 U1,R3,R1,U3,U1,U3: exhausted states 104,127 best 48 0.46s | cpu 41m04s wall 41m43s eta~10m19s best 85
  [2196/2738  80.2%] exit 2 U1,R3,R1,U3,U1,L1: exhausted states 31,908 best 28 0.045s | cpu 41m04s wall 41m43s eta~10m17s best 85
  [2197/2738  80.2%] exit 2 U1,R3,R1,U3,U2,U1: exhausted states 23,995 best 28 0.04s | cpu 41m04s wall 41m43s eta~10m16s best 85
  [2198/2738  80.3%] exit 2 U1,R3,R1,U3,U2,U2: exhausted states 36,839 best 36 0.1s | cpu 41m04s wall 41m43s eta~10m15s best 85
  [2199/2738  80.3%] exit 2 U1,R3,R1,U3,U2,L1: exhausted states 41,564 best 28 0.075s | cpu 41m04s wall 41m44s eta~10m13s best 85
  [2200/2738  80.4%] exit 2 U1,R3,R2,U1,U1,U1: exhausted states 3,915 best 24 0.004s | cpu 41m04s wall 41m44s eta~10m12s best 85
  [2201/2738  80.4%] exit 2 U1,R3,R2,U1,U1,U3: exhausted states 26,117 best 36 0.046s | cpu 41m04s wall 41m44s eta~10m10s best 85
  [2202/2738  80.4%] exit 2 U1,R3,R2,U1,U1,L1: exhausted states 18,851 best 28 0.022s | cpu 41m04s wall 41m44s eta~10m09s best 85
  [2203/2738  80.5%] exit 2 U1,R3,R2,U1,U3,U1: exhausted states 3,915 best 24 0.004s | cpu 41m04s wall 41m44s eta~10m08s best 85
  [2204/2738  80.5%] exit 2 U1,R3,R2,U1,U3,U2: exhausted states 61,633 best 38 0.119s | cpu 41m04s wall 41m44s eta~10m06s best 85
  [2205/2738  80.5%] exit 2 U1,R3,R2,U1,U3,L1: exhausted states 23,264 best 28 0.032s | cpu 41m04s wall 41m44s eta~10m05s best 85
  [2206/2738  80.6%] exit 2 U1,R3,R2,U1,L1,U1: exhausted states 15,355 best 24 0.018s | cpu 41m04s wall 41m44s eta~10m03s best 85
  [2207/2738  80.6%] exit 2 U1,R3,R2,U1,L1,U2: exhausted states 12,724 best 22 0.014s | cpu 41m04s wall 41m44s eta~10m02s best 85
  [2208/2738  80.6%] exit 2 U1,R3,R2,U2,U1,U1: exhausted states 3,915 best 24 0.007s | cpu 41m04s wall 41m44s eta~10m01s best 85
  [2209/2738  80.7%] exit 2 U1,R3,R2,U2,U1,U3: exhausted states 26,117 best 36 0.056s | cpu 41m04s wall 41m44s eta~9m59s best 85
  [2210/2738  80.7%] exit 2 U1,R3,R2,U2,U1,L1: exhausted states 18,851 best 28 0.023s | cpu 41m04s wall 41m44s eta~9m58s best 85
  [2211/2738  80.8%] exit 2 U1,R3,R2,U2,U2,U1: exhausted states 3,915 best 24 0.005s | cpu 41m04s wall 41m44s eta~9m56s best 85
  [2212/2738  80.8%] exit 2 U1,R3,R2,U2,U2,U2: exhausted states 9,590 best 36 0.014s | cpu 41m04s wall 41m44s eta~9m55s best 85
  [2213/2738  80.8%] exit 2 U1,R3,R2,U2,U2,L1: exhausted states 23,264 best 28 0.03s | cpu 41m04s wall 41m44s eta~9m54s best 85
  [2214/2738  80.9%] exit 2 U1,R3,R2,U2,L1,U1: exhausted states 15,355 best 24 0.02s | cpu 41m04s wall 41m44s eta~9m52s best 85
  [2215/2738  80.9%] exit 2 U1,R3,R2,U2,L1,U2: exhausted states 12,724 best 22 0.017s | cpu 41m04s wall 41m44s eta~9m51s best 85
  [2216/2738  80.9%] exit 2 U1,R3,R2,U3,U1,U1: exhausted states 3,915 best 24 0.004s | cpu 41m04s wall 41m44s eta~9m50s best 85
  [2217/2738  81.0%] exit 2 U1,R3,R2,U3,U1,U3: exhausted states 26,117 best 36 0.051s | cpu 41m04s wall 41m44s eta~9m48s best 85
  [2218/2738  81.0%] exit 2 U1,R3,R2,U3,U1,L1: exhausted states 18,851 best 28 0.025s | cpu 41m04s wall 41m44s eta~9m47s best 85
  [2219/2738  81.0%] exit 2 U1,R3,R2,U3,U2,U1: exhausted states 3,915 best 24 0.005s | cpu 41m04s wall 41m44s eta~9m45s best 85
  [2220/2738  81.1%] exit 2 U1,R3,R2,U3,U2,U2: exhausted states 9,590 best 36 0.014s | cpu 41m04s wall 41m44s eta~9m44s best 85
  [2221/2738  81.1%] exit 2 U1,R3,R2,U3,U2,L1: exhausted states 23,264 best 28 0.03s | cpu 41m05s wall 41m44s eta~9m43s best 85
  [2222/2738  81.2%] exit 2 U1,R3,R2,U3,L1,U1: exhausted states 15,355 best 24 0.022s | cpu 41m05s wall 41m45s eta~9m41s best 85
  [2223/2738  81.2%] exit 2 U1,R3,R2,U3,L1,U2: exhausted states 12,724 best 22 0.016s | cpu 41m05s wall 41m45s eta~9m40s best 85
  [2224/2738  81.2%] exit 2 R1,U1,U1,U1,U1,R1: exhausted states 3 best 6 0.0s | cpu 41m05s wall 41m45s eta~9m38s best 85
  [2225/2738  81.3%] exit 2 R1,U1,U1,U1,U1,R2: exhausted states 2 best 6 0.0s | cpu 41m05s wall 41m45s eta~9m37s best 85
  [2226/2738  81.3%] exit 2 R1,U1,U1,U1,U1,R3: exhausted states 2 best 6 0.0s | cpu 41m05s wall 41m45s eta~9m36s best 85
  [2227/2738  81.3%] exit 2 R1,U1,U1,U1,U1,L1: exhausted states 3,358 best 22 0.004s | cpu 41m05s wall 41m45s eta~9m34s best 85
  [2228/2738  81.4%] exit 2 R1,U1,U1,U1,U1,L2: exhausted states 2,656 best 20 0.003s | cpu 41m05s wall 41m45s eta~9m33s best 85
  [2229/2738  81.4%] exit 2 R1,U1,U1,U1,U1,L3: exhausted states 2,656 best 20 0.003s | cpu 41m05s wall 41m45s eta~9m32s best 85
  [2230/2738  81.4%] exit 2 R1,U1,U1,U1,U3,R1: exhausted states 13 best 8 0.0s | cpu 41m05s wall 41m45s eta~9m30s best 85
  [2231/2738  81.5%] exit 2 R1,U1,U1,U1,U3,R2: exhausted states 12 best 8 0.0s | cpu 41m05s wall 41m45s eta~9m29s best 85
  [2232/2738  81.5%] exit 2 R1,U1,U1,U1,U3,R3: exhausted states 12 best 8 0.0s | cpu 41m05s wall 41m45s eta~9m27s best 85
  [2233/2738  81.6%] exit 2 R1,U1,U1,U1,U3,L1: exhausted states 244,944 best 44 0.821s | cpu 41m05s wall 41m46s eta~9m26s best 85
  [2234/2738  81.6%] exit 2 R1,U1,U1,U1,U3,L2: exhausted states 43,573 best 34 0.155s | cpu 41m06s wall 41m46s eta~9m25s best 85
  [2235/2738  81.6%] exit 2 R1,U1,U1,U1,U3,L3: exhausted states 38,172 best 34 0.136s | cpu 41m06s wall 41m46s eta~9m24s best 85
  [2236/2738  81.7%] exit 2 R1,U1,U1,U1,R1,U1: exhausted states 3 best 6 0.0s | cpu 41m06s wall 41m46s eta~9m22s best 85
  [2237/2738  81.7%] exit 2 R1,U1,U1,U1,R1,U2: exhausted states 2 best 6 0.0s | cpu 41m06s wall 41m46s eta~9m21s best 85
  [2238/2738  81.7%] exit 2 R1,U1,U1,U1,R1,U3: exhausted states 2 best 6 0.0s | cpu 41m06s wall 41m46s eta~9m19s best 85
  [2239/2738  81.8%] exit 2 R1,U1,U1,U1,R2,U1: exhausted states 13,757 best 33 0.017s | cpu 41m06s wall 41m46s eta~9m18s best 85
  [2240/2738  81.8%] exit 2 R1,U1,U1,U1,R2,U2: exhausted states 13,410 best 33 0.014s | cpu 41m06s wall 41m46s eta~9m17s best 85
  [2241/2738  81.8%] exit 2 R1,U1,U1,U1,R2,U3: exhausted states 12,004 best 33 0.014s | cpu 41m06s wall 41m46s eta~9m15s best 85
  [2242/2738  81.9%] exit 2 R1,U1,U1,U1,R3,U1: exhausted states 5,059 best 26 0.005s | cpu 41m06s wall 41m46s eta~9m14s best 85
  [2243/2738  81.9%] exit 2 R1,U1,U1,U1,R3,U2: exhausted states 4,698 best 26 0.005s | cpu 41m06s wall 41m46s eta~9m13s best 85
  [2244/2738  82.0%] exit 2 R1,U1,U1,U1,R3,U3: exhausted states 4,698 best 26 0.008s | cpu 41m06s wall 41m46s eta~9m11s best 85
  [2245/2738  82.0%] exit 2 R1,U1,U1,U1,L1,U1: exhausted states 862 best 13 0.002s | cpu 41m06s wall 41m46s eta~9m10s best 85
  [2246/2738  82.0%] exit 2 R1,U1,U1,U1,L1,U2: exhausted states 822 best 12 0.001s | cpu 41m06s wall 41m46s eta~9m09s best 85
  [2247/2738  82.1%] exit 2 R1,U1,U1,U1,L1,U3: exhausted states 2,857 best 18 0.004s | cpu 41m06s wall 41m46s eta~9m07s best 85
  [2248/2738  82.1%] exit 2 R1,U1,U1,U1,L1,L1: exhausted states 2,128 best 17 0.002s | cpu 41m06s wall 41m46s eta~9m06s best 85
  [2249/2738  82.1%] exit 2 R1,U1,U1,U1,L1,L3: exhausted states 12,347 best 31 0.017s | cpu 41m06s wall 41m46s eta~9m05s best 85
  [2250/2738  82.2%] exit 2 R1,U1,U1,U1,L2,U1: exhausted states 14,418 best 37 0.017s | cpu 41m06s wall 41m46s eta~9m03s best 85
  [2251/2738  82.2%] exit 2 R1,U1,U1,U1,L2,U2: exhausted states 2,596 best 18 0.003s | cpu 41m06s wall 41m46s eta~9m02s best 85
  [2252/2738  82.2%] exit 2 R1,U1,U1,U1,L2,U3: exhausted states 2,895 best 18 0.003s | cpu 41m06s wall 41m46s eta~9m00s best 85
  [2253/2738  82.3%] exit 2 R1,U1,U1,U1,L2,L1: exhausted states 4,436 best 24 0.006s | cpu 41m06s wall 41m46s eta~8m59s best 85
  [2254/2738  82.3%] exit 2 R1,U1,U1,U1,L2,L2: exhausted states 2,190 best 17 0.002s | cpu 41m06s wall 41m46s eta~8m58s best 85
  [2255/2738  82.4%] exit 2 R1,U1,U1,U1,L3,U1: exhausted states 870 best 13 0.001s | cpu 41m06s wall 41m46s eta~8m56s best 85
  [2256/2738  82.4%] exit 2 R1,U1,U1,U1,L3,U2: exhausted states 1,160 best 12 0.001s | cpu 41m06s wall 41m46s eta~8m55s best 85
  [2257/2738  82.4%] exit 2 R1,U1,U1,U1,L3,U3: exhausted states 2,865 best 18 0.003s | cpu 41m06s wall 41m46s eta~8m54s best 85
  [2258/2738  82.5%] exit 2 R1,U1,U1,U1,L3,L1: exhausted states 2,452 best 18 0.003s | cpu 41m06s wall 41m46s eta~8m52s best 85
  [2259/2738  82.5%] exit 2 R1,U1,U1,U1,L3,L2: exhausted states 2,190 best 17 0.002s | cpu 41m06s wall 41m46s eta~8m51s best 85
  [2260/2738  82.5%] exit 2 R1,U1,U1,U3,U1,R1: exhausted states 3 best 6 0.0s | cpu 41m06s wall 41m46s eta~8m50s best 85
  [2261/2738  82.6%] exit 2 R1,U1,U1,U3,U1,R2: exhausted states 2 best 6 0.0s | cpu 41m06s wall 41m46s eta~8m48s best 85
  [2262/2738  82.6%] exit 2 R1,U1,U1,U3,U1,R3: exhausted states 2 best 6 0.0s | cpu 41m06s wall 41m46s eta~8m47s best 85
  [2263/2738  82.7%] exit 2 R1,U1,U1,U3,U1,L1: exhausted states 2,861,107 best 79 34.222s | cpu 41m40s wall 42m21s eta~8m53s best 85
  [2264/2738  82.7%] exit 2 R1,U1,U1,U3,U1,L2: exhausted states 996,025 best 74 11.809s | cpu 41m52s wall 42m33s eta~8m54s best 85
  [2265/2738  82.7%] exit 2 R1,U1,U1,U3,U1,L3: exhausted states 70,650 best 42 0.462s | cpu 41m52s wall 42m33s eta~8m53s best 85
  [2266/2738  82.8%] exit 2 R1,U1,U1,U3,U2,R1: exhausted states 1,844,480 best 54 16.493s | cpu 42m09s wall 42m50s eta~8m55s best 85
  [2267/2738  82.8%] exit 2 R1,U1,U1,U3,U2,R2: exhausted states 919,130 best 48 13.705s | cpu 42m22s wall 43m03s eta~8m56s best 85
  [2268/2738  82.8%] exit 2 R1,U1,U1,U3,U2,R3: exhausted states 72,480 best 35 0.254s | cpu 42m23s wall 43m04s eta~8m55s best 85
  [2269/2738  82.9%] exit 2 R1,U1,U1,U3,U2,L1: exhausted states 7,610,735 best 57 85.024s | cpu 43m48s wall 44m29s eta~9m11s best 85
  [2270/2738  82.9%] exit 2 R1,U1,U1,U3,U2,L2: exhausted states 2,640,346 best 52 29.997s | cpu 44m18s wall 44m59s eta~9m16s best 85
  [2271/2738  82.9%] exit 2 R1,U1,U1,U3,U2,L3: exhausted states 655,682 best 46 5.809s | cpu 44m24s wall 45m04s eta~9m16s best 85
  [2272/2738  83.0%] exit 2 R1,U1,U1,U3,R1,U1: exhausted states 3 best 6 0.0s | cpu 44m24s wall 45m04s eta~9m14s best 85
  [2273/2738  83.0%] exit 2 R1,U1,U1,U3,R1,U2: exhausted states 2 best 6 0.0s | cpu 44m24s wall 45m04s eta~9m13s best 85
  [2274/2738  83.1%] exit 2 R1,U1,U1,U3,R1,U3: exhausted states 2 best 6 0.0s | cpu 44m24s wall 45m04s eta~9m11s best 85
  [2275/2738  83.1%] exit 2 R1,U1,U1,U3,R1,D1: exhausted states 12 best 7 0.0s | cpu 44m24s wall 45m04s eta~9m10s best 85
  [2276/2738  83.1%] exit 2 R1,U1,U1,U3,R1,D2: exhausted states 9 best 7 0.0s | cpu 44m24s wall 45m05s eta~9m09s best 85
  [2277/2738  83.2%] exit 2 R1,U1,U1,U3,R1,D3: exhausted states 9 best 7 0.0s | cpu 44m24s wall 45m05s eta~9m07s best 85
  [2278/2738  83.2%] exit 2 R1,U1,U1,U3,R2,U1: exhausted states 4,599,814 best 62 56.417s | cpu 45m20s wall 46m01s eta~9m17s best 85
  [2279/2738  83.2%] exit 2 R1,U1,U1,U3,R2,U2: exhausted states 446,251 best 42 2.881s | cpu 45m23s wall 46m04s eta~9m16s best 85
  [2280/2738  83.3%] exit 2 R1,U1,U1,U3,R2,U3: exhausted states 261,304 best 42 1.068s | cpu 45m24s wall 46m05s eta~9m15s best 85
  [2281/2738  83.3%] exit 2 R1,U1,U1,U3,R2,D1: exhausted states 12 best 7 0.0s | cpu 45m24s wall 46m05s eta~9m14s best 85
  [2282/2738  83.3%] exit 2 R1,U1,U1,U3,R2,D2: exhausted states 9 best 7 0.0s | cpu 45m24s wall 46m05s eta~9m12s best 85
  [2283/2738  83.4%] exit 2 R1,U1,U1,U3,R2,D3: exhausted states 9 best 7 0.0s | cpu 45m24s wall 46m05s eta~9m11s best 85
  [2284/2738  83.4%] exit 2 R1,U1,U1,U3,R3,U1: exhausted states 21,429 best 28 0.054s | cpu 45m24s wall 46m05s eta~9m09s best 85
  [2285/2738  83.5%] exit 2 R1,U1,U1,U3,R3,U2: exhausted states 23,636 best 28 0.079s | cpu 45m24s wall 46m05s eta~9m08s best 85
  [2286/2738  83.5%] exit 2 R1,U1,U1,U3,R3,U3: exhausted states 19,724 best 28 0.058s | cpu 45m24s wall 46m05s eta~9m06s best 85
  [2287/2738  83.5%] exit 2 R1,U1,U1,U3,R3,D1: exhausted states 12 best 7 0.0s | cpu 45m24s wall 46m05s eta~9m05s best 85
  [2288/2738  83.6%] exit 2 R1,U1,U1,U3,R3,D2: exhausted states 9 best 7 0.0s | cpu 45m24s wall 46m05s eta~9m03s best 85
  [2289/2738  83.6%] exit 2 R1,U1,U1,U3,R3,D3: exhausted states 9 best 7 0.0s | cpu 45m24s wall 46m05s eta~9m02s best 85
  [2290/2738  83.6%] exit 2 R1,U1,U1,U3,L1,U1: exhausted states 862 best 13 0.001s | cpu 45m24s wall 46m05s eta~9m01s best 85
  [2291/2738  83.7%] exit 2 R1,U1,U1,U3,L1,U2: exhausted states 935,706 best 74 11.51s | cpu 45m36s wall 46m17s eta~9m01s best 85
  [2292/2738  83.7%] exit 2 R1,U1,U1,U3,L1,U3: exhausted states 2,958 best 18 0.002s | cpu 45m36s wall 46m17s eta~9m00s best 85
  [2293/2738  83.7%] exit 2 R1,U1,U1,U3,L1,D1: exhausted states 17,826,008 best 85 173.831s | cpu 48m29s wall 49m11s eta~9m32s best 85
  [2294/2738  83.8%] exit 2 R1,U1,U1,U3,L1,D2: exhausted states 2,018,580 best 54 20.914s | cpu 48m50s wall 49m32s eta~9m35s best 85
  [2295/2738  83.8%] exit 2 R1,U1,U1,U3,L1,D3: exhausted states 9,840 best 28 0.034s | cpu 48m50s wall 49m32s eta~9m33s best 85
  [2296/2738  83.9%] exit 2 R1,U1,U1,U3,L1,L1: exhausted states 17,663 best 33 0.033s | cpu 48m50s wall 49m32s eta~9m32s best 85
  [2297/2738  83.9%] exit 2 R1,U1,U1,U3,L1,L3: exhausted states 1,806,429 best 83 40.57s | cpu 49m31s wall 50m12s eta~9m38s best 85
  [2298/2738  83.9%] exit 2 R1,U1,U1,U3,L2,U1: exhausted states 261,123 best 42 0.808s | cpu 49m32s wall 50m13s eta~9m37s best 85
  [2299/2738  84.0%] exit 2 R1,U1,U1,U3,L2,U2: exhausted states 270,350 best 44 1.519s | cpu 49m33s wall 50m15s eta~9m35s best 85
  [2300/2738  84.0%] exit 2 R1,U1,U1,U3,L2,U3: exhausted states 15,230 best 32 0.026s | cpu 49m33s wall 50m15s eta~9m34s best 85
  [2301/2738  84.0%] exit 2 R1,U1,U1,U3,L2,D1: exhausted states 5,543,440 best 72 42.075s | cpu 50m15s wall 50m57s eta~9m40s best 85
  [2302/2738  84.1%] exit 2 R1,U1,U1,U3,L2,D2: exhausted states 559,374 best 49 3.848s | cpu 50m19s wall 51m01s eta~9m39s best 85
  [2303/2738  84.1%] exit 2 R1,U1,U1,U3,L2,D3: exhausted states 5,490 best 28 0.019s | cpu 50m19s wall 51m01s eta~9m38s best 85
  [2304/2738  84.1%] exit 2 R1,U1,U1,U3,L2,L1: exhausted states 17,053 best 26 0.039s | cpu 50m19s wall 51m01s eta~9m36s best 85
  [2305/2738  84.2%] exit 2 R1,U1,U1,U3,L2,L2: exhausted states 2,405,845 best 72 18.957s | cpu 50m38s wall 51m20s eta~9m38s best 85
  [2306/2738  84.2%] exit 2 R1,U1,U1,U3,L3,U1: exhausted states 870 best 13 0.001s | cpu 50m38s wall 51m20s eta~9m37s best 85
  [2307/2738  84.3%] exit 2 R1,U1,U1,U3,L3,U2: exhausted states 27,413 best 32 0.097s | cpu 50m38s wall 51m20s eta~9m35s best 85
  [2308/2738  84.3%] exit 2 R1,U1,U1,U3,L3,U3: exhausted states 2,966 best 18 0.003s | cpu 50m38s wall 51m20s eta~9m33s best 85
  [2309/2738  84.3%] exit 2 R1,U1,U1,U3,L3,D1: exhausted states 377,526 best 45 1.801s | cpu 50m40s wall 51m22s eta~9m32s best 85
  [2310/2738  84.4%] exit 2 R1,U1,U1,U3,L3,D2: exhausted states 47,195 best 33 0.213s | cpu 50m40s wall 51m22s eta~9m31s best 85
  [2311/2738  84.4%] exit 2 R1,U1,U1,U3,L3,D3: exhausted states 2,788 best 24 0.006s | cpu 50m40s wall 51m22s eta~9m29s best 85
  [2312/2738  84.4%] exit 2 R1,U1,U1,U3,L3,L1: exhausted states 3,461 best 20 0.005s | cpu 50m40s wall 51m22s eta~9m27s best 85
  [2313/2738  84.5%] exit 2 R1,U1,U1,U3,L3,L2: exhausted states 156,968 best 45 0.587s | cpu 50m41s wall 51m23s eta~9m26s best 85
  [2314/2738  84.5%] exit 2 R1,U1,U1,R1,U1,U1: exhausted states 14,981 best 33 0.013s | cpu 50m41s wall 51m23s eta~9m24s best 85
  [2315/2738  84.6%] exit 2 R1,U1,U1,R1,U1,U3: exhausted states 16,126 best 33 0.015s | cpu 50m41s wall 51m23s eta~9m23s best 85
  [2316/2738  84.6%] exit 2 R1,U1,U1,R1,U2,U1: exhausted states 17,817 best 33 0.019s | cpu 50m41s wall 51m23s eta~9m21s best 85
  [2317/2738  84.6%] exit 2 R1,U1,U1,R1,U2,U2: exhausted states 16,126 best 33 0.015s | cpu 50m41s wall 51m23s eta~9m20s best 85
  [2318/2738  84.7%] exit 2 R1,U1,U1,R1,U3,U1: exhausted states 17,817 best 33 0.019s | cpu 50m41s wall 51m23s eta~9m18s best 85
  [2319/2738  84.7%] exit 2 R1,U1,U1,R1,U3,U2: exhausted states 16,126 best 33 0.015s | cpu 50m41s wall 51m23s eta~9m17s best 85
  [2320/2738  84.7%] exit 2 R1,U1,U1,R2,U1,U1: exhausted states 77,836 best 38 0.126s | cpu 50m41s wall 51m23s eta~9m15s best 85
  [2321/2738  84.8%] exit 2 R1,U1,U1,R2,U1,U3: exhausted states 494,961 best 55 3.041s | cpu 50m44s wall 51m26s eta~9m14s best 85
  [2322/2738  84.8%] exit 2 R1,U1,U1,R2,U1,L1: exhausted states 108,562 best 38 0.207s | cpu 50m44s wall 51m26s eta~9m13s best 85
  [2323/2738  84.8%] exit 2 R1,U1,U1,R2,U2,U1: exhausted states 106,452 best 38 0.187s | cpu 50m45s wall 51m26s eta~9m11s best 85
  [2324/2738  84.9%] exit 2 R1,U1,U1,R2,U2,U2: exhausted states 125,672 best 40 0.354s | cpu 50m45s wall 51m27s eta~9m09s best 85
  [2325/2738  84.9%] exit 2 R1,U1,U1,R2,U2,L1: exhausted states 122,577 best 38 0.265s | cpu 50m45s wall 51m27s eta~9m08s best 85
  [2326/2738  85.0%] exit 2 R1,U1,U1,R2,U3,U1: exhausted states 98,159 best 38 0.159s | cpu 50m45s wall 51m27s eta~9m06s best 85
  [2327/2738  85.0%] exit 2 R1,U1,U1,R2,U3,U2: exhausted states 106,906 best 40 0.252s | cpu 50m46s wall 51m28s eta~9m05s best 85
  [2328/2738  85.0%] exit 2 R1,U1,U1,R2,U3,L1: exhausted states 96,110 best 34 0.185s | cpu 50m46s wall 51m28s eta~9m03s best 85
  [2329/2738  85.1%] exit 2 R1,U1,U1,R3,U1,U1: exhausted states 14,034 best 33 0.017s | cpu 50m46s wall 51m28s eta~9m02s best 85
  [2330/2738  85.1%] exit 2 R1,U1,U1,R3,U1,U3: exhausted states 110,655 best 46 0.455s | cpu 50m46s wall 51m28s eta~9m00s best 85
  [2331/2738  85.1%] exit 2 R1,U1,U1,R3,U1,L1: exhausted states 47,895 best 33 0.075s | cpu 50m46s wall 51m28s eta~8m59s best 85
  [2332/2738  85.2%] exit 2 R1,U1,U1,R3,U2,U1: exhausted states 14,034 best 33 0.019s | cpu 50m46s wall 51m28s eta~8m57s best 85
  [2333/2738  85.2%] exit 2 R1,U1,U1,R3,U2,U2: exhausted states 37,356 best 46 0.102s | cpu 50m47s wall 51m29s eta~8m56s best 85
  [2334/2738  85.2%] exit 2 R1,U1,U1,R3,U2,L1: exhausted states 47,895 best 33 0.083s | cpu 50m47s wall 51m29s eta~8m54s best 85
  [2335/2738  85.3%] exit 2 R1,U1,U1,R3,U3,U1: exhausted states 14,034 best 33 0.02s | cpu 50m47s wall 51m29s eta~8m53s best 85
  [2336/2738  85.3%] exit 2 R1,U1,U1,R3,U3,U2: exhausted states 37,356 best 46 0.106s | cpu 50m47s wall 51m29s eta~8m51s best 85
  [2337/2738  85.4%] exit 2 R1,U1,U1,R3,U3,L1: exhausted states 47,895 best 33 0.087s | cpu 50m47s wall 51m29s eta~8m50s best 85
  [2338/2738  85.4%] exit 2 R1,U1,U1,L1,U1,U1: exhausted states 516 best 12 0.0s | cpu 50m47s wall 51m29s eta~8m48s best 85
  [2339/2738  85.4%] exit 2 R1,U1,U1,L1,U1,U3: exhausted states 3,558 best 18 0.004s | cpu 50m47s wall 51m29s eta~8m47s best 85
  [2340/2738  85.5%] exit 2 R1,U1,U1,L1,U1,L1: exhausted states 646 best 13 0.001s | cpu 50m47s wall 51m29s eta~8m45s best 85
  [2341/2738  85.5%] exit 2 R1,U1,U1,L1,U1,L2: exhausted states 469 best 12 0.0s | cpu 50m47s wall 51m29s eta~8m43s best 85
  [2342/2738  85.5%] exit 2 R1,U1,U1,L1,U1,L3: exhausted states 703 best 12 0.001s | cpu 50m47s wall 51m29s eta~8m42s best 85
  [2343/2738  85.6%] exit 2 R1,U1,U1,L1,U2,U1: exhausted states 366 best 12 0.0s | cpu 50m47s wall 51m29s eta~8m40s best 85
  [2344/2738  85.6%] exit 2 R1,U1,U1,L1,U2,U2: exhausted states 581 best 12 0.001s | cpu 50m47s wall 51m29s eta~8m39s best 85
  [2345/2738  85.6%] exit 2 R1,U1,U1,L1,U2,L1: exhausted states 766 best 16 0.001s | cpu 50m47s wall 51m29s eta~8m37s best 85
  [2346/2738  85.7%] exit 2 R1,U1,U1,L1,U2,L2: exhausted states 671 best 16 0.001s | cpu 50m47s wall 51m29s eta~8m36s best 85
  [2347/2738  85.7%] exit 2 R1,U1,U1,L1,U2,L3: exhausted states 1,217 best 16 0.001s | cpu 50m47s wall 51m29s eta~8m34s best 85
  [2348/2738  85.8%] exit 2 R1,U1,U1,L1,L1,U1: exhausted states 640 best 13 0.001s | cpu 50m47s wall 51m29s eta~8m33s best 85
  [2349/2738  85.8%] exit 2 R1,U1,U1,L1,L1,U2: exhausted states 727 best 13 0.001s | cpu 50m47s wall 51m29s eta~8m31s best 85
  [2350/2738  85.8%] exit 2 R1,U1,U1,L1,L1,U3: exhausted states 601 best 13 0.001s | cpu 50m47s wall 51m29s eta~8m30s best 85
  [2351/2738  85.9%] exit 2 R1,U1,U1,L1,L1,D1: exhausted states 20 best 8 0.0s | cpu 50m47s wall 51m29s eta~8m28s best 85
  [2352/2738  85.9%] exit 2 R1,U1,U1,L1,L1,D2: exhausted states 1,579 best 15 0.002s | cpu 50m47s wall 51m29s eta~8m27s best 85
  [2353/2738  85.9%] exit 2 R1,U1,U1,L1,L1,D3: exhausted states 919 best 15 0.001s | cpu 50m47s wall 51m29s eta~8m25s best 85
  [2354/2738  86.0%] exit 2 R1,U1,U1,L1,L1,L1: exhausted states 477 best 13 0.001s | cpu 50m47s wall 51m29s eta~8m24s best 85
  [2355/2738  86.0%] exit 2 R1,U1,U1,L1,L1,L3: exhausted states 2,263 best 17 0.002s | cpu 50m47s wall 51m29s eta~8m22s best 85
  [2356/2738  86.0%] exit 2 R1,U1,U1,L1,L3,U1: exhausted states 40,949 best 32 0.127s | cpu 50m47s wall 51m29s eta~8m20s best 85
  [2357/2738  86.1%] exit 2 R1,U1,U1,L1,L3,U2: exhausted states 18,697 best 22 0.023s | cpu 50m47s wall 51m29s eta~8m19s best 85
  [2358/2738  86.1%] exit 2 R1,U1,U1,L1,L3,U3: exhausted states 12,799 best 22 0.016s | cpu 50m47s wall 51m29s eta~8m17s best 85
  [2359/2738  86.2%] exit 2 R1,U1,U1,L1,L3,D1: exhausted states 20 best 8 0.0s | cpu 50m47s wall 51m29s eta~8m16s best 85
  [2360/2738  86.2%] exit 2 R1,U1,U1,L1,L3,D2: exhausted states 52,437 best 31 0.077s | cpu 50m47s wall 51m30s eta~8m14s best 85
  [2361/2738  86.2%] exit 2 R1,U1,U1,L1,L3,D3: exhausted states 7,591 best 19 0.014s | cpu 50m47s wall 51m30s eta~8m13s best 85
  [2362/2738  86.3%] exit 2 R1,U1,U1,L1,L3,L1: exhausted states 5,520 best 20 0.006s | cpu 50m47s wall 51m30s eta~8m11s best 85
  [2363/2738  86.3%] exit 2 R1,U1,U1,L1,L3,L2: exhausted states 105,841 best 30 0.255s | cpu 50m47s wall 51m30s eta~8m10s best 85
  [2364/2738  86.3%] exit 2 R1,U1,U1,L2,U1,U1: exhausted states 96,582 best 44 0.185s | cpu 50m48s wall 51m30s eta~8m08s best 85
  [2365/2738  86.4%] exit 2 R1,U1,U1,L2,U1,U3: exhausted states 47,355 best 39 0.171s | cpu 50m48s wall 51m30s eta~8m07s best 85
  [2366/2738  86.4%] exit 2 R1,U1,U1,L2,U1,R1: exhausted states 109,863 best 42 0.3s | cpu 50m48s wall 51m31s eta~8m06s best 85
  [2367/2738  86.4%] exit 2 R1,U1,U1,L2,U1,R2: exhausted states 117,582 best 42 0.25s | cpu 50m48s wall 51m31s eta~8m04s best 85
  [2368/2738  86.5%] exit 2 R1,U1,U1,L2,U1,R3: exhausted states 11,805 best 34 0.015s | cpu 50m48s wall 51m31s eta~8m03s best 85
  [2369/2738  86.5%] exit 2 R1,U1,U1,L2,U1,L1: exhausted states 1,244 best 20 0.001s | cpu 50m48s wall 51m31s eta~8m01s best 85
  [2370/2738  86.6%] exit 2 R1,U1,U1,L2,U1,L2: exhausted states 18,843 best 32 0.033s | cpu 50m48s wall 51m31s eta~8m00s best 85
  [2371/2738  86.6%] exit 2 R1,U1,U1,L2,U1,L3: exhausted states 1,009 best 15 0.001s | cpu 50m48s wall 51m31s eta~7m58s best 85
  [2372/2738  86.6%] exit 2 R1,U1,U1,L2,U2,U1: exhausted states 5,683 best 30 0.017s | cpu 50m48s wall 51m31s eta~7m57s best 85
  [2373/2738  86.7%] exit 2 R1,U1,U1,L2,U2,U2: exhausted states 1,482 best 20 0.004s | cpu 50m48s wall 51m31s eta~7m55s best 85
  [2374/2738  86.7%] exit 2 R1,U1,U1,L2,U2,R1: exhausted states 12,909 best 28 0.024s | cpu 50m48s wall 51m31s eta~7m54s best 85
  [2375/2738  86.7%] exit 2 R1,U1,U1,L2,U2,R2: exhausted states 23,237 best 30 0.06s | cpu 50m48s wall 51m31s eta~7m52s best 85
  [2376/2738  86.8%] exit 2 R1,U1,U1,L2,U2,R3: exhausted states 1,954 best 20 0.004s | cpu 50m48s wall 51m31s eta~7m51s best 85
  [2377/2738  86.8%] exit 2 R1,U1,U1,L2,U2,L1: exhausted states 1,618 best 20 0.002s | cpu 50m48s wall 51m31s eta~7m49s best 85
  [2378/2738  86.9%] exit 2 R1,U1,U1,L2,U2,L2: exhausted states 14,081 best 30 0.037s | cpu 50m49s wall 51m31s eta~7m48s best 85
  [2379/2738  86.9%] exit 2 R1,U1,U1,L2,U2,L3: exhausted states 3,773 best 23 0.006s | cpu 50m49s wall 51m31s eta~7m46s best 85
  [2380/2738  86.9%] exit 2 R1,U1,U1,L2,L1,U1: exhausted states 27,214 best 38 0.046s | cpu 50m49s wall 51m31s eta~7m45s best 85
  [2381/2738  87.0%] exit 2 R1,U1,U1,L2,L1,U2: exhausted states 12,989 best 24 0.02s | cpu 50m49s wall 51m31s eta~7m43s best 85
  [2382/2738  87.0%] exit 2 R1,U1,U1,L2,L1,U3: exhausted states 6,007 best 24 0.012s | cpu 50m49s wall 51m31s eta~7m42s best 85
  [2383/2738  87.0%] exit 2 R1,U1,U1,L2,L1,D1: exhausted states 20 best 8 0.0s | cpu 50m49s wall 51m31s eta~7m40s best 85
  [2384/2738  87.1%] exit 2 R1,U1,U1,L2,L1,D2: exhausted states 11,567 best 26 0.019s | cpu 50m49s wall 51m31s eta~7m39s best 85
  [2385/2738  87.1%] exit 2 R1,U1,U1,L2,L1,D3: exhausted states 5,419 best 26 0.008s | cpu 50m49s wall 51m32s eta~7m37s best 85
  [2386/2738  87.1%] exit 2 R1,U1,U1,L2,L1,L1: exhausted states 8,757 best 26 0.009s | cpu 50m49s wall 51m32s eta~7m36s best 85
  [2387/2738  87.2%] exit 2 R1,U1,U1,L2,L1,L3: exhausted states 37,405 best 25 0.069s | cpu 50m49s wall 51m32s eta~7m34s best 85
  [2388/2738  87.2%] exit 2 R1,U1,U1,L2,L2,U1: exhausted states 977 best 16 0.001s | cpu 50m49s wall 51m32s eta~7m33s best 85
  [2389/2738  87.3%] exit 2 R1,U1,U1,L2,L2,U2: exhausted states 2,158 best 18 0.003s | cpu 50m49s wall 51m32s eta~7m31s best 85
  [2390/2738  87.3%] exit 2 R1,U1,U1,L2,L2,U3: exhausted states 1,528 best 18 0.002s | cpu 50m49s wall 51m32s eta~7m30s best 85
  [2391/2738  87.3%] exit 2 R1,U1,U1,L2,L2,D1: exhausted states 20 best 8 0.0s | cpu 50m49s wall 51m32s eta~7m28s best 85
  [2392/2738  87.4%] exit 2 R1,U1,U1,L2,L2,D2: exhausted states 6,343 best 26 0.007s | cpu 50m49s wall 51m32s eta~7m27s best 85
  [2393/2738  87.4%] exit 2 R1,U1,U1,L2,L2,D3: exhausted states 535 best 14 0.001s | cpu 50m49s wall 51m32s eta~7m25s best 85
  [2394/2738  87.4%] exit 2 R1,U1,U1,L2,L2,L1: exhausted states 339 best 12 0.0s | cpu 50m49s wall 51m32s eta~7m24s best 85
  [2395/2738  87.5%] exit 2 R1,U1,U1,L2,L2,L2: exhausted states 617 best 12 0.001s | cpu 50m49s wall 51m32s eta~7m22s best 85
  [2396/2738  87.5%] exit 2 R1,U1,U1,L3,U1,U1: exhausted states 492 best 12 0.001s | cpu 50m49s wall 51m32s eta~7m21s best 85
  [2397/2738  87.5%] exit 2 R1,U1,U1,L3,U1,U3: exhausted states 11,513 best 29 0.016s | cpu 50m49s wall 51m32s eta~7m19s best 85
  [2398/2738  87.6%] exit 2 R1,U1,U1,L3,U1,R1: exhausted states 1,118 best 16 0.001s | cpu 50m49s wall 51m32s eta~7m18s best 85
  [2399/2738  87.6%] exit 2 R1,U1,U1,L3,U1,R2: exhausted states 3,639 best 16 0.004s | cpu 50m49s wall 51m32s eta~7m16s best 85
  [2400/2738  87.7%] exit 2 R1,U1,U1,L3,U1,R3: exhausted states 1,881 best 14 0.002s | cpu 50m49s wall 51m32s eta~7m15s best 85
  [2401/2738  87.7%] exit 2 R1,U1,U1,L3,U1,L1: exhausted states 574 best 14 0.001s | cpu 50m49s wall 51m32s eta~7m14s best 85
  [2402/2738  87.7%] exit 2 R1,U1,U1,L3,U1,L2: exhausted states 2,725 best 18 0.003s | cpu 50m49s wall 51m32s eta~7m12s best 85
  [2403/2738  87.8%] exit 2 R1,U1,U1,L3,U1,L3: exhausted states 559 best 12 0.001s | cpu 50m49s wall 51m32s eta~7m11s best 85
  [2404/2738  87.8%] exit 2 R1,U1,U1,L3,U2,U1: exhausted states 342 best 12 0.0s | cpu 50m49s wall 51m32s eta~7m09s best 85
  [2405/2738  87.8%] exit 2 R1,U1,U1,L3,U2,U2: exhausted states 572 best 12 0.001s | cpu 50m49s wall 51m32s eta~7m08s best 85
  [2406/2738  87.9%] exit 2 R1,U1,U1,L3,U2,R1: exhausted states 1,161 best 16 0.002s | cpu 50m49s wall 51m32s eta~7m06s best 85
  [2407/2738  87.9%] exit 2 R1,U1,U1,L3,U2,R2: exhausted states 6,112 best 26 0.009s | cpu 50m49s wall 51m32s eta~7m05s best 85
  [2408/2738  87.9%] exit 2 R1,U1,U1,L3,U2,R3: exhausted states 538 best 14 0.001s | cpu 50m49s wall 51m32s eta~7m03s best 85
  [2409/2738  88.0%] exit 2 R1,U1,U1,L3,U2,L1: exhausted states 948 best 16 0.001s | cpu 50m49s wall 51m32s eta~7m02s best 85
  [2410/2738  88.0%] exit 2 R1,U1,U1,L3,U2,L2: exhausted states 2,147 best 20 0.003s | cpu 50m49s wall 51m32s eta~7m00s best 85
  [2411/2738  88.1%] exit 2 R1,U1,U1,L3,U2,L3: exhausted states 1,523 best 19 0.002s | cpu 50m49s wall 51m32s eta~6m59s best 85
  [2412/2738  88.1%] exit 2 R1,U1,U1,L3,L1,U1: exhausted states 604 best 14 0.001s | cpu 50m49s wall 51m32s eta~6m57s best 85
  [2413/2738  88.1%] exit 2 R1,U1,U1,L3,L1,U2: exhausted states 691 best 14 0.001s | cpu 50m49s wall 51m32s eta~6m56s best 85
  [2414/2738  88.2%] exit 2 R1,U1,U1,L3,L1,U3: exhausted states 565 best 14 0.001s | cpu 50m49s wall 51m32s eta~6m55s best 85
  [2415/2738  88.2%] exit 2 R1,U1,U1,L3,L1,D1: exhausted states 20 best 8 0.0s | cpu 50m49s wall 51m32s eta~6m53s best 85
  [2416/2738  88.2%] exit 2 R1,U1,U1,L3,L1,D2: exhausted states 1,759 best 16 0.002s | cpu 50m49s wall 51m32s eta~6m52s best 85
  [2417/2738  88.3%] exit 2 R1,U1,U1,L3,L1,D3: exhausted states 1,039 best 16 0.001s | cpu 50m49s wall 51m32s eta~6m50s best 85
  [2418/2738  88.3%] exit 2 R1,U1,U1,L3,L1,L1: exhausted states 561 best 14 0.001s | cpu 50m49s wall 51m32s eta~6m49s best 85
  [2419/2738  88.3%] exit 2 R1,U1,U1,L3,L1,L3: exhausted states 5,392 best 21 0.007s | cpu 50m49s wall 51m32s eta~6m47s best 85
  [2420/2738  88.4%] exit 2 R1,U1,U1,L3,L2,U1: exhausted states 1,047 best 17 0.001s | cpu 50m49s wall 51m32s eta~6m46s best 85
  [2421/2738  88.4%] exit 2 R1,U1,U1,L3,L2,U2: exhausted states 2,240 best 18 0.002s | cpu 50m49s wall 51m32s eta~6m44s best 85
  [2422/2738  88.5%] exit 2 R1,U1,U1,L3,L2,U3: exhausted states 1,610 best 18 0.002s | cpu 50m49s wall 51m32s eta~6m43s best 85
  [2423/2738  88.5%] exit 2 R1,U1,U1,L3,L2,D1: exhausted states 20 best 8 0.0s | cpu 50m49s wall 51m32s eta~6m42s best 85
  [2424/2738  88.5%] exit 2 R1,U1,U1,L3,L2,D2: exhausted states 6,767 best 27 0.007s | cpu 50m49s wall 51m32s eta~6m40s best 85
  [2425/2738  88.6%] exit 2 R1,U1,U1,L3,L2,D3: exhausted states 583 best 15 0.001s | cpu 50m49s wall 51m32s eta~6m39s best 85
  [2426/2738  88.6%] exit 2 R1,U1,U1,L3,L2,L1: exhausted states 363 best 13 0.0s | cpu 50m49s wall 51m32s eta~6m37s best 85
  [2427/2738  88.6%] exit 2 R1,U1,U1,L3,L2,L2: exhausted states 677 best 13 0.001s | cpu 50m49s wall 51m32s eta~6m36s best 85
  [2428/2738  88.7%] exit 2 R1,U1,U3,U1,U1,R1: exhausted states 3 best 6 0.0s | cpu 50m49s wall 51m32s eta~6m34s best 85
  [2429/2738  88.7%] exit 2 R1,U1,U3,U1,U1,R2: exhausted states 2 best 6 0.0s | cpu 50m49s wall 51m32s eta~6m33s best 85
  [2430/2738  88.8%] exit 2 R1,U1,U3,U1,U1,R3: exhausted states 2 best 6 0.0s | cpu 50m49s wall 51m32s eta~6m32s best 85
  [2431/2738  88.8%] exit 2 R1,U1,U3,U1,U1,L1: exhausted states 4,216 best 22 0.004s | cpu 50m49s wall 51m32s eta~6m30s best 85
  [2432/2738  88.8%] exit 2 R1,U1,U3,U1,U1,L2: exhausted states 3,257 best 20 0.003s | cpu 50m49s wall 51m32s eta~6m29s best 85
  [2433/2738  88.9%] exit 2 R1,U1,U3,U1,U1,L3: exhausted states 3,257 best 20 0.004s | cpu 50m49s wall 51m32s eta~6m27s best 85
  [2434/2738  88.9%] exit 2 R1,U1,U3,U1,U3,R1: exhausted states 25 best 10 0.0s | cpu 50m49s wall 51m32s eta~6m26s best 85
  [2435/2738  88.9%] exit 2 R1,U1,U3,U1,U3,R2: exhausted states 24 best 10 0.0s | cpu 50m49s wall 51m32s eta~6m24s best 85
  [2436/2738  89.0%] exit 2 R1,U1,U3,U1,U3,R3: exhausted states 24 best 10 0.0s | cpu 50m49s wall 51m33s eta~6m23s best 85
  [2437/2738  89.0%] exit 2 R1,U1,U3,U1,U3,L1: exhausted states 522,477 best 46 2.728s | cpu 50m52s wall 51m35s eta~6m22s best 85
  [2438/2738  89.0%] exit 2 R1,U1,U3,U1,U3,L2: exhausted states 77,260 best 36 0.439s | cpu 50m52s wall 51m36s eta~6m20s best 85
  [2439/2738  89.1%] exit 2 R1,U1,U3,U1,U3,L3: exhausted states 60,873 best 36 0.338s | cpu 50m52s wall 51m36s eta~6m19s best 85
  [2440/2738  89.1%] exit 2 R1,U1,U3,U1,R1,U1: exhausted states 3 best 6 0.0s | cpu 50m52s wall 51m36s eta~6m18s best 85
  [2441/2738  89.2%] exit 2 R1,U1,U3,U1,R1,U2: exhausted states 2 best 6 0.0s | cpu 50m52s wall 51m36s eta~6m16s best 85
  [2442/2738  89.2%] exit 2 R1,U1,U3,U1,R1,U3: exhausted states 2 best 6 0.0s | cpu 50m52s wall 51m36s eta~6m15s best 85
  [2443/2738  89.2%] exit 2 R1,U1,U3,U1,R2,U1: exhausted states 18,102 best 33 0.027s | cpu 50m52s wall 51m36s eta~6m13s best 85
  [2444/2738  89.3%] exit 2 R1,U1,U3,U1,R2,U2: exhausted states 18,015 best 33 0.024s | cpu 50m52s wall 51m36s eta~6m12s best 85
  [2445/2738  89.3%] exit 2 R1,U1,U3,U1,R2,U3: exhausted states 16,609 best 33 0.024s | cpu 50m52s wall 51m36s eta~6m11s best 85
  [2446/2738  89.3%] exit 2 R1,U1,U3,U1,R3,U1: exhausted states 6,311 best 26 0.011s | cpu 50m52s wall 51m36s eta~6m09s best 85
  [2447/2738  89.4%] exit 2 R1,U1,U3,U1,R3,U2: exhausted states 5,950 best 26 0.009s | cpu 50m52s wall 51m36s eta~6m08s best 85
  [2448/2738  89.4%] exit 2 R1,U1,U3,U1,R3,U3: exhausted states 5,950 best 26 0.013s | cpu 50m52s wall 51m36s eta~6m06s best 85
  [2449/2738  89.4%] exit 2 R1,U1,U3,U1,L1,U1: exhausted states 862 best 13 0.001s | cpu 50m52s wall 51m36s eta~6m05s best 85
  [2450/2738  89.5%] exit 2 R1,U1,U3,U1,L1,U2: exhausted states 822 best 12 0.001s | cpu 50m52s wall 51m36s eta~6m04s best 85
  [2451/2738  89.5%] exit 2 R1,U1,U3,U1,L1,U3: exhausted states 3,424 best 18 0.005s | cpu 50m52s wall 51m36s eta~6m02s best 85
  [2452/2738  89.6%] exit 2 R1,U1,U3,U1,L1,L1: exhausted states 2,644 best 17 0.004s | cpu 50m52s wall 51m36s eta~6m01s best 85
  [2453/2738  89.6%] exit 2 R1,U1,U3,U1,L1,L3: exhausted states 18,031 best 31 0.033s | cpu 50m52s wall 51m36s eta~5m59s best 85
  [2454/2738  89.6%] exit 2 R1,U1,U3,U1,L2,U1: exhausted states 19,875 best 37 0.035s | cpu 50m52s wall 51m37s eta~5m58s best 85
  [2455/2738  89.7%] exit 2 R1,U1,U3,U1,L2,U2: exhausted states 2,596 best 18 0.004s | cpu 50m52s wall 51m37s eta~5m57s best 85
  [2456/2738  89.7%] exit 2 R1,U1,U3,U1,L2,U3: exhausted states 3,462 best 18 0.004s | cpu 50m52s wall 51m37s eta~5m55s best 85
  [2457/2738  89.7%] exit 2 R1,U1,U3,U1,L2,L1: exhausted states 7,016 best 24 0.013s | cpu 50m53s wall 51m37s eta~5m54s best 85
  [2458/2738  89.8%] exit 2 R1,U1,U3,U1,L2,L2: exhausted states 2,418 best 17 0.003s | cpu 50m53s wall 51m37s eta~5m52s best 85
  [2459/2738  89.8%] exit 2 R1,U1,U3,U1,L3,U1: exhausted states 870 best 13 0.001s | cpu 50m53s wall 51m37s eta~5m51s best 85
  [2460/2738  89.8%] exit 2 R1,U1,U3,U1,L3,U2: exhausted states 1,160 best 12 0.001s | cpu 50m53s wall 51m37s eta~5m50s best 85
  [2461/2738  89.9%] exit 2 R1,U1,U3,U1,L3,U3: exhausted states 3,432 best 18 0.004s | cpu 50m53s wall 51m37s eta~5m48s best 85
  [2462/2738  89.9%] exit 2 R1,U1,U3,U1,L3,L1: exhausted states 3,256 best 18 0.004s | cpu 50m53s wall 51m37s eta~5m47s best 85
  [2463/2738  90.0%] exit 2 R1,U1,U3,U1,L3,L2: exhausted states 2,418 best 17 0.003s | cpu 50m53s wall 51m37s eta~5m45s best 85
  [2464/2738  90.0%] exit 2 R1,U1,U3,U2,U1,R1: exhausted states 3 best 6 0.0s | cpu 50m53s wall 51m37s eta~5m44s best 85
  [2465/2738  90.0%] exit 2 R1,U1,U3,U2,U1,R2: exhausted states 2 best 6 0.0s | cpu 50m53s wall 51m37s eta~5m43s best 85
  [2466/2738  90.1%] exit 2 R1,U1,U3,U2,U1,R3: exhausted states 2 best 6 0.0s | cpu 50m53s wall 51m37s eta~5m41s best 85
  [2467/2738  90.1%] exit 2 R1,U1,U3,U2,U1,L1: exhausted states 8,460,706 best 81 118.158s | cpu 52m51s wall 53m35s eta~5m53s best 85
  [2468/2738  90.1%] exit 2 R1,U1,U3,U2,U1,L2: exhausted states 2,433,519 best 74 33.099s | cpu 53m24s wall 54m08s eta~5m55s best 85
  [2469/2738  90.2%] exit 2 R1,U1,U3,U2,U1,L3: exhausted states 170,081 best 44 1.292s | cpu 53m25s wall 54m09s eta~5m54s best 85
  [2470/2738  90.2%] exit 2 R1,U1,U3,U2,U2,R1: exhausted states 3,584,222 best 68 64.747s | cpu 54m30s wall 55m14s eta~5m59s best 85
  [2471/2738  90.2%] exit 2 R1,U1,U3,U2,U2,R2: exhausted states 3,300,508 best 60 51.726s | cpu 55m22s wall 56m06s eta~6m03s best 85
  [2472/2738  90.3%] exit 2 R1,U1,U3,U2,U2,R3: exhausted states 344,722 best 48 2.822s | cpu 55m24s wall 56m09s eta~6m02s best 85
  [2473/2738  90.3%] exit 2 R1,U1,U3,U2,U2,L1: exhausted states 25,768,657 best 83 467.636s | cpu 1h03m wall 1h03m eta~6m51s best 85
  [2474/2738  90.4%] exit 2 R1,U1,U3,U2,U2,L2: exhausted states 9,472,685 best 65 201.24s | cpu 1h06m wall 1h07m eta~7m10s best 85
  [2475/2738  90.4%] exit 2 R1,U1,U3,U2,U2,L3: exhausted states 1,767,608 best 54 20.582s | cpu 1h06m wall 1h07m eta~7m11s best 85
  [2476/2738  90.4%] exit 2 R1,U1,U3,U2,R1,U1: exhausted states 3 best 6 0.0s | cpu 1h06m wall 1h07m eta~7m09s best 85
  [2477/2738  90.5%] exit 2 R1,U1,U3,U2,R1,U2: exhausted states 2 best 6 0.0s | cpu 1h06m wall 1h07m eta~7m07s best 85
  [2478/2738  90.5%] exit 2 R1,U1,U3,U2,R1,U3: exhausted states 2 best 6 0.0s | cpu 1h06m wall 1h07m eta~7m05s best 85
  [2479/2738  90.5%] exit 2 R1,U1,U3,U2,R1,D1: exhausted states 368,231 best 44 0.783s | cpu 1h06m wall 1h07m eta~7m04s best 85
  [2480/2738  90.6%] exit 2 R1,U1,U3,U2,R1,D2: exhausted states 27 best 10 0.0s | cpu 1h06m wall 1h07m eta~7m02s best 85
  [2481/2738  90.6%] exit 2 R1,U1,U3,U2,R1,D3: exhausted states 27 best 10 0.0s | cpu 1h06m wall 1h07m eta~7m00s best 85
  [2482/2738  90.7%] exit 2 R1,U1,U3,U2,R2,U1: exhausted states 7,668,097 best 74 104.534s | cpu 1h08m wall 1h09m eta~7m09s best 85
  [2483/2738  90.7%] exit 2 R1,U1,U3,U2,R2,U2: exhausted states 544,139 best 42 4.078s | cpu 1h08m wall 1h09m eta~7m08s best 85
  [2484/2738  90.7%] exit 2 R1,U1,U3,U2,R2,U3: exhausted states 312,400 best 42 1.257s | cpu 1h08m wall 1h09m eta~7m06s best 85
  [2485/2738  90.8%] exit 2 R1,U1,U3,U2,R2,D1: exhausted states 51,510 best 30 0.113s | cpu 1h08m wall 1h09m eta~7m04s best 85
  [2486/2738  90.8%] exit 2 R1,U1,U3,U2,R2,D2: exhausted states 27 best 10 0.0s | cpu 1h08m wall 1h09m eta~7m02s best 85
  [2487/2738  90.8%] exit 2 R1,U1,U3,U2,R2,D3: exhausted states 27 best 10 0.0s | cpu 1h08m wall 1h09m eta~7m00s best 85
  [2488/2738  90.9%] exit 2 R1,U1,U3,U2,R3,U1: exhausted states 26,883 best 28 0.09s | cpu 1h08m wall 1h09m eta~6m58s best 85
  [2489/2738  90.9%] exit 2 R1,U1,U3,U2,R3,U2: exhausted states 28,628 best 28 0.122s | cpu 1h08m wall 1h09m eta~6m57s best 85
  [2490/2738  90.9%] exit 2 R1,U1,U3,U2,R3,U3: exhausted states 22,828 best 28 0.065s | cpu 1h08m wall 1h09m eta~6m55s best 85
  [2491/2738  91.0%] exit 2 R1,U1,U3,U2,R3,D1: exhausted states 20,898 best 30 0.03s | cpu 1h08m wall 1h09m eta~6m53s best 85
  [2492/2738  91.0%] exit 2 R1,U1,U3,U2,R3,D2: exhausted states 27 best 10 0.0s | cpu 1h08m wall 1h09m eta~6m51s best 85
  [2493/2738  91.1%] exit 2 R1,U1,U3,U2,R3,D3: exhausted states 27 best 10 0.0s | cpu 1h08m wall 1h09m eta~6m49s best 85
  [2494/2738  91.1%] exit 2 R1,U1,U3,U2,L1,U1: exhausted states 862 best 13 0.001s | cpu 1h08m wall 1h09m eta~6m47s best 85
  [2495/2738  91.1%] exit 2 R1,U1,U3,U2,L1,U2: exhausted states 3,804,943 best 74 67.131s | cpu 1h09m wall 1h10m eta~6m52s best 85
  [2496/2738  91.2%] exit 2 R1,U1,U3,U2,L1,U3: exhausted states 2,958 best 18 0.003s | cpu 1h09m wall 1h10m eta~6m50s best 85
